{
  "notes": {
    "domain_of_validity": "QFT detector thermality on fixed de Sitter background; static-patch vacuum vs Bunch\u2013Davies vacuum compared operationally via detailed balance.",
    "key_formulas": {
      "H": "H = sqrt(\u039b/3)",
      "detailed_balance": "R_abs/R_emit = exp(-\u03c9/T_loc) (thermal state)",
      "horizon": "r_H = 1/H = sqrt(3/\u039b)",
      "local_temperature": "T_loc = T_dS / \u03c7(r) (Bunch\u2013Davies)",
      "redshift": "\u03c7(r)=sqrt(1 - H^2 r^2)",
      "temperature": "T_dS = H/(2\u03c0)"
    },
    "pressure_point": "In de Sitter, horizon thermality is not black-hole-specific and is not purely geometric: particle content depends on observer (location/redshift) and on vacuum choice (Bunch\u2013Davies vs static patch)."
  },
  "observables": {
    "summary": {
      "horizon_radius_r_H": 10.0,
      "max_bunch_davies_local_temperature_over_samples": 0.01837762984739307,
      "note": "Bunch\u2013Davies appears thermal to static observers with redshifted T_loc; static vacuum is non-thermal for the same detector.",
      "temperature_global_T_dS": 0.015915494309189534
    }
  },
  "parameters": {
    "H": 0.1,
    "Lambda": 0.03,
    "conventions": "\u0127 = k_B = 1; G=c=1",
    "detector_gap_omegas": [
      0.25,
      0.5,
      1.0
    ],
    "observer_r_samples": [
      0.0,
      2.0,
      4.0,
      5.0
    ]
  },
  "sample_points": [
    {
      "causal_structure": {
        "horizon_radius_r_H": 10.0,
        "note": "Static coordinates cover r<r_H. Horizon thermality persists even with constant curvature invariants.",
        "region": "static_patch (r<r_H)"
      },
      "coordinates": {
        "phi": null,
        "r": 0.0,
        "t": null,
        "theta": null
      },
      "curvature_invariants": {
        "kretschmann": 0.0024,
        "note": "de Sitter has constant scalar invariants; observer-dependence here is not due to curvature gradients.",
        "ricci_scalar": 0.12
      },
      "local_observables": {
        "H": 0.1,
        "Lambda": 0.03,
        "chi_redshift_factor": 1.0,
        "temperature_global_T_dS": 0.015915494309189534,
        "vacua": {
          "bunch_davies": {
            "detector_detailed_balance_ratio_Rabs_over_Remit": {
              "0.25": 1.5070172753900654e-07,
              "0.5": 2.2711010683240965e-14,
              "1.0": 5.157900062542853e-28
            },
            "particle_content_detected": "thermal",
            "temperature_local": 0.015915494309189534,
            "vacuum_state": "bunch_davies (de Sitter invariant)"
          },
          "static_patch_vacuum": {
            "detector_detailed_balance_ratio_Rabs_over_Remit": {
              "0.25": 0.0,
              "0.5": 0.0,
              "1.0": 0.0
            },
            "note": "Idealized: stationary detector defines particles with respect to static time; absorption suppressed in this vacuum.",
            "particle_content_detected": "none",
            "temperature_local": 0.0,
            "vacuum_state": "static_patch_vacuum (positive frequency w.r.t. \u2202_t)"
          }
        }
      }
    },
    {
      "causal_structure": {
        "horizon_radius_r_H": 10.0,
        "note": "Static coordinates cover r<r_H. Horizon thermality persists even with constant curvature invariants.",
        "region": "static_patch (r<r_H)"
      },
      "coordinates": {
        "phi": null,
        "r": 2.0,
        "t": null,
        "theta": null
      },
      "curvature_invariants": {
        "kretschmann": 0.0024,
        "note": "de Sitter has constant scalar invariants; observer-dependence here is not due to curvature gradients.",
        "ricci_scalar": 0.12
      },
      "local_observables": {
        "H": 0.1,
        "Lambda": 0.03,
        "chi_redshift_factor": 0.9797958971132712,
        "temperature_global_T_dS": 0.015915494309189534,
        "vacua": {
          "bunch_davies": {
            "detector_detailed_balance_ratio_Rabs_over_Remit": {
              "0.25": 2.0698946018824206e-07,
              "0.5": 4.2844636629019847e-14,
              "1.0": 1.835662887872749e-27
            },
            "particle_content_detected": "thermal",
            "temperature_local": 0.016243683359034918,
            "vacuum_state": "bunch_davies (de Sitter invariant)"
          },
          "static_patch_vacuum": {
            "detector_detailed_balance_ratio_Rabs_over_Remit": {
              "0.25": 0.0,
              "0.5": 0.0,
              "1.0": 0.0
            },
            "note": "Idealized: stationary detector defines particles with respect to static time; absorption suppressed in this vacuum.",
            "particle_content_detected": "none",
            "temperature_local": 0.0,
            "vacuum_state": "static_patch_vacuum (positive frequency w.r.t. \u2202_t)"
          }
        }
      }
    },
    {
      "causal_structure": {
        "horizon_radius_r_H": 10.0,
        "note": "Static coordinates cover r<r_H. Horizon thermality persists even with constant curvature invariants.",
        "region": "static_patch (r<r_H)"
      },
      "coordinates": {
        "phi": null,
        "r": 4.0,
        "t": null,
        "theta": null
      },
      "curvature_invariants": {
        "kretschmann": 0.0024,
        "note": "de Sitter has constant scalar invariants; observer-dependence here is not due to curvature gradients.",
        "ricci_scalar": 0.12
      },
      "local_observables": {
        "H": 0.1,
        "Lambda": 0.03,
        "chi_redshift_factor": 0.916515138991168,
        "temperature_global_T_dS": 0.015915494309189534,
        "vacua": {
          "bunch_davies": {
            "detector_detailed_balance_ratio_Rabs_over_Remit": {
              "0.25": 5.592964749257983e-07,
              "0.5": 3.1281254686442423e-13,
              "1.0": 9.785168947580759e-26
            },
            "particle_content_detected": "thermal",
            "temperature_local": 0.017365227951071417,
            "vacuum_state": "bunch_davies (de Sitter invariant)"
          },
          "static_patch_vacuum": {
            "detector_detailed_balance_ratio_Rabs_over_Remit": {
              "0.25": 0.0,
              "0.5": 0.0,
              "1.0": 0.0
            },
            "note": "Idealized: stationary detector defines particles with respect to static time; absorption suppressed in this vacuum.",
            "particle_content_detected": "none",
            "temperature_local": 0.0,
            "vacuum_state": "static_patch_vacuum (positive frequency w.r.t. \u2202_t)"
          }
        }
      }
    },
    {
      "causal_structure": {
        "horizon_radius_r_H": 10.0,
        "note": "Static coordinates cover r<r_H. Horizon thermality persists even with constant curvature invariants.",
        "region": "static_patch (r<r_H)"
      },
      "coordinates": {
        "phi": null,
        "r": 5.0,
        "t": null,
        "theta": null
      },
      "curvature_invariants": {
        "kretschmann": 0.0024,
        "note": "de Sitter has constant scalar invariants; observer-dependence here is not due to curvature gradients.",
        "ricci_scalar": 0.12
      },
      "local_observables": {
        "H": 0.1,
        "Lambda": 0.03,
        "chi_redshift_factor": 0.8660254037844386,
        "temperature_global_T_dS": 0.015915494309189534,
        "vacua": {
          "bunch_davies": {
            "detector_detailed_balance_ratio_Rabs_over_Remit": {
              "0.25": 1.2361668306828459e-06,
              "0.5": 1.5281084332804717e-12,
              "1.0": 2.3351153838628977e-24
            },
            "particle_content_detected": "thermal",
            "temperature_local": 0.01837762984739307,
            "vacuum_state": "bunch_davies (de Sitter invariant)"
          },
          "static_patch_vacuum": {
            "detector_detailed_balance_ratio_Rabs_over_Remit": {
              "0.25": 0.0,
              "0.5": 0.0,
              "1.0": 0.0
            },
            "note": "Idealized: stationary detector defines particles with respect to static time; absorption suppressed in this vacuum.",
            "particle_content_detected": "none",
            "temperature_local": 0.0,
            "vacuum_state": "static_patch_vacuum (positive frequency w.r.t. \u2202_t)"
          }
        }
      }
    }
  ],
  "spacetime": "de Sitter static patch (\u039b>0): horizon thermality and vacuum/observer dependence",
  "theory": "General Relativity (de Sitter) + QFT detector thermality (vacuum-dependent)",
  "toy_id": "071",
  "units": {
    "G": 1,
    "c": 1
  }
}