{
  "notes": {
    "common_fields_compared": [
      "kretschmann_K",
      "ricci_scalar_R",
      "horizon_radius_2M"
    ],
    "purpose": "Load two toy JSON outputs and compute conservative diffs over common quantities. Used for regression testing and theory comparisons.",
    "required_top_level_keys": [
      "toy_id",
      "theory",
      "spacetime",
      "units",
      "parameters",
      "notes",
      "sample_points",
      "observables"
    ]
  },
  "observables": {
    "summary": {
      "matched_sample_points": 7,
      "numeric_checks": 0,
      "numeric_failures": 0,
      "overall_pass": false,
      "payload_horizon_comparison": {
        "a": 2.0,
        "abs_error": 0.020000000000000018,
        "b": 2.02,
        "compared": true,
        "pass": false,
        "rel_error": 0.010000000000000009,
        "tolerances": {
          "abs": 1e-12,
          "rel": 1e-12
        }
      },
      "schema_missing_a": [],
      "schema_missing_b": [],
      "unmatched_sample_points": 0
    }
  },
  "parameters": {
    "file_a": "toy_041_M1.0.json",
    "file_b": "toy_041_M1.01.json",
    "tol_abs": 1e-12,
    "tol_rel": 1e-12
  },
  "sample_points": [
    {
      "causal_structure": {},
      "coordinates": {
        "r": 0.75
      },
      "curvature_invariants": {
        "field_diffs": {
          "horizon_radius_2M": {
            "a": null,
            "b": null,
            "compared": false,
            "reason": "missing_or_non_numeric"
          },
          "kretschmann_K": {
            "a": null,
            "b": null,
            "compared": false,
            "reason": "missing_or_non_numeric"
          },
          "ricci_scalar_R": {
            "a": null,
            "b": null,
            "compared": false,
            "reason": "missing_or_non_numeric"
          }
        }
      },
      "local_observables": {
        "alignment": {
          "matched": true
        }
      }
    },
    {
      "causal_structure": {},
      "coordinates": {
        "r": 1.0
      },
      "curvature_invariants": {
        "field_diffs": {
          "horizon_radius_2M": {
            "a": null,
            "b": null,
            "compared": false,
            "reason": "missing_or_non_numeric"
          },
          "kretschmann_K": {
            "a": null,
            "b": null,
            "compared": false,
            "reason": "missing_or_non_numeric"
          },
          "ricci_scalar_R": {
            "a": null,
            "b": null,
            "compared": false,
            "reason": "missing_or_non_numeric"
          }
        }
      },
      "local_observables": {
        "alignment": {
          "matched": true
        }
      }
    },
    {
      "causal_structure": {},
      "coordinates": {
        "r": 1.5
      },
      "curvature_invariants": {
        "field_diffs": {
          "horizon_radius_2M": {
            "a": null,
            "b": null,
            "compared": false,
            "reason": "missing_or_non_numeric"
          },
          "kretschmann_K": {
            "a": null,
            "b": null,
            "compared": false,
            "reason": "missing_or_non_numeric"
          },
          "ricci_scalar_R": {
            "a": null,
            "b": null,
            "compared": false,
            "reason": "missing_or_non_numeric"
          }
        }
      },
      "local_observables": {
        "alignment": {
          "matched": true
        }
      }
    },
    {
      "causal_structure": {},
      "coordinates": {
        "r": 2.0
      },
      "curvature_invariants": {
        "field_diffs": {
          "horizon_radius_2M": {
            "a": null,
            "b": null,
            "compared": false,
            "reason": "missing_or_non_numeric"
          },
          "kretschmann_K": {
            "a": null,
            "b": null,
            "compared": false,
            "reason": "missing_or_non_numeric"
          },
          "ricci_scalar_R": {
            "a": null,
            "b": null,
            "compared": false,
            "reason": "missing_or_non_numeric"
          }
        }
      },
      "local_observables": {
        "alignment": {
          "matched": true
        }
      }
    },
    {
      "causal_structure": {},
      "coordinates": {
        "r": 2.5
      },
      "curvature_invariants": {
        "field_diffs": {
          "horizon_radius_2M": {
            "a": null,
            "b": null,
            "compared": false,
            "reason": "missing_or_non_numeric"
          },
          "kretschmann_K": {
            "a": null,
            "b": null,
            "compared": false,
            "reason": "missing_or_non_numeric"
          },
          "ricci_scalar_R": {
            "a": null,
            "b": null,
            "compared": false,
            "reason": "missing_or_non_numeric"
          }
        }
      },
      "local_observables": {
        "alignment": {
          "matched": true
        }
      }
    },
    {
      "causal_structure": {},
      "coordinates": {
        "r": 5.0
      },
      "curvature_invariants": {
        "field_diffs": {
          "horizon_radius_2M": {
            "a": null,
            "b": null,
            "compared": false,
            "reason": "missing_or_non_numeric"
          },
          "kretschmann_K": {
            "a": null,
            "b": null,
            "compared": false,
            "reason": "missing_or_non_numeric"
          },
          "ricci_scalar_R": {
            "a": null,
            "b": null,
            "compared": false,
            "reason": "missing_or_non_numeric"
          }
        }
      },
      "local_observables": {
        "alignment": {
          "matched": true
        }
      }
    },
    {
      "causal_structure": {},
      "coordinates": {
        "r": 10.0
      },
      "curvature_invariants": {
        "field_diffs": {
          "horizon_radius_2M": {
            "a": null,
            "b": null,
            "compared": false,
            "reason": "missing_or_non_numeric"
          },
          "kretschmann_K": {
            "a": null,
            "b": null,
            "compared": false,
            "reason": "missing_or_non_numeric"
          },
          "ricci_scalar_R": {
            "a": null,
            "b": null,
            "compared": false,
            "reason": "missing_or_non_numeric"
          }
        }
      },
      "local_observables": {
        "alignment": {
          "matched": true
        }
      }
    }
  ],
  "spacetime": "Cross-toy JSON comparator",
  "theory": "GR Toy Lab Harness",
  "toy_id": "050",
  "units": {
    "G": 1,
    "c": 1
  }
}