{
  "notes": {
    "domain_of_validity": "Exact within the Morris\u2013Thorne ansatz. Matter content is whatever T_{\u03bc\u03bd} results from the chosen \u03a6 and b; no microphysical model is supplied.",
    "key_formulas": {
      "NEC_radial": "\u03c1 + p_r",
      "b": "b(r)=r0^2/r, b'(r)=-r0^2/r^2",
      "embedding": "z(r)=\u00b1 r0 arcosh(r/r0)",
      "p_r": "p_r = -(1/8\u03c0) b(r)/r^3 (for \u03a6=0)",
      "p_t": "p_t = (1/16\u03c0) [b - b'r]/r^3 (for \u03a6=0)",
      "proper_distance": "l(r)=\u00b1sqrt(r^2-r0^2)",
      "rho": "\u03c1 = (1/8\u03c0) b'(r)/r^2"
    },
    "pressure_point": "Traversability in GR can require explicit energy-condition violation. This toy computes \u03c1, p_r, p_t and shows NEC_radial = \u03c1 + p_r < 0."
  },
  "observables": {
    "throat": {
      "b_r0": 1.0,
      "bprime_r0": -1.0,
      "flare_out_bprime_lt_1": true,
      "r0": 1.0
    }
  },
  "parameters": {
    "Phi_choice": "0",
    "b_choice": "r0^2/r",
    "r0": 1.0
  },
  "sample_points": [
    {
      "causal_structure": {
        "horizon": null,
        "notes": "With \u03a6=0, there is no redshift divergence (no horizon). Traversability hinges on exotic matter: NEC violation is explicit in \u03c1+p_r.",
        "radial_null_cone_dr_dt": null,
        "static_observers": true
      },
      "coordinates": {
        "phi": null,
        "r": 1.0,
        "t": null,
        "theta": null
      },
      "curvature_invariants": {
        "kretschmann": null,
        "note": "This toy emphasizes stress-energy + energy conditions; invariants left null.",
        "ricci_scalar": null
      },
      "local_observables": {
        "energy_conditions": {
          "NEC_radial_rho_plus_p_r": -0.07957747154594767,
          "NEC_radial_satisfied": false,
          "WEC_rho_ge_0": false,
          "comment": "For this classic wormhole, NEC is violated everywhere (\u03c1+p_r<0)."
        },
        "geometry_diagnostics": {
          "embedding_equatorial_z": 0.0,
          "embedding_notes": "z(r)=r0 arcosh(r/r0), dz/dr=r0/sqrt(r^2-r0^2) (sign \u00b1 not stored).",
          "embedding_slope_dz_dr_abs": null,
          "flare_out_bprime_less_than_1_at_throat": true,
          "proper_distance_from_throat_l": 0.0,
          "throat_condition_b_equals_r_at_r0": true
        },
        "metric_functions": {
          "Phi(r)": 0.0,
          "b(r)": 1.0,
          "bprime(r)": -1.0,
          "one_minus_b_over_r": 0.0,
          "throat_r0": 1.0
        },
        "stress_energy_orthonormal_static": {
          "p_r_radial_pressure": -0.039788735772973836,
          "p_t_transverse_pressure": 0.039788735772973836,
          "rho_energy_density": -0.039788735772973836,
          "units_note": "Geometric units; T components via G=8\u03c0T."
        }
      }
    },
    {
      "causal_structure": {
        "horizon": null,
        "notes": "With \u03a6=0, there is no redshift divergence (no horizon). Traversability hinges on exotic matter: NEC violation is explicit in \u03c1+p_r.",
        "radial_null_cone_dr_dt": null,
        "static_observers": true
      },
      "coordinates": {
        "phi": null,
        "r": 1.05,
        "t": null,
        "theta": null
      },
      "curvature_invariants": {
        "kretschmann": null,
        "note": "This toy emphasizes stress-energy + energy conditions; invariants left null.",
        "ricci_scalar": null
      },
      "local_observables": {
        "energy_conditions": {
          "NEC_radial_rho_plus_p_r": -0.06546858277853171,
          "NEC_radial_satisfied": false,
          "WEC_rho_ge_0": false,
          "comment": "For this classic wormhole, NEC is violated everywhere (\u03c1+p_r<0)."
        },
        "geometry_diagnostics": {
          "embedding_equatorial_z": 0.314924756603848,
          "embedding_notes": "z(r)=r0 arcosh(r/r0), dz/dr=r0/sqrt(r^2-r0^2) (sign \u00b1 not stored).",
          "embedding_slope_dz_dr_abs": 3.1234752377721207,
          "flare_out_bprime_less_than_1_at_throat": true,
          "proper_distance_from_throat_l": 0.3201562118716425,
          "throat_condition_b_equals_r_at_r0": true
        },
        "metric_functions": {
          "Phi(r)": 0.0,
          "b(r)": 0.9523809523809523,
          "bprime(r)": -0.9070294784580498,
          "one_minus_b_over_r": 0.09297052154195018,
          "throat_r0": 1.0
        },
        "stress_energy_orthonormal_static": {
          "p_r_radial_pressure": -0.03273429138926586,
          "p_t_transverse_pressure": 0.03273429138926586,
          "rho_energy_density": -0.032734291389265854,
          "units_note": "Geometric units; T components via G=8\u03c0T."
        }
      }
    },
    {
      "causal_structure": {
        "horizon": null,
        "notes": "With \u03a6=0, there is no redshift divergence (no horizon). Traversability hinges on exotic matter: NEC violation is explicit in \u03c1+p_r.",
        "radial_null_cone_dr_dt": null,
        "static_observers": true
      },
      "coordinates": {
        "phi": null,
        "r": 1.1,
        "t": null,
        "theta": null
      },
      "curvature_invariants": {
        "kretschmann": null,
        "note": "This toy emphasizes stress-energy + energy conditions; invariants left null.",
        "ricci_scalar": null
      },
      "local_observables": {
        "energy_conditions": {
          "NEC_radial_rho_plus_p_r": -0.05435248380981329,
          "NEC_radial_satisfied": false,
          "WEC_rho_ge_0": false,
          "comment": "For this classic wormhole, NEC is violated everywhere (\u03c1+p_r<0)."
        },
        "geometry_diagnostics": {
          "embedding_equatorial_z": 0.4435682543851153,
          "embedding_notes": "z(r)=r0 arcosh(r/r0), dz/dr=r0/sqrt(r^2-r0^2) (sign \u00b1 not stored).",
          "embedding_slope_dz_dr_abs": 2.1821789023599227,
          "flare_out_bprime_less_than_1_at_throat": true,
          "proper_distance_from_throat_l": 0.4582575694955842,
          "throat_condition_b_equals_r_at_r0": true
        },
        "metric_functions": {
          "Phi(r)": 0.0,
          "b(r)": 0.9090909090909091,
          "bprime(r)": -0.8264462809917354,
          "one_minus_b_over_r": 0.17355371900826455,
          "throat_r0": 1.0
        },
        "stress_energy_orthonormal_static": {
          "p_r_radial_pressure": -0.02717624190490665,
          "p_t_transverse_pressure": 0.02717624190490665,
          "rho_energy_density": -0.027176241904906646,
          "units_note": "Geometric units; T components via G=8\u03c0T."
        }
      }
    },
    {
      "causal_structure": {
        "horizon": null,
        "notes": "With \u03a6=0, there is no redshift divergence (no horizon). Traversability hinges on exotic matter: NEC violation is explicit in \u03c1+p_r.",
        "radial_null_cone_dr_dt": null,
        "static_observers": true
      },
      "coordinates": {
        "phi": null,
        "r": 1.2,
        "t": null,
        "theta": null
      },
      "curvature_invariants": {
        "kretschmann": null,
        "note": "This toy emphasizes stress-energy + energy conditions; invariants left null.",
        "ricci_scalar": null
      },
      "local_observables": {
        "energy_conditions": {
          "NEC_radial_rho_plus_p_r": -0.03837648126251335,
          "NEC_radial_satisfied": false,
          "WEC_rho_ge_0": false,
          "comment": "For this classic wormhole, NEC is violated everywhere (\u03c1+p_r<0)."
        },
        "geometry_diagnostics": {
          "embedding_equatorial_z": 0.6223625037147786,
          "embedding_notes": "z(r)=r0 arcosh(r/r0), dz/dr=r0/sqrt(r^2-r0^2) (sign \u00b1 not stored).",
          "embedding_slope_dz_dr_abs": 1.5075567228888183,
          "flare_out_bprime_less_than_1_at_throat": true,
          "proper_distance_from_throat_l": 0.6633249580710799,
          "throat_condition_b_equals_r_at_r0": true
        },
        "metric_functions": {
          "Phi(r)": 0.0,
          "b(r)": 0.8333333333333334,
          "bprime(r)": -0.6944444444444444,
          "one_minus_b_over_r": 0.30555555555555547,
          "throat_r0": 1.0
        },
        "stress_energy_orthonormal_static": {
          "p_r_radial_pressure": -0.019188240631256678,
          "p_t_transverse_pressure": 0.019188240631256674,
          "rho_energy_density": -0.019188240631256674,
          "units_note": "Geometric units; T components via G=8\u03c0T."
        }
      }
    },
    {
      "causal_structure": {
        "horizon": null,
        "notes": "With \u03a6=0, there is no redshift divergence (no horizon). Traversability hinges on exotic matter: NEC violation is explicit in \u03c1+p_r.",
        "radial_null_cone_dr_dt": null,
        "static_observers": true
      },
      "coordinates": {
        "phi": null,
        "r": 1.5,
        "t": null,
        "theta": null
      },
      "curvature_invariants": {
        "kretschmann": null,
        "note": "This toy emphasizes stress-energy + energy conditions; invariants left null.",
        "ricci_scalar": null
      },
      "local_observables": {
        "energy_conditions": {
          "NEC_radial_rho_plus_p_r": -0.015719006725125467,
          "NEC_radial_satisfied": false,
          "WEC_rho_ge_0": false,
          "comment": "For this classic wormhole, NEC is violated everywhere (\u03c1+p_r<0)."
        },
        "geometry_diagnostics": {
          "embedding_equatorial_z": 0.9624236501192069,
          "embedding_notes": "z(r)=r0 arcosh(r/r0), dz/dr=r0/sqrt(r^2-r0^2) (sign \u00b1 not stored).",
          "embedding_slope_dz_dr_abs": 0.8944271909999159,
          "flare_out_bprime_less_than_1_at_throat": true,
          "proper_distance_from_throat_l": 1.118033988749895,
          "throat_condition_b_equals_r_at_r0": true
        },
        "metric_functions": {
          "Phi(r)": 0.0,
          "b(r)": 0.6666666666666666,
          "bprime(r)": -0.4444444444444444,
          "one_minus_b_over_r": 0.5555555555555556,
          "throat_r0": 1.0
        },
        "stress_energy_orthonormal_static": {
          "p_r_radial_pressure": -0.007859503362562734,
          "p_t_transverse_pressure": 0.007859503362562734,
          "rho_energy_density": -0.007859503362562732,
          "units_note": "Geometric units; T components via G=8\u03c0T."
        }
      }
    },
    {
      "causal_structure": {
        "horizon": null,
        "notes": "With \u03a6=0, there is no redshift divergence (no horizon). Traversability hinges on exotic matter: NEC violation is explicit in \u03c1+p_r.",
        "radial_null_cone_dr_dt": null,
        "static_observers": true
      },
      "coordinates": {
        "phi": null,
        "r": 2.0,
        "t": null,
        "theta": null
      },
      "curvature_invariants": {
        "kretschmann": null,
        "note": "This toy emphasizes stress-energy + energy conditions; invariants left null.",
        "ricci_scalar": null
      },
      "local_observables": {
        "energy_conditions": {
          "NEC_radial_rho_plus_p_r": -0.0049735919716217296,
          "NEC_radial_satisfied": false,
          "WEC_rho_ge_0": false,
          "comment": "For this classic wormhole, NEC is violated everywhere (\u03c1+p_r<0)."
        },
        "geometry_diagnostics": {
          "embedding_equatorial_z": 1.3169578969248166,
          "embedding_notes": "z(r)=r0 arcosh(r/r0), dz/dr=r0/sqrt(r^2-r0^2) (sign \u00b1 not stored).",
          "embedding_slope_dz_dr_abs": 0.5773502691896258,
          "flare_out_bprime_less_than_1_at_throat": true,
          "proper_distance_from_throat_l": 1.7320508075688772,
          "throat_condition_b_equals_r_at_r0": true
        },
        "metric_functions": {
          "Phi(r)": 0.0,
          "b(r)": 0.5,
          "bprime(r)": -0.25,
          "one_minus_b_over_r": 0.75,
          "throat_r0": 1.0
        },
        "stress_energy_orthonormal_static": {
          "p_r_radial_pressure": -0.0024867959858108648,
          "p_t_transverse_pressure": 0.0024867959858108648,
          "rho_energy_density": -0.0024867959858108648,
          "units_note": "Geometric units; T components via G=8\u03c0T."
        }
      }
    },
    {
      "causal_structure": {
        "horizon": null,
        "notes": "With \u03a6=0, there is no redshift divergence (no horizon). Traversability hinges on exotic matter: NEC violation is explicit in \u03c1+p_r.",
        "radial_null_cone_dr_dt": null,
        "static_observers": true
      },
      "coordinates": {
        "phi": null,
        "r": 3.0,
        "t": null,
        "theta": null
      },
      "curvature_invariants": {
        "kretschmann": null,
        "note": "This toy emphasizes stress-energy + energy conditions; invariants left null.",
        "ricci_scalar": null
      },
      "local_observables": {
        "energy_conditions": {
          "NEC_radial_rho_plus_p_r": -0.0009824379203203417,
          "NEC_radial_satisfied": false,
          "WEC_rho_ge_0": false,
          "comment": "For this classic wormhole, NEC is violated everywhere (\u03c1+p_r<0)."
        },
        "geometry_diagnostics": {
          "embedding_equatorial_z": 1.762747174039086,
          "embedding_notes": "z(r)=r0 arcosh(r/r0), dz/dr=r0/sqrt(r^2-r0^2) (sign \u00b1 not stored).",
          "embedding_slope_dz_dr_abs": 0.35355339059327373,
          "flare_out_bprime_less_than_1_at_throat": true,
          "proper_distance_from_throat_l": 2.8284271247461903,
          "throat_condition_b_equals_r_at_r0": true
        },
        "metric_functions": {
          "Phi(r)": 0.0,
          "b(r)": 0.3333333333333333,
          "bprime(r)": -0.1111111111111111,
          "one_minus_b_over_r": 0.8888888888888888,
          "throat_r0": 1.0
        },
        "stress_energy_orthonormal_static": {
          "p_r_radial_pressure": -0.0004912189601601709,
          "p_t_transverse_pressure": 0.0004912189601601709,
          "rho_energy_density": -0.0004912189601601707,
          "units_note": "Geometric units; T components via G=8\u03c0T."
        }
      }
    },
    {
      "causal_structure": {
        "horizon": null,
        "notes": "With \u03a6=0, there is no redshift divergence (no horizon). Traversability hinges on exotic matter: NEC violation is explicit in \u03c1+p_r.",
        "radial_null_cone_dr_dt": null,
        "static_observers": true
      },
      "coordinates": {
        "phi": null,
        "r": 5.0,
        "t": null,
        "theta": null
      },
      "curvature_invariants": {
        "kretschmann": null,
        "note": "This toy emphasizes stress-energy + energy conditions; invariants left null.",
        "ricci_scalar": null
      },
      "local_observables": {
        "energy_conditions": {
          "NEC_radial_rho_plus_p_r": -0.00012732395447351627,
          "NEC_radial_satisfied": false,
          "WEC_rho_ge_0": false,
          "comment": "For this classic wormhole, NEC is violated everywhere (\u03c1+p_r<0)."
        },
        "geometry_diagnostics": {
          "embedding_equatorial_z": 2.2924316695611777,
          "embedding_notes": "z(r)=r0 arcosh(r/r0), dz/dr=r0/sqrt(r^2-r0^2) (sign \u00b1 not stored).",
          "embedding_slope_dz_dr_abs": 0.20412414523193154,
          "flare_out_bprime_less_than_1_at_throat": true,
          "proper_distance_from_throat_l": 4.898979485566356,
          "throat_condition_b_equals_r_at_r0": true
        },
        "metric_functions": {
          "Phi(r)": 0.0,
          "b(r)": 0.2,
          "bprime(r)": -0.04,
          "one_minus_b_over_r": 0.96,
          "throat_r0": 1.0
        },
        "stress_energy_orthonormal_static": {
          "p_r_radial_pressure": -6.366197723675813e-05,
          "p_t_transverse_pressure": 6.366197723675813e-05,
          "rho_energy_density": -6.366197723675815e-05,
          "units_note": "Geometric units; T components via G=8\u03c0T."
        }
      }
    },
    {
      "causal_structure": {
        "horizon": null,
        "notes": "With \u03a6=0, there is no redshift divergence (no horizon). Traversability hinges on exotic matter: NEC violation is explicit in \u03c1+p_r.",
        "radial_null_cone_dr_dt": null,
        "static_observers": true
      },
      "coordinates": {
        "phi": null,
        "r": 10.0,
        "t": null,
        "theta": null
      },
      "curvature_invariants": {
        "kretschmann": null,
        "note": "This toy emphasizes stress-energy + energy conditions; invariants left null.",
        "ricci_scalar": null
      },
      "local_observables": {
        "energy_conditions": {
          "NEC_radial_rho_plus_p_r": -7.957747154594767e-06,
          "NEC_radial_satisfied": false,
          "WEC_rho_ge_0": false,
          "comment": "For this classic wormhole, NEC is violated everywhere (\u03c1+p_r<0)."
        },
        "geometry_diagnostics": {
          "embedding_equatorial_z": 2.993222846126381,
          "embedding_notes": "z(r)=r0 arcosh(r/r0), dz/dr=r0/sqrt(r^2-r0^2) (sign \u00b1 not stored).",
          "embedding_slope_dz_dr_abs": 0.10050378152592121,
          "flare_out_bprime_less_than_1_at_throat": true,
          "proper_distance_from_throat_l": 9.9498743710662,
          "throat_condition_b_equals_r_at_r0": true
        },
        "metric_functions": {
          "Phi(r)": 0.0,
          "b(r)": 0.1,
          "bprime(r)": -0.01,
          "one_minus_b_over_r": 0.99,
          "throat_r0": 1.0
        },
        "stress_energy_orthonormal_static": {
          "p_r_radial_pressure": -3.9788735772973834e-06,
          "p_t_transverse_pressure": 3.9788735772973834e-06,
          "rho_energy_density": -3.978873577297384e-06,
          "units_note": "Geometric units; T components via G=8\u03c0T."
        }
      }
    }
  ],
  "spacetime": "Morris\u2013Thorne traversable wormhole with \u03a6=0, b=r0^2/r",
  "theory": "General Relativity (static spherically symmetric wormhole)",
  "toy_id": "018",
  "units": {
    "G": 1,
    "c": 1
  }
}