{
  "notes": {
    "assumptions": [
      "Weak-to-moderate field regime comparison",
      "Static observers",
      "Scalar gravity uses conformally flat metric g_ab = \u03c6^2 \u03b7_ab",
      "\u03c6(r)=exp(-M/r) chosen to recover Newtonian limit"
    ],
    "key_formulas": {
      "R_scalar": "R = -6 \u03c6^{-3} \u2207^2 \u03c6",
      "phi_scalar": "\u03c6(r)=exp(-M/r)",
      "z_GR": "sqrt((1-2M/r2)/(1-2M/r1)) - 1",
      "z_scalar": "\u03c6(r1)/\u03c6(r2) - 1"
    },
    "pressure_point": "GR is not uniquely selected by redshift or Newtonian limits alone. Alternative metric theories can agree at leading order and diverge only in strong-field regimes. A comparator is required to isolate genuinely GR-specific predictions."
  },
  "observables": {
    "summary": {
      "max_relative_redshift_difference_over_samples": 1.9011728222630724,
      "note": "Relative difference is small in weak field (large r) and grows near r~few M. Only comparison against alternatives identifies GR-specific content."
    }
  },
  "parameters": {
    "M": 1.0,
    "r1_samples": [
      4.0,
      6.0,
      10.0,
      20.0
    ],
    "r2_samples": [
      10.0,
      20.0,
      50.0
    ]
  },
  "sample_points": [
    {
      "causal_structure": {
        "GR_horizon_radius_2M": 2.0,
        "note": "Scalar gravity has no event horizon here; deviations grow in strong field.",
        "scalar_gravity_horizon": null
      },
      "coordinates": {
        "r_emitter": 4.0,
        "r_receiver": 10.0
      },
      "curvature_invariants": {
        "kretschmann_GR_at_r1": 0.01171875,
        "kretschmann_GR_at_r2": 4.8e-05,
        "ricci_scalar_scalar_gravity_at_r1": -0.03864190478203425,
        "ricci_scalar_scalar_gravity_at_r2": -0.0007328416548961019
      },
      "local_observables": {
        "redshift_GR": 0.26491106406735176,
        "redshift_scalar_gravity": -0.13929202357494208,
        "relative_difference_(scalar_minus_GR)_over_GR": -1.5258067422186945
      }
    },
    {
      "causal_structure": {
        "GR_horizon_radius_2M": 2.0,
        "note": "Scalar gravity has no event horizon here; deviations grow in strong field.",
        "scalar_gravity_horizon": null
      },
      "coordinates": {
        "r_emitter": 4.0,
        "r_receiver": 20.0
      },
      "curvature_invariants": {
        "kretschmann_GR_at_r1": 0.01171875,
        "kretschmann_GR_at_r2": 7.5e-07,
        "ricci_scalar_scalar_gravity_at_r1": -0.03864190478203425,
        "ricci_scalar_scalar_gravity_at_r2": -4.1443909427836785e-05
      },
      "local_observables": {
        "redshift_GR": 0.34164078649987384,
        "redshift_scalar_gravity": -0.18126924692201818,
        "relative_difference_(scalar_minus_GR)_over_GR": -1.530584327413393
      }
    },
    {
      "causal_structure": {
        "GR_horizon_radius_2M": 2.0,
        "note": "Scalar gravity has no event horizon here; deviations grow in strong field.",
        "scalar_gravity_horizon": null
      },
      "coordinates": {
        "r_emitter": 4.0,
        "r_receiver": 50.0
      },
      "curvature_invariants": {
        "kretschmann_GR_at_r1": 0.01171875,
        "kretschmann_GR_at_r2": 3.072e-09,
        "ricci_scalar_scalar_gravity_at_r1": -0.03864190478203425,
        "ricci_scalar_scalar_gravity_at_r2": -9.991783432246926e-07
      },
      "local_observables": {
        "redshift_GR": 0.38564064605510184,
        "redshift_scalar_gravity": -0.20546639749666595,
        "relative_difference_(scalar_minus_GR)_over_GR": -1.5327923796375658
      }
    },
    {
      "causal_structure": {
        "GR_horizon_radius_2M": 2.0,
        "note": "Scalar gravity has no event horizon here; deviations grow in strong field.",
        "scalar_gravity_horizon": null
      },
      "coordinates": {
        "r_emitter": 6.0,
        "r_receiver": 10.0
      },
      "curvature_invariants": {
        "kretschmann_GR_at_r1": 0.00102880658436214,
        "kretschmann_GR_at_r2": 4.8e-05,
        "ricci_scalar_scalar_gravity_at_r1": -0.006461168634657822,
        "ricci_scalar_scalar_gravity_at_r2": -0.0007328416548961019
      },
      "local_observables": {
        "redshift_GR": 0.09544511501033215,
        "redshift_scalar_gravity": -0.06449301496838211,
        "relative_difference_(scalar_minus_GR)_over_GR": -1.6757078658389233
      }
    },
    {
      "causal_structure": {
        "GR_horizon_radius_2M": 2.0,
        "note": "Scalar gravity has no event horizon here; deviations grow in strong field.",
        "scalar_gravity_horizon": null
      },
      "coordinates": {
        "r_emitter": 6.0,
        "r_receiver": 20.0
      },
      "curvature_invariants": {
        "kretschmann_GR_at_r1": 0.00102880658436214,
        "kretschmann_GR_at_r2": 7.5e-07,
        "ricci_scalar_scalar_gravity_at_r1": -0.006461168634657822,
        "ricci_scalar_scalar_gravity_at_r2": -4.1443909427836785e-05
      },
      "local_observables": {
        "redshift_GR": 0.1618950038622251,
        "redshift_scalar_gravity": -0.1101182290119761,
        "relative_difference_(scalar_minus_GR)_over_GR": -1.6801829975289926
      }
    },
    {
      "causal_structure": {
        "GR_horizon_radius_2M": 2.0,
        "note": "Scalar gravity has no event horizon here; deviations grow in strong field.",
        "scalar_gravity_horizon": null
      },
      "coordinates": {
        "r_emitter": 6.0,
        "r_receiver": 50.0
      },
      "curvature_invariants": {
        "kretschmann_GR_at_r1": 0.00102880658436214,
        "kretschmann_GR_at_r2": 3.072e-09,
        "ricci_scalar_scalar_gravity_at_r1": -0.006461168634657822,
        "ricci_scalar_scalar_gravity_at_r2": -9.991783432246926e-07
      },
      "local_observables": {
        "redshift_GR": 0.19999999999999996,
        "redshift_scalar_gravity": -0.1364182099584358,
        "relative_difference_(scalar_minus_GR)_over_GR": -1.682091049792179
      }
    },
    {
      "causal_structure": {
        "GR_horizon_radius_2M": 2.0,
        "note": "Scalar gravity has no event horizon here; deviations grow in strong field.",
        "scalar_gravity_horizon": null
      },
      "coordinates": {
        "r_emitter": 10.0,
        "r_receiver": 10.0
      },
      "curvature_invariants": {
        "kretschmann_GR_at_r1": 4.8e-05,
        "kretschmann_GR_at_r2": 4.8e-05,
        "ricci_scalar_scalar_gravity_at_r1": -0.0007328416548961019,
        "ricci_scalar_scalar_gravity_at_r2": -0.0007328416548961019
      },
      "local_observables": {
        "redshift_GR": 0.0,
        "redshift_scalar_gravity": 0.0,
        "relative_difference_(scalar_minus_GR)_over_GR": null
      }
    },
    {
      "causal_structure": {
        "GR_horizon_radius_2M": 2.0,
        "note": "Scalar gravity has no event horizon here; deviations grow in strong field.",
        "scalar_gravity_horizon": null
      },
      "coordinates": {
        "r_emitter": 10.0,
        "r_receiver": 20.0
      },
      "curvature_invariants": {
        "kretschmann_GR_at_r1": 4.8e-05,
        "kretschmann_GR_at_r2": 7.5e-07,
        "ricci_scalar_scalar_gravity_at_r1": -0.0007328416548961019,
        "ricci_scalar_scalar_gravity_at_r2": -4.1443909427836785e-05
      },
      "local_observables": {
        "redshift_GR": 0.06066017177982119,
        "redshift_scalar_gravity": -0.048770575499286095,
        "relative_difference_(scalar_minus_GR)_over_GR": -1.8039966598892783
      }
    },
    {
      "causal_structure": {
        "GR_horizon_radius_2M": 2.0,
        "note": "Scalar gravity has no event horizon here; deviations grow in strong field.",
        "scalar_gravity_horizon": null
      },
      "coordinates": {
        "r_emitter": 10.0,
        "r_receiver": 50.0
      },
      "curvature_invariants": {
        "kretschmann_GR_at_r1": 4.8e-05,
        "kretschmann_GR_at_r2": 3.072e-09,
        "ricci_scalar_scalar_gravity_at_r1": -0.0007328416548961019,
        "ricci_scalar_scalar_gravity_at_r2": -9.991783432246926e-07
      },
      "local_observables": {
        "redshift_GR": 0.09544511501033215,
        "redshift_scalar_gravity": -0.07688365361336424,
        "relative_difference_(scalar_minus_GR)_over_GR": -1.8055273819413535
      }
    },
    {
      "causal_structure": {
        "GR_horizon_radius_2M": 2.0,
        "note": "Scalar gravity has no event horizon here; deviations grow in strong field.",
        "scalar_gravity_horizon": null
      },
      "coordinates": {
        "r_emitter": 20.0,
        "r_receiver": 10.0
      },
      "curvature_invariants": {
        "kretschmann_GR_at_r1": 7.5e-07,
        "kretschmann_GR_at_r2": 4.8e-05,
        "ricci_scalar_scalar_gravity_at_r1": -4.1443909427836785e-05,
        "ricci_scalar_scalar_gravity_at_r2": -0.0007328416548961019
      },
      "local_observables": {
        "redshift_GR": -0.057190958417936644,
        "redshift_scalar_gravity": 0.05127109637602412,
        "relative_difference_(scalar_minus_GR)_over_GR": -1.896489546500485
      }
    },
    {
      "causal_structure": {
        "GR_horizon_radius_2M": 2.0,
        "note": "Scalar gravity has no event horizon here; deviations grow in strong field.",
        "scalar_gravity_horizon": null
      },
      "coordinates": {
        "r_emitter": 20.0,
        "r_receiver": 20.0
      },
      "curvature_invariants": {
        "kretschmann_GR_at_r1": 7.5e-07,
        "kretschmann_GR_at_r2": 7.5e-07,
        "ricci_scalar_scalar_gravity_at_r1": -4.1443909427836785e-05,
        "ricci_scalar_scalar_gravity_at_r2": -4.1443909427836785e-05
      },
      "local_observables": {
        "redshift_GR": 0.0,
        "redshift_scalar_gravity": 0.0,
        "relative_difference_(scalar_minus_GR)_over_GR": null
      }
    },
    {
      "causal_structure": {
        "GR_horizon_radius_2M": 2.0,
        "note": "Scalar gravity has no event horizon here; deviations grow in strong field.",
        "scalar_gravity_horizon": null
      },
      "coordinates": {
        "r_emitter": 20.0,
        "r_receiver": 50.0
      },
      "curvature_invariants": {
        "kretschmann_GR_at_r1": 7.5e-07,
        "kretschmann_GR_at_r2": 3.072e-09,
        "ricci_scalar_scalar_gravity_at_r1": -4.1443909427836785e-05,
        "ricci_scalar_scalar_gravity_at_r2": -9.991783432246926e-07
      },
      "local_observables": {
        "redshift_GR": 0.03279555898864439,
        "redshift_scalar_gravity": -0.029554466451491734,
        "relative_difference_(scalar_minus_GR)_over_GR": -1.9011728222630724
      }
    }
  ],
  "spacetime": "Static spherically symmetric field (GR Schwarzschild vs scalar conformal gravity)",
  "theory": "Comparator: General Relativity vs scalar gravity",
  "toy_id": "060",
  "units": {
    "G": 1,
    "c": 1
  }
}