{
  "notes": {
    "pressure_point": "Null focusing depends entirely on the null energy condition. Violating the NEC allows defocusing, enabling exotic geometries."
  },
  "observables": {
    "null_energy_condition_satisfied": true
  },
  "parameters": {
    "Tabkk": 0.01,
    "theta0": -0.1
  },
  "sample_points": [
    {
      "causal_structure": {
        "null_focusing": false,
        "theta_is_real": true
      },
      "coordinates": {
        "affine_parameter": 0.0
      },
      "curvature_invariants": {
        "ricci_contraction_Rab_kk": 0.25132741228718347
      },
      "local_observables": {
        "expansion_theta": 1.6508047986984986
      }
    },
    {
      "causal_structure": {
        "null_focusing": false,
        "theta_is_real": false
      },
      "coordinates": {
        "affine_parameter": 0.5
      },
      "curvature_invariants": {
        "ricci_contraction_Rab_kk": 0.25132741228718347
      },
      "local_observables": {
        "expansion_theta": null
      }
    },
    {
      "causal_structure": {
        "null_focusing": false,
        "theta_is_real": true
      },
      "coordinates": {
        "affine_parameter": 1.0
      },
      "curvature_invariants": {
        "ricci_contraction_Rab_kk": 0.25132741228718347
      },
      "local_observables": {
        "expansion_theta": -0.0
      }
    },
    {
      "causal_structure": {
        "null_focusing": false,
        "theta_is_real": false
      },
      "coordinates": {
        "affine_parameter": 1.5
      },
      "curvature_invariants": {
        "ricci_contraction_Rab_kk": 0.25132741228718347
      },
      "local_observables": {
        "expansion_theta": null
      }
    },
    {
      "causal_structure": {
        "null_focusing": false,
        "theta_is_real": true
      },
      "coordinates": {
        "affine_parameter": 2.0
      },
      "curvature_invariants": {
        "ricci_contraction_Rab_kk": 0.25132741228718347
      },
      "local_observables": {
        "expansion_theta": 1.2426855237001146
      }
    },
    {
      "causal_structure": {
        "null_focusing": false,
        "theta_is_real": true
      },
      "coordinates": {
        "affine_parameter": 3.0
      },
      "curvature_invariants": {
        "ricci_contraction_Rab_kk": 0.25132741228718347
      },
      "local_observables": {
        "expansion_theta": 0.30722221996406124
      }
    },
    {
      "causal_structure": {
        "null_focusing": false,
        "theta_is_real": true
      },
      "coordinates": {
        "affine_parameter": 4.0
      },
      "curvature_invariants": {
        "ricci_contraction_Rab_kk": 0.25132741228718347
      },
      "local_observables": {
        "expansion_theta": 1.0114161418753533
      }
    }
  ],
  "spacetime": "Generic null geodesic bundle",
  "theory": "General Relativity (null congruences)",
  "toy_id": "027",
  "units": {
    "G": 1,
    "c": 1
  }
}