{
  "notes": {
    "pressure_point": "Global hyperbolicity is not guaranteed in GR. In non\u2013globally hyperbolic spacetimes, classical determinism fails: initial data does not uniquely determine future evolution."
  },
  "observables": {
    "summary": {
      "key_result": "GR allows loss of determinism without curvature singularities",
      "minkowski_predictability": "Complete",
      "misner_predictability": "Fails beyond Cauchy horizon"
    }
  },
  "parameters": {
    "initial_slice_t0": 0.0,
    "misner_gamma": 1.0,
    "slice_half_width": 5.0
  },
  "sample_points": [
    {
      "causal_structure": {
        "globally_hyperbolic": true,
        "predictable_from_initial_slice": true
      },
      "coordinates": {
        "t": -2,
        "x": 0.0
      },
      "curvature_invariants": {
        "kretschmann": 0.0,
        "ricci_scalar": 0.0
      },
      "local_observables": {
        "domain_of_dependence": true,
        "spacetime": "Minkowski"
      }
    },
    {
      "causal_structure": {
        "globally_hyperbolic": true,
        "predictable_from_initial_slice": true
      },
      "coordinates": {
        "t": 0,
        "x": 0.0
      },
      "curvature_invariants": {
        "kretschmann": 0.0,
        "ricci_scalar": 0.0
      },
      "local_observables": {
        "domain_of_dependence": true,
        "spacetime": "Minkowski"
      }
    },
    {
      "causal_structure": {
        "globally_hyperbolic": true,
        "predictable_from_initial_slice": true
      },
      "coordinates": {
        "t": 2,
        "x": 0.0
      },
      "curvature_invariants": {
        "kretschmann": 0.0,
        "ricci_scalar": 0.0
      },
      "local_observables": {
        "domain_of_dependence": true,
        "spacetime": "Minkowski"
      }
    },
    {
      "causal_structure": {
        "globally_hyperbolic": true,
        "predictable_from_initial_slice": true
      },
      "coordinates": {
        "t": 4,
        "x": 0.0
      },
      "curvature_invariants": {
        "kretschmann": 0.0,
        "ricci_scalar": 0.0
      },
      "local_observables": {
        "domain_of_dependence": true,
        "spacetime": "Minkowski"
      }
    },
    {
      "causal_structure": {
        "globally_hyperbolic": true,
        "predictable_from_initial_slice": false
      },
      "coordinates": {
        "t": 6,
        "x": 0.0
      },
      "curvature_invariants": {
        "kretschmann": 0.0,
        "ricci_scalar": 0.0
      },
      "local_observables": {
        "domain_of_dependence": false,
        "spacetime": "Minkowski"
      }
    },
    {
      "causal_structure": {
        "cauchy_horizon_crossed": false,
        "globally_hyperbolic": false,
        "predictable_from_initial_slice": true
      },
      "coordinates": {
        "u": -1,
        "v": 1
      },
      "curvature_invariants": {
        "kretschmann": 0.0,
        "ricci_scalar": 0.0
      },
      "local_observables": {
        "spacetime": "Misner",
        "unique_cauchy_evolution": true
      }
    },
    {
      "causal_structure": {
        "cauchy_horizon_crossed": false,
        "globally_hyperbolic": false,
        "predictable_from_initial_slice": true
      },
      "coordinates": {
        "u": -0.5,
        "v": 0.5
      },
      "curvature_invariants": {
        "kretschmann": 0.0,
        "ricci_scalar": 0.0
      },
      "local_observables": {
        "spacetime": "Misner",
        "unique_cauchy_evolution": true
      }
    },
    {
      "causal_structure": {
        "cauchy_horizon_crossed": true,
        "globally_hyperbolic": false,
        "predictable_from_initial_slice": false
      },
      "coordinates": {
        "u": 0.5,
        "v": 0.5
      },
      "curvature_invariants": {
        "kretschmann": 0.0,
        "ricci_scalar": 0.0
      },
      "local_observables": {
        "spacetime": "Misner",
        "unique_cauchy_evolution": false
      }
    },
    {
      "causal_structure": {
        "cauchy_horizon_crossed": true,
        "globally_hyperbolic": false,
        "predictable_from_initial_slice": false
      },
      "coordinates": {
        "u": 1,
        "v": 1
      },
      "curvature_invariants": {
        "kretschmann": 0.0,
        "ricci_scalar": 0.0
      },
      "local_observables": {
        "spacetime": "Misner",
        "unique_cauchy_evolution": false
      }
    }
  ],
  "spacetime": "Minkowski vs Misner (2D)",
  "theory": "General Relativity (causal structure)",
  "toy_id": "031",
  "units": {
    "G": 1,
    "c": 1
  }
}