{
  "notes": {
    "pressure_point": "Horizon crossing occurs in finite proper time but requires infinite Schwarzschild coordinate time."
  },
  "observables": {
    "horizon_radius": 2.0,
    "total_coordinate_time_t": -47.151441448314145,
    "total_proper_time_tau": 13.516457684070435
  },
  "parameters": {
    "M": 1.0
  },
  "sample_points": [
    {
      "causal_structure": {
        "horizon_radius": 2.0,
        "region": "exterior (r>2M)"
      },
      "coordinates": {
        "phi": null,
        "r": 10.0,
        "t": null,
        "theta": null
      },
      "curvature_invariants": {
        "kretschmann": 4.8e-05,
        "ricci_scalar": 0.0
      },
      "local_observables": {
        "d_t_dr": 2.7950849718747373,
        "d_tau_dr": -2.23606797749979
      }
    },
    {
      "causal_structure": {
        "horizon_radius": 2.0,
        "region": "exterior (r>2M)"
      },
      "coordinates": {
        "phi": null,
        "r": 6.0,
        "t": null,
        "theta": null
      },
      "curvature_invariants": {
        "kretschmann": 0.00102880658436214,
        "ricci_scalar": 0.0
      },
      "local_observables": {
        "d_t_dr": 2.5980762113533156,
        "d_tau_dr": -1.7320508075688774
      }
    },
    {
      "causal_structure": {
        "horizon_radius": 2.0,
        "region": "exterior (r>2M)"
      },
      "coordinates": {
        "phi": null,
        "r": 4.0,
        "t": null,
        "theta": null
      },
      "curvature_invariants": {
        "kretschmann": 0.01171875,
        "ricci_scalar": 0.0
      },
      "local_observables": {
        "d_t_dr": 2.8284271247461903,
        "d_tau_dr": -1.414213562373095
      }
    },
    {
      "causal_structure": {
        "horizon_radius": 2.0,
        "region": "exterior (r>2M)"
      },
      "coordinates": {
        "phi": null,
        "r": 3.0,
        "t": null,
        "theta": null
      },
      "curvature_invariants": {
        "kretschmann": 0.06584362139917696,
        "ricci_scalar": 0.0
      },
      "local_observables": {
        "d_t_dr": 3.6742346141747664,
        "d_tau_dr": -1.224744871391589
      }
    },
    {
      "causal_structure": {
        "horizon_radius": 2.0,
        "region": "exterior (r>2M)"
      },
      "coordinates": {
        "phi": null,
        "r": 2.5,
        "t": null,
        "theta": null
      },
      "curvature_invariants": {
        "kretschmann": 0.196608,
        "ricci_scalar": 0.0
      },
      "local_observables": {
        "d_t_dr": 5.590169943749475,
        "d_tau_dr": -1.118033988749895
      }
    },
    {
      "causal_structure": {
        "horizon_radius": 2.0,
        "region": "exterior (r>2M)"
      },
      "coordinates": {
        "phi": null,
        "r": 2.1,
        "t": null,
        "theta": null
      },
      "curvature_invariants": {
        "kretschmann": 0.5596615474774705,
        "ricci_scalar": 0.0
      },
      "local_observables": {
        "d_t_dr": 21.518596608515136,
        "d_tau_dr": -1.0246950765959597
      }
    },
    {
      "causal_structure": {
        "horizon_radius": 2.0,
        "region": "exterior (r>2M)"
      },
      "coordinates": {
        "phi": null,
        "r": 2.01,
        "t": null,
        "theta": null
      },
      "curvature_invariants": {
        "kretschmann": 0.7278885584772434,
        "ricci_scalar": 0.0
      },
      "local_observables": {
        "d_t_dr": 201.5018734404278,
        "d_tau_dr": -1.002496882788171
      }
    },
    {
      "causal_structure": {
        "horizon_radius": 2.0,
        "region": "exterior (r>2M)"
      },
      "coordinates": {
        "phi": null,
        "r": 2.001,
        "t": null,
        "theta": null
      },
      "curvature_invariants": {
        "kretschmann": 0.7477539322559006,
        "ricci_scalar": 0.0
      },
      "local_observables": {
        "d_t_dr": 2001.5001874844,
        "d_tau_dr": -1.0002499687578101
      }
    }
  ],
  "spacetime": "Schwarzschild (proper vs coordinate time)",
  "theory": "General Relativity (radial infall timing)",
  "toy_id": "024",
  "units": {
    "G": 1,
    "c": 1
  }
}