{
  "notes": {
    "caution": "Plane waves can have vanishing true scalar invariants in exact pp-wave solutions; we export a Kretschmann-like proxy derived from tidal magnitude for comparability across toys.",
    "definitions_used": {
      "metric_perturbation": "h_xx=A cos(\u03c9(t\u2212z)), h_yy=\u2212A cos(\u03c9(t\u2212z))",
      "tidal_field": "R0x0x = (A \u03c9^2 /2) cos(\u03c9(t\u2212z)), R0y0y=\u2212R0x0x",
      "validity_proxy": "nonlinearity_ratio \u2248 |h| (size of O(h^2) relative to O(h))"
    },
    "pressure_point": "Linearized gravity assumes |h|<<1; GR's nonlinearity is ignored at O(h^2). This toy quantifies a plane-wave tidal field at O(h) and exports a validity proxy |h| showing when neglected nonlinear terms become significant."
  },
  "observables": {
    "summary": {
      "key_result": "As A increases, the validity proxy |h| approaches unity, indicating nonlinear GR terms cannot be neglected even though the linear tidal formula still returns finite numbers.",
      "max_|h|_over_samples": 0.3,
      "rule_of_thumb": "Linearized regime requires max |h| << 1 (e.g., 1e-3 to 1e-2 comfortably)."
    }
  },
  "parameters": {
    "A_values": [
      1e-06,
      0.001,
      0.01,
      0.1,
      0.3
    ],
    "omega": 1.0,
    "t_values": [
      0.0,
      0.5,
      1.0,
      2.0
    ],
    "z_values": [
      0.0,
      0.25,
      0.5,
      1.0
    ]
  },
  "sample_points": [
    {
      "causal_structure": {
        "energy_warning": "Linearized gravity neglects gravitational self-interaction; validity requires |h|<<1 and small nonlinearities.",
        "horizon_radius": null,
        "radial_null_cone_dz_dt": {
          "ingoing": -1.0,
          "outgoing": 1.0
        },
        "region": "weak-field plane GW (linearized TT gauge)"
      },
      "coordinates": {
        "A": 1e-06,
        "omega": 1.0,
        "phase_phi": 0.0,
        "t": 0.0,
        "z": 0.0
      },
      "curvature_invariants": {
        "kretschmann_proxy": 3.999999999999999e-12,
        "ricci_scalar": 0.0
      },
      "local_observables": {
        "R0x0x_linear": 5e-07,
        "R0y0y_linear": -5e-07,
        "h_xx": 1e-06,
        "h_yy": -1e-06,
        "nonlinearity_ratio_proxy_|h|": 1e-06,
        "notes": "Linearized model keeps O(h) and drops O(h^2). A simple consistency check is |h| << 1. When |h| ~ 0.1 or larger, nonlinear corrections are expected to matter.",
        "tidal_norm_linear": 7.071067811865475e-07,
        "validity_regime": "safe_linear"
      }
    },
    {
      "causal_structure": {
        "energy_warning": "Linearized gravity neglects gravitational self-interaction; validity requires |h|<<1 and small nonlinearities.",
        "horizon_radius": null,
        "radial_null_cone_dz_dt": {
          "ingoing": -1.0,
          "outgoing": 1.0
        },
        "region": "weak-field plane GW (linearized TT gauge)"
      },
      "coordinates": {
        "A": 1e-06,
        "omega": 1.0,
        "phase_phi": -0.25,
        "t": 0.0,
        "z": 0.25
      },
      "curvature_invariants": {
        "kretschmann_proxy": 3.7551651237807455e-12,
        "ricci_scalar": 0.0
      },
      "local_observables": {
        "R0x0x_linear": 4.844562108553224e-07,
        "R0y0y_linear": -4.844562108553224e-07,
        "h_xx": 9.689124217106448e-07,
        "h_yy": -9.689124217106448e-07,
        "nonlinearity_ratio_proxy_|h|": 9.689124217106448e-07,
        "notes": "Linearized model keeps O(h) and drops O(h^2). A simple consistency check is |h| << 1. When |h| ~ 0.1 or larger, nonlinear corrections are expected to matter.",
        "tidal_norm_linear": 6.851245437674768e-07,
        "validity_regime": "safe_linear"
      }
    },
    {
      "causal_structure": {
        "energy_warning": "Linearized gravity neglects gravitational self-interaction; validity requires |h|<<1 and small nonlinearities.",
        "horizon_radius": null,
        "radial_null_cone_dz_dt": {
          "ingoing": -1.0,
          "outgoing": 1.0
        },
        "region": "weak-field plane GW (linearized TT gauge)"
      },
      "coordinates": {
        "A": 1e-06,
        "omega": 1.0,
        "phase_phi": -0.5,
        "t": 0.0,
        "z": 0.5
      },
      "curvature_invariants": {
        "kretschmann_proxy": 3.0806046117362795e-12,
        "ricci_scalar": 0.0
      },
      "local_observables": {
        "R0x0x_linear": 4.3879128094518634e-07,
        "R0y0y_linear": -4.3879128094518634e-07,
        "h_xx": 8.775825618903727e-07,
        "h_yy": -8.775825618903727e-07,
        "nonlinearity_ratio_proxy_|h|": 8.775825618903727e-07,
        "notes": "Linearized model keeps O(h) and drops O(h^2). A simple consistency check is |h| << 1. When |h| ~ 0.1 or larger, nonlinear corrections are expected to matter.",
        "tidal_norm_linear": 6.205445805637456e-07,
        "validity_regime": "safe_linear"
      }
    },
    {
      "causal_structure": {
        "energy_warning": "Linearized gravity neglects gravitational self-interaction; validity requires |h|<<1 and small nonlinearities.",
        "horizon_radius": null,
        "radial_null_cone_dz_dt": {
          "ingoing": -1.0,
          "outgoing": 1.0
        },
        "region": "weak-field plane GW (linearized TT gauge)"
      },
      "coordinates": {
        "A": 1e-06,
        "omega": 1.0,
        "phase_phi": -1.0,
        "t": 0.0,
        "z": 1.0
      },
      "curvature_invariants": {
        "kretschmann_proxy": 1.1677063269057157e-12,
        "ricci_scalar": 0.0
      },
      "local_observables": {
        "R0x0x_linear": 2.701511529340699e-07,
        "R0y0y_linear": -2.701511529340699e-07,
        "h_xx": 5.403023058681398e-07,
        "h_yy": -5.403023058681398e-07,
        "nonlinearity_ratio_proxy_|h|": 5.403023058681398e-07,
        "notes": "Linearized model keeps O(h) and drops O(h^2). A simple consistency check is |h| << 1. When |h| ~ 0.1 or larger, nonlinear corrections are expected to matter.",
        "tidal_norm_linear": 3.820514243700898e-07,
        "validity_regime": "safe_linear"
      }
    },
    {
      "causal_structure": {
        "energy_warning": "Linearized gravity neglects gravitational self-interaction; validity requires |h|<<1 and small nonlinearities.",
        "horizon_radius": null,
        "radial_null_cone_dz_dt": {
          "ingoing": -1.0,
          "outgoing": 1.0
        },
        "region": "weak-field plane GW (linearized TT gauge)"
      },
      "coordinates": {
        "A": 1e-06,
        "omega": 1.0,
        "phase_phi": 0.5,
        "t": 0.5,
        "z": 0.0
      },
      "curvature_invariants": {
        "kretschmann_proxy": 3.0806046117362795e-12,
        "ricci_scalar": 0.0
      },
      "local_observables": {
        "R0x0x_linear": 4.3879128094518634e-07,
        "R0y0y_linear": -4.3879128094518634e-07,
        "h_xx": 8.775825618903727e-07,
        "h_yy": -8.775825618903727e-07,
        "nonlinearity_ratio_proxy_|h|": 8.775825618903727e-07,
        "notes": "Linearized model keeps O(h) and drops O(h^2). A simple consistency check is |h| << 1. When |h| ~ 0.1 or larger, nonlinear corrections are expected to matter.",
        "tidal_norm_linear": 6.205445805637456e-07,
        "validity_regime": "safe_linear"
      }
    },
    {
      "causal_structure": {
        "energy_warning": "Linearized gravity neglects gravitational self-interaction; validity requires |h|<<1 and small nonlinearities.",
        "horizon_radius": null,
        "radial_null_cone_dz_dt": {
          "ingoing": -1.0,
          "outgoing": 1.0
        },
        "region": "weak-field plane GW (linearized TT gauge)"
      },
      "coordinates": {
        "A": 1e-06,
        "omega": 1.0,
        "phase_phi": 0.25,
        "t": 0.5,
        "z": 0.25
      },
      "curvature_invariants": {
        "kretschmann_proxy": 3.7551651237807455e-12,
        "ricci_scalar": 0.0
      },
      "local_observables": {
        "R0x0x_linear": 4.844562108553224e-07,
        "R0y0y_linear": -4.844562108553224e-07,
        "h_xx": 9.689124217106448e-07,
        "h_yy": -9.689124217106448e-07,
        "nonlinearity_ratio_proxy_|h|": 9.689124217106448e-07,
        "notes": "Linearized model keeps O(h) and drops O(h^2). A simple consistency check is |h| << 1. When |h| ~ 0.1 or larger, nonlinear corrections are expected to matter.",
        "tidal_norm_linear": 6.851245437674768e-07,
        "validity_regime": "safe_linear"
      }
    },
    {
      "causal_structure": {
        "energy_warning": "Linearized gravity neglects gravitational self-interaction; validity requires |h|<<1 and small nonlinearities.",
        "horizon_radius": null,
        "radial_null_cone_dz_dt": {
          "ingoing": -1.0,
          "outgoing": 1.0
        },
        "region": "weak-field plane GW (linearized TT gauge)"
      },
      "coordinates": {
        "A": 1e-06,
        "omega": 1.0,
        "phase_phi": 0.0,
        "t": 0.5,
        "z": 0.5
      },
      "curvature_invariants": {
        "kretschmann_proxy": 3.999999999999999e-12,
        "ricci_scalar": 0.0
      },
      "local_observables": {
        "R0x0x_linear": 5e-07,
        "R0y0y_linear": -5e-07,
        "h_xx": 1e-06,
        "h_yy": -1e-06,
        "nonlinearity_ratio_proxy_|h|": 1e-06,
        "notes": "Linearized model keeps O(h) and drops O(h^2). A simple consistency check is |h| << 1. When |h| ~ 0.1 or larger, nonlinear corrections are expected to matter.",
        "tidal_norm_linear": 7.071067811865475e-07,
        "validity_regime": "safe_linear"
      }
    },
    {
      "causal_structure": {
        "energy_warning": "Linearized gravity neglects gravitational self-interaction; validity requires |h|<<1 and small nonlinearities.",
        "horizon_radius": null,
        "radial_null_cone_dz_dt": {
          "ingoing": -1.0,
          "outgoing": 1.0
        },
        "region": "weak-field plane GW (linearized TT gauge)"
      },
      "coordinates": {
        "A": 1e-06,
        "omega": 1.0,
        "phase_phi": -0.5,
        "t": 0.5,
        "z": 1.0
      },
      "curvature_invariants": {
        "kretschmann_proxy": 3.0806046117362795e-12,
        "ricci_scalar": 0.0
      },
      "local_observables": {
        "R0x0x_linear": 4.3879128094518634e-07,
        "R0y0y_linear": -4.3879128094518634e-07,
        "h_xx": 8.775825618903727e-07,
        "h_yy": -8.775825618903727e-07,
        "nonlinearity_ratio_proxy_|h|": 8.775825618903727e-07,
        "notes": "Linearized model keeps O(h) and drops O(h^2). A simple consistency check is |h| << 1. When |h| ~ 0.1 or larger, nonlinear corrections are expected to matter.",
        "tidal_norm_linear": 6.205445805637456e-07,
        "validity_regime": "safe_linear"
      }
    },
    {
      "causal_structure": {
        "energy_warning": "Linearized gravity neglects gravitational self-interaction; validity requires |h|<<1 and small nonlinearities.",
        "horizon_radius": null,
        "radial_null_cone_dz_dt": {
          "ingoing": -1.0,
          "outgoing": 1.0
        },
        "region": "weak-field plane GW (linearized TT gauge)"
      },
      "coordinates": {
        "A": 1e-06,
        "omega": 1.0,
        "phase_phi": 1.0,
        "t": 1.0,
        "z": 0.0
      },
      "curvature_invariants": {
        "kretschmann_proxy": 1.1677063269057157e-12,
        "ricci_scalar": 0.0
      },
      "local_observables": {
        "R0x0x_linear": 2.701511529340699e-07,
        "R0y0y_linear": -2.701511529340699e-07,
        "h_xx": 5.403023058681398e-07,
        "h_yy": -5.403023058681398e-07,
        "nonlinearity_ratio_proxy_|h|": 5.403023058681398e-07,
        "notes": "Linearized model keeps O(h) and drops O(h^2). A simple consistency check is |h| << 1. When |h| ~ 0.1 or larger, nonlinear corrections are expected to matter.",
        "tidal_norm_linear": 3.820514243700898e-07,
        "validity_regime": "safe_linear"
      }
    },
    {
      "causal_structure": {
        "energy_warning": "Linearized gravity neglects gravitational self-interaction; validity requires |h|<<1 and small nonlinearities.",
        "horizon_radius": null,
        "radial_null_cone_dz_dt": {
          "ingoing": -1.0,
          "outgoing": 1.0
        },
        "region": "weak-field plane GW (linearized TT gauge)"
      },
      "coordinates": {
        "A": 1e-06,
        "omega": 1.0,
        "phase_phi": 0.75,
        "t": 1.0,
        "z": 0.25
      },
      "curvature_invariants": {
        "kretschmann_proxy": 2.1414744033354058e-12,
        "ricci_scalar": 0.0
      },
      "local_observables": {
        "R0x0x_linear": 3.6584443443691044e-07,
        "R0y0y_linear": -3.6584443443691044e-07,
        "h_xx": 7.316888688738209e-07,
        "h_yy": -7.316888688738209e-07,
        "nonlinearity_ratio_proxy_|h|": 7.316888688738209e-07,
        "notes": "Linearized model keeps O(h) and drops O(h^2). A simple consistency check is |h| << 1. When |h| ~ 0.1 or larger, nonlinear corrections are expected to matter.",
        "tidal_norm_linear": 5.173821608993933e-07,
        "validity_regime": "safe_linear"
      }
    },
    {
      "causal_structure": {
        "energy_warning": "Linearized gravity neglects gravitational self-interaction; validity requires |h|<<1 and small nonlinearities.",
        "horizon_radius": null,
        "radial_null_cone_dz_dt": {
          "ingoing": -1.0,
          "outgoing": 1.0
        },
        "region": "weak-field plane GW (linearized TT gauge)"
      },
      "coordinates": {
        "A": 1e-06,
        "omega": 1.0,
        "phase_phi": 0.5,
        "t": 1.0,
        "z": 0.5
      },
      "curvature_invariants": {
        "kretschmann_proxy": 3.0806046117362795e-12,
        "ricci_scalar": 0.0
      },
      "local_observables": {
        "R0x0x_linear": 4.3879128094518634e-07,
        "R0y0y_linear": -4.3879128094518634e-07,
        "h_xx": 8.775825618903727e-07,
        "h_yy": -8.775825618903727e-07,
        "nonlinearity_ratio_proxy_|h|": 8.775825618903727e-07,
        "notes": "Linearized model keeps O(h) and drops O(h^2). A simple consistency check is |h| << 1. When |h| ~ 0.1 or larger, nonlinear corrections are expected to matter.",
        "tidal_norm_linear": 6.205445805637456e-07,
        "validity_regime": "safe_linear"
      }
    },
    {
      "causal_structure": {
        "energy_warning": "Linearized gravity neglects gravitational self-interaction; validity requires |h|<<1 and small nonlinearities.",
        "horizon_radius": null,
        "radial_null_cone_dz_dt": {
          "ingoing": -1.0,
          "outgoing": 1.0
        },
        "region": "weak-field plane GW (linearized TT gauge)"
      },
      "coordinates": {
        "A": 1e-06,
        "omega": 1.0,
        "phase_phi": 0.0,
        "t": 1.0,
        "z": 1.0
      },
      "curvature_invariants": {
        "kretschmann_proxy": 3.999999999999999e-12,
        "ricci_scalar": 0.0
      },
      "local_observables": {
        "R0x0x_linear": 5e-07,
        "R0y0y_linear": -5e-07,
        "h_xx": 1e-06,
        "h_yy": -1e-06,
        "nonlinearity_ratio_proxy_|h|": 1e-06,
        "notes": "Linearized model keeps O(h) and drops O(h^2). A simple consistency check is |h| << 1. When |h| ~ 0.1 or larger, nonlinear corrections are expected to matter.",
        "tidal_norm_linear": 7.071067811865475e-07,
        "validity_regime": "safe_linear"
      }
    },
    {
      "causal_structure": {
        "energy_warning": "Linearized gravity neglects gravitational self-interaction; validity requires |h|<<1 and small nonlinearities.",
        "horizon_radius": null,
        "radial_null_cone_dz_dt": {
          "ingoing": -1.0,
          "outgoing": 1.0
        },
        "region": "weak-field plane GW (linearized TT gauge)"
      },
      "coordinates": {
        "A": 1e-06,
        "omega": 1.0,
        "phase_phi": 2.0,
        "t": 2.0,
        "z": 0.0
      },
      "curvature_invariants": {
        "kretschmann_proxy": 6.927127582727762e-13,
        "ricci_scalar": 0.0
      },
      "local_observables": {
        "R0x0x_linear": -2.080734182735712e-07,
        "R0y0y_linear": 2.080734182735712e-07,
        "h_xx": -4.161468365471424e-07,
        "h_yy": 4.161468365471424e-07,
        "nonlinearity_ratio_proxy_|h|": 4.161468365471424e-07,
        "notes": "Linearized model keeps O(h) and drops O(h^2). A simple consistency check is |h| << 1. When |h| ~ 0.1 or larger, nonlinear corrections are expected to matter.",
        "tidal_norm_linear": 2.942602500918142e-07,
        "validity_regime": "safe_linear"
      }
    },
    {
      "causal_structure": {
        "energy_warning": "Linearized gravity neglects gravitational self-interaction; validity requires |h|<<1 and small nonlinearities.",
        "horizon_radius": null,
        "radial_null_cone_dz_dt": {
          "ingoing": -1.0,
          "outgoing": 1.0
        },
        "region": "weak-field plane GW (linearized TT gauge)"
      },
      "coordinates": {
        "A": 1e-06,
        "omega": 1.0,
        "phase_phi": 1.75,
        "t": 2.0,
        "z": 0.25
      },
      "curvature_invariants": {
        "kretschmann_proxy": 1.2708662541840732e-13,
        "ricci_scalar": 0.0
      },
      "local_observables": {
        "R0x0x_linear": -8.912302782474604e-08,
        "R0y0y_linear": 8.912302782474604e-08,
        "h_xx": -1.7824605564949209e-07,
        "h_yy": 1.7824605564949209e-07,
        "nonlinearity_ratio_proxy_|h|": 1.7824605564949209e-07,
        "notes": "Linearized model keeps O(h) and drops O(h^2). A simple consistency check is |h| << 1. When |h| ~ 0.1 or larger, nonlinear corrections are expected to matter.",
        "tidal_norm_linear": 1.2603899466951058e-07,
        "validity_regime": "safe_linear"
      }
    },
    {
      "causal_structure": {
        "energy_warning": "Linearized gravity neglects gravitational self-interaction; validity requires |h|<<1 and small nonlinearities.",
        "horizon_radius": null,
        "radial_null_cone_dz_dt": {
          "ingoing": -1.0,
          "outgoing": 1.0
        },
        "region": "weak-field plane GW (linearized TT gauge)"
      },
      "coordinates": {
        "A": 1e-06,
        "omega": 1.0,
        "phase_phi": 1.5,
        "t": 2.0,
        "z": 0.5
      },
      "curvature_invariants": {
        "kretschmann_proxy": 2.001500679910908e-14,
        "ricci_scalar": 0.0
      },
      "local_observables": {
        "R0x0x_linear": 3.536860083385145e-08,
        "R0y0y_linear": -3.536860083385145e-08,
        "h_xx": 7.07372016677029e-08,
        "h_yy": -7.07372016677029e-08,
        "nonlinearity_ratio_proxy_|h|": 7.07372016677029e-08,
        "notes": "Linearized model keeps O(h) and drops O(h^2). A simple consistency check is |h| << 1. When |h| ~ 0.1 or larger, nonlinear corrections are expected to matter.",
        "tidal_norm_linear": 5.001875498139308e-08,
        "validity_regime": "safe_linear"
      }
    },
    {
      "causal_structure": {
        "energy_warning": "Linearized gravity neglects gravitational self-interaction; validity requires |h|<<1 and small nonlinearities.",
        "horizon_radius": null,
        "radial_null_cone_dz_dt": {
          "ingoing": -1.0,
          "outgoing": 1.0
        },
        "region": "weak-field plane GW (linearized TT gauge)"
      },
      "coordinates": {
        "A": 1e-06,
        "omega": 1.0,
        "phase_phi": 1.0,
        "t": 2.0,
        "z": 1.0
      },
      "curvature_invariants": {
        "kretschmann_proxy": 1.1677063269057157e-12,
        "ricci_scalar": 0.0
      },
      "local_observables": {
        "R0x0x_linear": 2.701511529340699e-07,
        "R0y0y_linear": -2.701511529340699e-07,
        "h_xx": 5.403023058681398e-07,
        "h_yy": -5.403023058681398e-07,
        "nonlinearity_ratio_proxy_|h|": 5.403023058681398e-07,
        "notes": "Linearized model keeps O(h) and drops O(h^2). A simple consistency check is |h| << 1. When |h| ~ 0.1 or larger, nonlinear corrections are expected to matter.",
        "tidal_norm_linear": 3.820514243700898e-07,
        "validity_regime": "safe_linear"
      }
    },
    {
      "causal_structure": {
        "energy_warning": "Linearized gravity neglects gravitational self-interaction; validity requires |h|<<1 and small nonlinearities.",
        "horizon_radius": null,
        "radial_null_cone_dz_dt": {
          "ingoing": -1.0,
          "outgoing": 1.0
        },
        "region": "weak-field plane GW (linearized TT gauge)"
      },
      "coordinates": {
        "A": 0.001,
        "omega": 1.0,
        "phase_phi": 0.0,
        "t": 0.0,
        "z": 0.0
      },
      "curvature_invariants": {
        "kretschmann_proxy": 4e-06,
        "ricci_scalar": 0.0
      },
      "local_observables": {
        "R0x0x_linear": 0.0005,
        "R0y0y_linear": -0.0005,
        "h_xx": 0.001,
        "h_yy": -0.001,
        "nonlinearity_ratio_proxy_|h|": 0.001,
        "notes": "Linearized model keeps O(h) and drops O(h^2). A simple consistency check is |h| << 1. When |h| ~ 0.1 or larger, nonlinear corrections are expected to matter.",
        "tidal_norm_linear": 0.0007071067811865475,
        "validity_regime": "borderline_linear"
      }
    },
    {
      "causal_structure": {
        "energy_warning": "Linearized gravity neglects gravitational self-interaction; validity requires |h|<<1 and small nonlinearities.",
        "horizon_radius": null,
        "radial_null_cone_dz_dt": {
          "ingoing": -1.0,
          "outgoing": 1.0
        },
        "region": "weak-field plane GW (linearized TT gauge)"
      },
      "coordinates": {
        "A": 0.001,
        "omega": 1.0,
        "phase_phi": -0.25,
        "t": 0.0,
        "z": 0.25
      },
      "curvature_invariants": {
        "kretschmann_proxy": 3.7551651237807453e-06,
        "ricci_scalar": 0.0
      },
      "local_observables": {
        "R0x0x_linear": 0.0004844562108553224,
        "R0y0y_linear": -0.0004844562108553224,
        "h_xx": 0.0009689124217106448,
        "h_yy": -0.0009689124217106448,
        "nonlinearity_ratio_proxy_|h|": 0.0009689124217106448,
        "notes": "Linearized model keeps O(h) and drops O(h^2). A simple consistency check is |h| << 1. When |h| ~ 0.1 or larger, nonlinear corrections are expected to matter.",
        "tidal_norm_linear": 0.0006851245437674767,
        "validity_regime": "safe_linear"
      }
    },
    {
      "causal_structure": {
        "energy_warning": "Linearized gravity neglects gravitational self-interaction; validity requires |h|<<1 and small nonlinearities.",
        "horizon_radius": null,
        "radial_null_cone_dz_dt": {
          "ingoing": -1.0,
          "outgoing": 1.0
        },
        "region": "weak-field plane GW (linearized TT gauge)"
      },
      "coordinates": {
        "A": 0.001,
        "omega": 1.0,
        "phase_phi": -0.5,
        "t": 0.0,
        "z": 0.5
      },
      "curvature_invariants": {
        "kretschmann_proxy": 3.0806046117362797e-06,
        "ricci_scalar": 0.0
      },
      "local_observables": {
        "R0x0x_linear": 0.0004387912809451864,
        "R0y0y_linear": -0.0004387912809451864,
        "h_xx": 0.0008775825618903728,
        "h_yy": -0.0008775825618903728,
        "nonlinearity_ratio_proxy_|h|": 0.0008775825618903728,
        "notes": "Linearized model keeps O(h) and drops O(h^2). A simple consistency check is |h| << 1. When |h| ~ 0.1 or larger, nonlinear corrections are expected to matter.",
        "tidal_norm_linear": 0.0006205445805637456,
        "validity_regime": "safe_linear"
      }
    },
    {
      "causal_structure": {
        "energy_warning": "Linearized gravity neglects gravitational self-interaction; validity requires |h|<<1 and small nonlinearities.",
        "horizon_radius": null,
        "radial_null_cone_dz_dt": {
          "ingoing": -1.0,
          "outgoing": 1.0
        },
        "region": "weak-field plane GW (linearized TT gauge)"
      },
      "coordinates": {
        "A": 0.001,
        "omega": 1.0,
        "phase_phi": -1.0,
        "t": 0.0,
        "z": 1.0
      },
      "curvature_invariants": {
        "kretschmann_proxy": 1.1677063269057153e-06,
        "ricci_scalar": 0.0
      },
      "local_observables": {
        "R0x0x_linear": 0.00027015115293406986,
        "R0y0y_linear": -0.00027015115293406986,
        "h_xx": 0.0005403023058681397,
        "h_yy": -0.0005403023058681397,
        "nonlinearity_ratio_proxy_|h|": 0.0005403023058681397,
        "notes": "Linearized model keeps O(h) and drops O(h^2). A simple consistency check is |h| << 1. When |h| ~ 0.1 or larger, nonlinear corrections are expected to matter.",
        "tidal_norm_linear": 0.00038205142437008975,
        "validity_regime": "safe_linear"
      }
    },
    {
      "causal_structure": {
        "energy_warning": "Linearized gravity neglects gravitational self-interaction; validity requires |h|<<1 and small nonlinearities.",
        "horizon_radius": null,
        "radial_null_cone_dz_dt": {
          "ingoing": -1.0,
          "outgoing": 1.0
        },
        "region": "weak-field plane GW (linearized TT gauge)"
      },
      "coordinates": {
        "A": 0.001,
        "omega": 1.0,
        "phase_phi": 0.5,
        "t": 0.5,
        "z": 0.0
      },
      "curvature_invariants": {
        "kretschmann_proxy": 3.0806046117362797e-06,
        "ricci_scalar": 0.0
      },
      "local_observables": {
        "R0x0x_linear": 0.0004387912809451864,
        "R0y0y_linear": -0.0004387912809451864,
        "h_xx": 0.0008775825618903728,
        "h_yy": -0.0008775825618903728,
        "nonlinearity_ratio_proxy_|h|": 0.0008775825618903728,
        "notes": "Linearized model keeps O(h) and drops O(h^2). A simple consistency check is |h| << 1. When |h| ~ 0.1 or larger, nonlinear corrections are expected to matter.",
        "tidal_norm_linear": 0.0006205445805637456,
        "validity_regime": "safe_linear"
      }
    },
    {
      "causal_structure": {
        "energy_warning": "Linearized gravity neglects gravitational self-interaction; validity requires |h|<<1 and small nonlinearities.",
        "horizon_radius": null,
        "radial_null_cone_dz_dt": {
          "ingoing": -1.0,
          "outgoing": 1.0
        },
        "region": "weak-field plane GW (linearized TT gauge)"
      },
      "coordinates": {
        "A": 0.001,
        "omega": 1.0,
        "phase_phi": 0.25,
        "t": 0.5,
        "z": 0.25
      },
      "curvature_invariants": {
        "kretschmann_proxy": 3.7551651237807453e-06,
        "ricci_scalar": 0.0
      },
      "local_observables": {
        "R0x0x_linear": 0.0004844562108553224,
        "R0y0y_linear": -0.0004844562108553224,
        "h_xx": 0.0009689124217106448,
        "h_yy": -0.0009689124217106448,
        "nonlinearity_ratio_proxy_|h|": 0.0009689124217106448,
        "notes": "Linearized model keeps O(h) and drops O(h^2). A simple consistency check is |h| << 1. When |h| ~ 0.1 or larger, nonlinear corrections are expected to matter.",
        "tidal_norm_linear": 0.0006851245437674767,
        "validity_regime": "safe_linear"
      }
    },
    {
      "causal_structure": {
        "energy_warning": "Linearized gravity neglects gravitational self-interaction; validity requires |h|<<1 and small nonlinearities.",
        "horizon_radius": null,
        "radial_null_cone_dz_dt": {
          "ingoing": -1.0,
          "outgoing": 1.0
        },
        "region": "weak-field plane GW (linearized TT gauge)"
      },
      "coordinates": {
        "A": 0.001,
        "omega": 1.0,
        "phase_phi": 0.0,
        "t": 0.5,
        "z": 0.5
      },
      "curvature_invariants": {
        "kretschmann_proxy": 4e-06,
        "ricci_scalar": 0.0
      },
      "local_observables": {
        "R0x0x_linear": 0.0005,
        "R0y0y_linear": -0.0005,
        "h_xx": 0.001,
        "h_yy": -0.001,
        "nonlinearity_ratio_proxy_|h|": 0.001,
        "notes": "Linearized model keeps O(h) and drops O(h^2). A simple consistency check is |h| << 1. When |h| ~ 0.1 or larger, nonlinear corrections are expected to matter.",
        "tidal_norm_linear": 0.0007071067811865475,
        "validity_regime": "borderline_linear"
      }
    },
    {
      "causal_structure": {
        "energy_warning": "Linearized gravity neglects gravitational self-interaction; validity requires |h|<<1 and small nonlinearities.",
        "horizon_radius": null,
        "radial_null_cone_dz_dt": {
          "ingoing": -1.0,
          "outgoing": 1.0
        },
        "region": "weak-field plane GW (linearized TT gauge)"
      },
      "coordinates": {
        "A": 0.001,
        "omega": 1.0,
        "phase_phi": -0.5,
        "t": 0.5,
        "z": 1.0
      },
      "curvature_invariants": {
        "kretschmann_proxy": 3.0806046117362797e-06,
        "ricci_scalar": 0.0
      },
      "local_observables": {
        "R0x0x_linear": 0.0004387912809451864,
        "R0y0y_linear": -0.0004387912809451864,
        "h_xx": 0.0008775825618903728,
        "h_yy": -0.0008775825618903728,
        "nonlinearity_ratio_proxy_|h|": 0.0008775825618903728,
        "notes": "Linearized model keeps O(h) and drops O(h^2). A simple consistency check is |h| << 1. When |h| ~ 0.1 or larger, nonlinear corrections are expected to matter.",
        "tidal_norm_linear": 0.0006205445805637456,
        "validity_regime": "safe_linear"
      }
    },
    {
      "causal_structure": {
        "energy_warning": "Linearized gravity neglects gravitational self-interaction; validity requires |h|<<1 and small nonlinearities.",
        "horizon_radius": null,
        "radial_null_cone_dz_dt": {
          "ingoing": -1.0,
          "outgoing": 1.0
        },
        "region": "weak-field plane GW (linearized TT gauge)"
      },
      "coordinates": {
        "A": 0.001,
        "omega": 1.0,
        "phase_phi": 1.0,
        "t": 1.0,
        "z": 0.0
      },
      "curvature_invariants": {
        "kretschmann_proxy": 1.1677063269057153e-06,
        "ricci_scalar": 0.0
      },
      "local_observables": {
        "R0x0x_linear": 0.00027015115293406986,
        "R0y0y_linear": -0.00027015115293406986,
        "h_xx": 0.0005403023058681397,
        "h_yy": -0.0005403023058681397,
        "nonlinearity_ratio_proxy_|h|": 0.0005403023058681397,
        "notes": "Linearized model keeps O(h) and drops O(h^2). A simple consistency check is |h| << 1. When |h| ~ 0.1 or larger, nonlinear corrections are expected to matter.",
        "tidal_norm_linear": 0.00038205142437008975,
        "validity_regime": "safe_linear"
      }
    },
    {
      "causal_structure": {
        "energy_warning": "Linearized gravity neglects gravitational self-interaction; validity requires |h|<<1 and small nonlinearities.",
        "horizon_radius": null,
        "radial_null_cone_dz_dt": {
          "ingoing": -1.0,
          "outgoing": 1.0
        },
        "region": "weak-field plane GW (linearized TT gauge)"
      },
      "coordinates": {
        "A": 0.001,
        "omega": 1.0,
        "phase_phi": 0.75,
        "t": 1.0,
        "z": 0.25
      },
      "curvature_invariants": {
        "kretschmann_proxy": 2.141474403335406e-06,
        "ricci_scalar": 0.0
      },
      "local_observables": {
        "R0x0x_linear": 0.0003658444344369105,
        "R0y0y_linear": -0.0003658444344369105,
        "h_xx": 0.000731688868873821,
        "h_yy": -0.000731688868873821,
        "nonlinearity_ratio_proxy_|h|": 0.000731688868873821,
        "notes": "Linearized model keeps O(h) and drops O(h^2). A simple consistency check is |h| << 1. When |h| ~ 0.1 or larger, nonlinear corrections are expected to matter.",
        "tidal_norm_linear": 0.0005173821608993934,
        "validity_regime": "safe_linear"
      }
    },
    {
      "causal_structure": {
        "energy_warning": "Linearized gravity neglects gravitational self-interaction; validity requires |h|<<1 and small nonlinearities.",
        "horizon_radius": null,
        "radial_null_cone_dz_dt": {
          "ingoing": -1.0,
          "outgoing": 1.0
        },
        "region": "weak-field plane GW (linearized TT gauge)"
      },
      "coordinates": {
        "A": 0.001,
        "omega": 1.0,
        "phase_phi": 0.5,
        "t": 1.0,
        "z": 0.5
      },
      "curvature_invariants": {
        "kretschmann_proxy": 3.0806046117362797e-06,
        "ricci_scalar": 0.0
      },
      "local_observables": {
        "R0x0x_linear": 0.0004387912809451864,
        "R0y0y_linear": -0.0004387912809451864,
        "h_xx": 0.0008775825618903728,
        "h_yy": -0.0008775825618903728,
        "nonlinearity_ratio_proxy_|h|": 0.0008775825618903728,
        "notes": "Linearized model keeps O(h) and drops O(h^2). A simple consistency check is |h| << 1. When |h| ~ 0.1 or larger, nonlinear corrections are expected to matter.",
        "tidal_norm_linear": 0.0006205445805637456,
        "validity_regime": "safe_linear"
      }
    },
    {
      "causal_structure": {
        "energy_warning": "Linearized gravity neglects gravitational self-interaction; validity requires |h|<<1 and small nonlinearities.",
        "horizon_radius": null,
        "radial_null_cone_dz_dt": {
          "ingoing": -1.0,
          "outgoing": 1.0
        },
        "region": "weak-field plane GW (linearized TT gauge)"
      },
      "coordinates": {
        "A": 0.001,
        "omega": 1.0,
        "phase_phi": 0.0,
        "t": 1.0,
        "z": 1.0
      },
      "curvature_invariants": {
        "kretschmann_proxy": 4e-06,
        "ricci_scalar": 0.0
      },
      "local_observables": {
        "R0x0x_linear": 0.0005,
        "R0y0y_linear": -0.0005,
        "h_xx": 0.001,
        "h_yy": -0.001,
        "nonlinearity_ratio_proxy_|h|": 0.001,
        "notes": "Linearized model keeps O(h) and drops O(h^2). A simple consistency check is |h| << 1. When |h| ~ 0.1 or larger, nonlinear corrections are expected to matter.",
        "tidal_norm_linear": 0.0007071067811865475,
        "validity_regime": "borderline_linear"
      }
    },
    {
      "causal_structure": {
        "energy_warning": "Linearized gravity neglects gravitational self-interaction; validity requires |h|<<1 and small nonlinearities.",
        "horizon_radius": null,
        "radial_null_cone_dz_dt": {
          "ingoing": -1.0,
          "outgoing": 1.0
        },
        "region": "weak-field plane GW (linearized TT gauge)"
      },
      "coordinates": {
        "A": 0.001,
        "omega": 1.0,
        "phase_phi": 2.0,
        "t": 2.0,
        "z": 0.0
      },
      "curvature_invariants": {
        "kretschmann_proxy": 6.927127582727762e-07,
        "ricci_scalar": 0.0
      },
      "local_observables": {
        "R0x0x_linear": -0.0002080734182735712,
        "R0y0y_linear": 0.0002080734182735712,
        "h_xx": -0.0004161468365471424,
        "h_yy": 0.0004161468365471424,
        "nonlinearity_ratio_proxy_|h|": 0.0004161468365471424,
        "notes": "Linearized model keeps O(h) and drops O(h^2). A simple consistency check is |h| << 1. When |h| ~ 0.1 or larger, nonlinear corrections are expected to matter.",
        "tidal_norm_linear": 0.0002942602500918142,
        "validity_regime": "safe_linear"
      }
    },
    {
      "causal_structure": {
        "energy_warning": "Linearized gravity neglects gravitational self-interaction; validity requires |h|<<1 and small nonlinearities.",
        "horizon_radius": null,
        "radial_null_cone_dz_dt": {
          "ingoing": -1.0,
          "outgoing": 1.0
        },
        "region": "weak-field plane GW (linearized TT gauge)"
      },
      "coordinates": {
        "A": 0.001,
        "omega": 1.0,
        "phase_phi": 1.75,
        "t": 2.0,
        "z": 0.25
      },
      "curvature_invariants": {
        "kretschmann_proxy": 1.2708662541840732e-07,
        "ricci_scalar": 0.0
      },
      "local_observables": {
        "R0x0x_linear": -8.912302782474604e-05,
        "R0y0y_linear": 8.912302782474604e-05,
        "h_xx": -0.00017824605564949208,
        "h_yy": 0.00017824605564949208,
        "nonlinearity_ratio_proxy_|h|": 0.00017824605564949208,
        "notes": "Linearized model keeps O(h) and drops O(h^2). A simple consistency check is |h| << 1. When |h| ~ 0.1 or larger, nonlinear corrections are expected to matter.",
        "tidal_norm_linear": 0.00012603899466951058,
        "validity_regime": "safe_linear"
      }
    },
    {
      "causal_structure": {
        "energy_warning": "Linearized gravity neglects gravitational self-interaction; validity requires |h|<<1 and small nonlinearities.",
        "horizon_radius": null,
        "radial_null_cone_dz_dt": {
          "ingoing": -1.0,
          "outgoing": 1.0
        },
        "region": "weak-field plane GW (linearized TT gauge)"
      },
      "coordinates": {
        "A": 0.001,
        "omega": 1.0,
        "phase_phi": 1.5,
        "t": 2.0,
        "z": 0.5
      },
      "curvature_invariants": {
        "kretschmann_proxy": 2.0015006799109083e-08,
        "ricci_scalar": 0.0
      },
      "local_observables": {
        "R0x0x_linear": 3.536860083385145e-05,
        "R0y0y_linear": -3.536860083385145e-05,
        "h_xx": 7.07372016677029e-05,
        "h_yy": -7.07372016677029e-05,
        "nonlinearity_ratio_proxy_|h|": 7.07372016677029e-05,
        "notes": "Linearized model keeps O(h) and drops O(h^2). A simple consistency check is |h| << 1. When |h| ~ 0.1 or larger, nonlinear corrections are expected to matter.",
        "tidal_norm_linear": 5.0018754981393085e-05,
        "validity_regime": "safe_linear"
      }
    },
    {
      "causal_structure": {
        "energy_warning": "Linearized gravity neglects gravitational self-interaction; validity requires |h|<<1 and small nonlinearities.",
        "horizon_radius": null,
        "radial_null_cone_dz_dt": {
          "ingoing": -1.0,
          "outgoing": 1.0
        },
        "region": "weak-field plane GW (linearized TT gauge)"
      },
      "coordinates": {
        "A": 0.001,
        "omega": 1.0,
        "phase_phi": 1.0,
        "t": 2.0,
        "z": 1.0
      },
      "curvature_invariants": {
        "kretschmann_proxy": 1.1677063269057153e-06,
        "ricci_scalar": 0.0
      },
      "local_observables": {
        "R0x0x_linear": 0.00027015115293406986,
        "R0y0y_linear": -0.00027015115293406986,
        "h_xx": 0.0005403023058681397,
        "h_yy": -0.0005403023058681397,
        "nonlinearity_ratio_proxy_|h|": 0.0005403023058681397,
        "notes": "Linearized model keeps O(h) and drops O(h^2). A simple consistency check is |h| << 1. When |h| ~ 0.1 or larger, nonlinear corrections are expected to matter.",
        "tidal_norm_linear": 0.00038205142437008975,
        "validity_regime": "safe_linear"
      }
    },
    {
      "causal_structure": {
        "energy_warning": "Linearized gravity neglects gravitational self-interaction; validity requires |h|<<1 and small nonlinearities.",
        "horizon_radius": null,
        "radial_null_cone_dz_dt": {
          "ingoing": -1.0,
          "outgoing": 1.0
        },
        "region": "weak-field plane GW (linearized TT gauge)"
      },
      "coordinates": {
        "A": 0.01,
        "omega": 1.0,
        "phase_phi": 0.0,
        "t": 0.0,
        "z": 0.0
      },
      "curvature_invariants": {
        "kretschmann_proxy": 0.0004,
        "ricci_scalar": 0.0
      },
      "local_observables": {
        "R0x0x_linear": 0.005,
        "R0y0y_linear": -0.005,
        "h_xx": 0.01,
        "h_yy": -0.01,
        "nonlinearity_ratio_proxy_|h|": 0.01,
        "notes": "Linearized model keeps O(h) and drops O(h^2). A simple consistency check is |h| << 1. When |h| ~ 0.1 or larger, nonlinear corrections are expected to matter.",
        "tidal_norm_linear": 0.007071067811865475,
        "validity_regime": "borderline_linear"
      }
    },
    {
      "causal_structure": {
        "energy_warning": "Linearized gravity neglects gravitational self-interaction; validity requires |h|<<1 and small nonlinearities.",
        "horizon_radius": null,
        "radial_null_cone_dz_dt": {
          "ingoing": -1.0,
          "outgoing": 1.0
        },
        "region": "weak-field plane GW (linearized TT gauge)"
      },
      "coordinates": {
        "A": 0.01,
        "omega": 1.0,
        "phase_phi": -0.25,
        "t": 0.0,
        "z": 0.25
      },
      "curvature_invariants": {
        "kretschmann_proxy": 0.00037551651237807454,
        "ricci_scalar": 0.0
      },
      "local_observables": {
        "R0x0x_linear": 0.004844562108553224,
        "R0y0y_linear": -0.004844562108553224,
        "h_xx": 0.009689124217106448,
        "h_yy": -0.009689124217106448,
        "nonlinearity_ratio_proxy_|h|": 0.009689124217106448,
        "notes": "Linearized model keeps O(h) and drops O(h^2). A simple consistency check is |h| << 1. When |h| ~ 0.1 or larger, nonlinear corrections are expected to matter.",
        "tidal_norm_linear": 0.006851245437674768,
        "validity_regime": "borderline_linear"
      }
    },
    {
      "causal_structure": {
        "energy_warning": "Linearized gravity neglects gravitational self-interaction; validity requires |h|<<1 and small nonlinearities.",
        "horizon_radius": null,
        "radial_null_cone_dz_dt": {
          "ingoing": -1.0,
          "outgoing": 1.0
        },
        "region": "weak-field plane GW (linearized TT gauge)"
      },
      "coordinates": {
        "A": 0.01,
        "omega": 1.0,
        "phase_phi": -0.5,
        "t": 0.0,
        "z": 0.5
      },
      "curvature_invariants": {
        "kretschmann_proxy": 0.000308060461173628,
        "ricci_scalar": 0.0
      },
      "local_observables": {
        "R0x0x_linear": 0.004387912809451864,
        "R0y0y_linear": -0.004387912809451864,
        "h_xx": 0.008775825618903728,
        "h_yy": -0.008775825618903728,
        "nonlinearity_ratio_proxy_|h|": 0.008775825618903728,
        "notes": "Linearized model keeps O(h) and drops O(h^2). A simple consistency check is |h| << 1. When |h| ~ 0.1 or larger, nonlinear corrections are expected to matter.",
        "tidal_norm_linear": 0.0062054458056374565,
        "validity_regime": "borderline_linear"
      }
    },
    {
      "causal_structure": {
        "energy_warning": "Linearized gravity neglects gravitational self-interaction; validity requires |h|<<1 and small nonlinearities.",
        "horizon_radius": null,
        "radial_null_cone_dz_dt": {
          "ingoing": -1.0,
          "outgoing": 1.0
        },
        "region": "weak-field plane GW (linearized TT gauge)"
      },
      "coordinates": {
        "A": 0.01,
        "omega": 1.0,
        "phase_phi": -1.0,
        "t": 0.0,
        "z": 1.0
      },
      "curvature_invariants": {
        "kretschmann_proxy": 0.00011677063269057156,
        "ricci_scalar": 0.0
      },
      "local_observables": {
        "R0x0x_linear": 0.002701511529340699,
        "R0y0y_linear": -0.002701511529340699,
        "h_xx": 0.005403023058681398,
        "h_yy": -0.005403023058681398,
        "nonlinearity_ratio_proxy_|h|": 0.005403023058681398,
        "notes": "Linearized model keeps O(h) and drops O(h^2). A simple consistency check is |h| << 1. When |h| ~ 0.1 or larger, nonlinear corrections are expected to matter.",
        "tidal_norm_linear": 0.003820514243700898,
        "validity_regime": "borderline_linear"
      }
    },
    {
      "causal_structure": {
        "energy_warning": "Linearized gravity neglects gravitational self-interaction; validity requires |h|<<1 and small nonlinearities.",
        "horizon_radius": null,
        "radial_null_cone_dz_dt": {
          "ingoing": -1.0,
          "outgoing": 1.0
        },
        "region": "weak-field plane GW (linearized TT gauge)"
      },
      "coordinates": {
        "A": 0.01,
        "omega": 1.0,
        "phase_phi": 0.5,
        "t": 0.5,
        "z": 0.0
      },
      "curvature_invariants": {
        "kretschmann_proxy": 0.000308060461173628,
        "ricci_scalar": 0.0
      },
      "local_observables": {
        "R0x0x_linear": 0.004387912809451864,
        "R0y0y_linear": -0.004387912809451864,
        "h_xx": 0.008775825618903728,
        "h_yy": -0.008775825618903728,
        "nonlinearity_ratio_proxy_|h|": 0.008775825618903728,
        "notes": "Linearized model keeps O(h) and drops O(h^2). A simple consistency check is |h| << 1. When |h| ~ 0.1 or larger, nonlinear corrections are expected to matter.",
        "tidal_norm_linear": 0.0062054458056374565,
        "validity_regime": "borderline_linear"
      }
    },
    {
      "causal_structure": {
        "energy_warning": "Linearized gravity neglects gravitational self-interaction; validity requires |h|<<1 and small nonlinearities.",
        "horizon_radius": null,
        "radial_null_cone_dz_dt": {
          "ingoing": -1.0,
          "outgoing": 1.0
        },
        "region": "weak-field plane GW (linearized TT gauge)"
      },
      "coordinates": {
        "A": 0.01,
        "omega": 1.0,
        "phase_phi": 0.25,
        "t": 0.5,
        "z": 0.25
      },
      "curvature_invariants": {
        "kretschmann_proxy": 0.00037551651237807454,
        "ricci_scalar": 0.0
      },
      "local_observables": {
        "R0x0x_linear": 0.004844562108553224,
        "R0y0y_linear": -0.004844562108553224,
        "h_xx": 0.009689124217106448,
        "h_yy": -0.009689124217106448,
        "nonlinearity_ratio_proxy_|h|": 0.009689124217106448,
        "notes": "Linearized model keeps O(h) and drops O(h^2). A simple consistency check is |h| << 1. When |h| ~ 0.1 or larger, nonlinear corrections are expected to matter.",
        "tidal_norm_linear": 0.006851245437674768,
        "validity_regime": "borderline_linear"
      }
    },
    {
      "causal_structure": {
        "energy_warning": "Linearized gravity neglects gravitational self-interaction; validity requires |h|<<1 and small nonlinearities.",
        "horizon_radius": null,
        "radial_null_cone_dz_dt": {
          "ingoing": -1.0,
          "outgoing": 1.0
        },
        "region": "weak-field plane GW (linearized TT gauge)"
      },
      "coordinates": {
        "A": 0.01,
        "omega": 1.0,
        "phase_phi": 0.0,
        "t": 0.5,
        "z": 0.5
      },
      "curvature_invariants": {
        "kretschmann_proxy": 0.0004,
        "ricci_scalar": 0.0
      },
      "local_observables": {
        "R0x0x_linear": 0.005,
        "R0y0y_linear": -0.005,
        "h_xx": 0.01,
        "h_yy": -0.01,
        "nonlinearity_ratio_proxy_|h|": 0.01,
        "notes": "Linearized model keeps O(h) and drops O(h^2). A simple consistency check is |h| << 1. When |h| ~ 0.1 or larger, nonlinear corrections are expected to matter.",
        "tidal_norm_linear": 0.007071067811865475,
        "validity_regime": "borderline_linear"
      }
    },
    {
      "causal_structure": {
        "energy_warning": "Linearized gravity neglects gravitational self-interaction; validity requires |h|<<1 and small nonlinearities.",
        "horizon_radius": null,
        "radial_null_cone_dz_dt": {
          "ingoing": -1.0,
          "outgoing": 1.0
        },
        "region": "weak-field plane GW (linearized TT gauge)"
      },
      "coordinates": {
        "A": 0.01,
        "omega": 1.0,
        "phase_phi": -0.5,
        "t": 0.5,
        "z": 1.0
      },
      "curvature_invariants": {
        "kretschmann_proxy": 0.000308060461173628,
        "ricci_scalar": 0.0
      },
      "local_observables": {
        "R0x0x_linear": 0.004387912809451864,
        "R0y0y_linear": -0.004387912809451864,
        "h_xx": 0.008775825618903728,
        "h_yy": -0.008775825618903728,
        "nonlinearity_ratio_proxy_|h|": 0.008775825618903728,
        "notes": "Linearized model keeps O(h) and drops O(h^2). A simple consistency check is |h| << 1. When |h| ~ 0.1 or larger, nonlinear corrections are expected to matter.",
        "tidal_norm_linear": 0.0062054458056374565,
        "validity_regime": "borderline_linear"
      }
    },
    {
      "causal_structure": {
        "energy_warning": "Linearized gravity neglects gravitational self-interaction; validity requires |h|<<1 and small nonlinearities.",
        "horizon_radius": null,
        "radial_null_cone_dz_dt": {
          "ingoing": -1.0,
          "outgoing": 1.0
        },
        "region": "weak-field plane GW (linearized TT gauge)"
      },
      "coordinates": {
        "A": 0.01,
        "omega": 1.0,
        "phase_phi": 1.0,
        "t": 1.0,
        "z": 0.0
      },
      "curvature_invariants": {
        "kretschmann_proxy": 0.00011677063269057156,
        "ricci_scalar": 0.0
      },
      "local_observables": {
        "R0x0x_linear": 0.002701511529340699,
        "R0y0y_linear": -0.002701511529340699,
        "h_xx": 0.005403023058681398,
        "h_yy": -0.005403023058681398,
        "nonlinearity_ratio_proxy_|h|": 0.005403023058681398,
        "notes": "Linearized model keeps O(h) and drops O(h^2). A simple consistency check is |h| << 1. When |h| ~ 0.1 or larger, nonlinear corrections are expected to matter.",
        "tidal_norm_linear": 0.003820514243700898,
        "validity_regime": "borderline_linear"
      }
    },
    {
      "causal_structure": {
        "energy_warning": "Linearized gravity neglects gravitational self-interaction; validity requires |h|<<1 and small nonlinearities.",
        "horizon_radius": null,
        "radial_null_cone_dz_dt": {
          "ingoing": -1.0,
          "outgoing": 1.0
        },
        "region": "weak-field plane GW (linearized TT gauge)"
      },
      "coordinates": {
        "A": 0.01,
        "omega": 1.0,
        "phase_phi": 0.75,
        "t": 1.0,
        "z": 0.25
      },
      "curvature_invariants": {
        "kretschmann_proxy": 0.0002141474403335406,
        "ricci_scalar": 0.0
      },
      "local_observables": {
        "R0x0x_linear": 0.0036584443443691047,
        "R0y0y_linear": -0.0036584443443691047,
        "h_xx": 0.007316888688738209,
        "h_yy": -0.007316888688738209,
        "nonlinearity_ratio_proxy_|h|": 0.007316888688738209,
        "notes": "Linearized model keeps O(h) and drops O(h^2). A simple consistency check is |h| << 1. When |h| ~ 0.1 or larger, nonlinear corrections are expected to matter.",
        "tidal_norm_linear": 0.005173821608993934,
        "validity_regime": "borderline_linear"
      }
    },
    {
      "causal_structure": {
        "energy_warning": "Linearized gravity neglects gravitational self-interaction; validity requires |h|<<1 and small nonlinearities.",
        "horizon_radius": null,
        "radial_null_cone_dz_dt": {
          "ingoing": -1.0,
          "outgoing": 1.0
        },
        "region": "weak-field plane GW (linearized TT gauge)"
      },
      "coordinates": {
        "A": 0.01,
        "omega": 1.0,
        "phase_phi": 0.5,
        "t": 1.0,
        "z": 0.5
      },
      "curvature_invariants": {
        "kretschmann_proxy": 0.000308060461173628,
        "ricci_scalar": 0.0
      },
      "local_observables": {
        "R0x0x_linear": 0.004387912809451864,
        "R0y0y_linear": -0.004387912809451864,
        "h_xx": 0.008775825618903728,
        "h_yy": -0.008775825618903728,
        "nonlinearity_ratio_proxy_|h|": 0.008775825618903728,
        "notes": "Linearized model keeps O(h) and drops O(h^2). A simple consistency check is |h| << 1. When |h| ~ 0.1 or larger, nonlinear corrections are expected to matter.",
        "tidal_norm_linear": 0.0062054458056374565,
        "validity_regime": "borderline_linear"
      }
    },
    {
      "causal_structure": {
        "energy_warning": "Linearized gravity neglects gravitational self-interaction; validity requires |h|<<1 and small nonlinearities.",
        "horizon_radius": null,
        "radial_null_cone_dz_dt": {
          "ingoing": -1.0,
          "outgoing": 1.0
        },
        "region": "weak-field plane GW (linearized TT gauge)"
      },
      "coordinates": {
        "A": 0.01,
        "omega": 1.0,
        "phase_phi": 0.0,
        "t": 1.0,
        "z": 1.0
      },
      "curvature_invariants": {
        "kretschmann_proxy": 0.0004,
        "ricci_scalar": 0.0
      },
      "local_observables": {
        "R0x0x_linear": 0.005,
        "R0y0y_linear": -0.005,
        "h_xx": 0.01,
        "h_yy": -0.01,
        "nonlinearity_ratio_proxy_|h|": 0.01,
        "notes": "Linearized model keeps O(h) and drops O(h^2). A simple consistency check is |h| << 1. When |h| ~ 0.1 or larger, nonlinear corrections are expected to matter.",
        "tidal_norm_linear": 0.007071067811865475,
        "validity_regime": "borderline_linear"
      }
    },
    {
      "causal_structure": {
        "energy_warning": "Linearized gravity neglects gravitational self-interaction; validity requires |h|<<1 and small nonlinearities.",
        "horizon_radius": null,
        "radial_null_cone_dz_dt": {
          "ingoing": -1.0,
          "outgoing": 1.0
        },
        "region": "weak-field plane GW (linearized TT gauge)"
      },
      "coordinates": {
        "A": 0.01,
        "omega": 1.0,
        "phase_phi": 2.0,
        "t": 2.0,
        "z": 0.0
      },
      "curvature_invariants": {
        "kretschmann_proxy": 6.927127582727761e-05,
        "ricci_scalar": 0.0
      },
      "local_observables": {
        "R0x0x_linear": -0.002080734182735712,
        "R0y0y_linear": 0.002080734182735712,
        "h_xx": -0.004161468365471424,
        "h_yy": 0.004161468365471424,
        "nonlinearity_ratio_proxy_|h|": 0.004161468365471424,
        "notes": "Linearized model keeps O(h) and drops O(h^2). A simple consistency check is |h| << 1. When |h| ~ 0.1 or larger, nonlinear corrections are expected to matter.",
        "tidal_norm_linear": 0.0029426025009181415,
        "validity_regime": "borderline_linear"
      }
    },
    {
      "causal_structure": {
        "energy_warning": "Linearized gravity neglects gravitational self-interaction; validity requires |h|<<1 and small nonlinearities.",
        "horizon_radius": null,
        "radial_null_cone_dz_dt": {
          "ingoing": -1.0,
          "outgoing": 1.0
        },
        "region": "weak-field plane GW (linearized TT gauge)"
      },
      "coordinates": {
        "A": 0.01,
        "omega": 1.0,
        "phase_phi": 1.75,
        "t": 2.0,
        "z": 0.25
      },
      "curvature_invariants": {
        "kretschmann_proxy": 1.2708662541840732e-05,
        "ricci_scalar": 0.0
      },
      "local_observables": {
        "R0x0x_linear": -0.0008912302782474605,
        "R0y0y_linear": 0.0008912302782474605,
        "h_xx": -0.001782460556494921,
        "h_yy": 0.001782460556494921,
        "nonlinearity_ratio_proxy_|h|": 0.001782460556494921,
        "notes": "Linearized model keeps O(h) and drops O(h^2). A simple consistency check is |h| << 1. When |h| ~ 0.1 or larger, nonlinear corrections are expected to matter.",
        "tidal_norm_linear": 0.0012603899466951058,
        "validity_regime": "borderline_linear"
      }
    },
    {
      "causal_structure": {
        "energy_warning": "Linearized gravity neglects gravitational self-interaction; validity requires |h|<<1 and small nonlinearities.",
        "horizon_radius": null,
        "radial_null_cone_dz_dt": {
          "ingoing": -1.0,
          "outgoing": 1.0
        },
        "region": "weak-field plane GW (linearized TT gauge)"
      },
      "coordinates": {
        "A": 0.01,
        "omega": 1.0,
        "phase_phi": 1.5,
        "t": 2.0,
        "z": 0.5
      },
      "curvature_invariants": {
        "kretschmann_proxy": 2.0015006799109084e-06,
        "ricci_scalar": 0.0
      },
      "local_observables": {
        "R0x0x_linear": 0.00035368600833851453,
        "R0y0y_linear": -0.00035368600833851453,
        "h_xx": 0.0007073720166770291,
        "h_yy": -0.0007073720166770291,
        "nonlinearity_ratio_proxy_|h|": 0.0007073720166770291,
        "notes": "Linearized model keeps O(h) and drops O(h^2). A simple consistency check is |h| << 1. When |h| ~ 0.1 or larger, nonlinear corrections are expected to matter.",
        "tidal_norm_linear": 0.0005001875498139308,
        "validity_regime": "safe_linear"
      }
    },
    {
      "causal_structure": {
        "energy_warning": "Linearized gravity neglects gravitational self-interaction; validity requires |h|<<1 and small nonlinearities.",
        "horizon_radius": null,
        "radial_null_cone_dz_dt": {
          "ingoing": -1.0,
          "outgoing": 1.0
        },
        "region": "weak-field plane GW (linearized TT gauge)"
      },
      "coordinates": {
        "A": 0.01,
        "omega": 1.0,
        "phase_phi": 1.0,
        "t": 2.0,
        "z": 1.0
      },
      "curvature_invariants": {
        "kretschmann_proxy": 0.00011677063269057156,
        "ricci_scalar": 0.0
      },
      "local_observables": {
        "R0x0x_linear": 0.002701511529340699,
        "R0y0y_linear": -0.002701511529340699,
        "h_xx": 0.005403023058681398,
        "h_yy": -0.005403023058681398,
        "nonlinearity_ratio_proxy_|h|": 0.005403023058681398,
        "notes": "Linearized model keeps O(h) and drops O(h^2). A simple consistency check is |h| << 1. When |h| ~ 0.1 or larger, nonlinear corrections are expected to matter.",
        "tidal_norm_linear": 0.003820514243700898,
        "validity_regime": "borderline_linear"
      }
    },
    {
      "causal_structure": {
        "energy_warning": "Linearized gravity neglects gravitational self-interaction; validity requires |h|<<1 and small nonlinearities.",
        "horizon_radius": null,
        "radial_null_cone_dz_dt": {
          "ingoing": -1.0,
          "outgoing": 1.0
        },
        "region": "weak-field plane GW (linearized TT gauge)"
      },
      "coordinates": {
        "A": 0.1,
        "omega": 1.0,
        "phase_phi": 0.0,
        "t": 0.0,
        "z": 0.0
      },
      "curvature_invariants": {
        "kretschmann_proxy": 0.040000000000000015,
        "ricci_scalar": 0.0
      },
      "local_observables": {
        "R0x0x_linear": 0.05,
        "R0y0y_linear": -0.05,
        "h_xx": 0.1,
        "h_yy": -0.1,
        "nonlinearity_ratio_proxy_|h|": 0.1,
        "notes": "Linearized model keeps O(h) and drops O(h^2). A simple consistency check is |h| << 1. When |h| ~ 0.1 or larger, nonlinear corrections are expected to matter.",
        "tidal_norm_linear": 0.07071067811865477,
        "validity_regime": "nonlinear_expected"
      }
    },
    {
      "causal_structure": {
        "energy_warning": "Linearized gravity neglects gravitational self-interaction; validity requires |h|<<1 and small nonlinearities.",
        "horizon_radius": null,
        "radial_null_cone_dz_dt": {
          "ingoing": -1.0,
          "outgoing": 1.0
        },
        "region": "weak-field plane GW (linearized TT gauge)"
      },
      "coordinates": {
        "A": 0.1,
        "omega": 1.0,
        "phase_phi": -0.25,
        "t": 0.0,
        "z": 0.25
      },
      "curvature_invariants": {
        "kretschmann_proxy": 0.03755165123780745,
        "ricci_scalar": 0.0
      },
      "local_observables": {
        "R0x0x_linear": 0.04844562108553224,
        "R0y0y_linear": -0.04844562108553224,
        "h_xx": 0.09689124217106448,
        "h_yy": -0.09689124217106448,
        "nonlinearity_ratio_proxy_|h|": 0.09689124217106448,
        "notes": "Linearized model keeps O(h) and drops O(h^2). A simple consistency check is |h| << 1. When |h| ~ 0.1 or larger, nonlinear corrections are expected to matter.",
        "tidal_norm_linear": 0.06851245437674768,
        "validity_regime": "borderline_linear"
      }
    },
    {
      "causal_structure": {
        "energy_warning": "Linearized gravity neglects gravitational self-interaction; validity requires |h|<<1 and small nonlinearities.",
        "horizon_radius": null,
        "radial_null_cone_dz_dt": {
          "ingoing": -1.0,
          "outgoing": 1.0
        },
        "region": "weak-field plane GW (linearized TT gauge)"
      },
      "coordinates": {
        "A": 0.1,
        "omega": 1.0,
        "phase_phi": -0.5,
        "t": 0.0,
        "z": 0.5
      },
      "curvature_invariants": {
        "kretschmann_proxy": 0.0308060461173628,
        "ricci_scalar": 0.0
      },
      "local_observables": {
        "R0x0x_linear": 0.04387912809451864,
        "R0y0y_linear": -0.04387912809451864,
        "h_xx": 0.08775825618903728,
        "h_yy": -0.08775825618903728,
        "nonlinearity_ratio_proxy_|h|": 0.08775825618903728,
        "notes": "Linearized model keeps O(h) and drops O(h^2). A simple consistency check is |h| << 1. When |h| ~ 0.1 or larger, nonlinear corrections are expected to matter.",
        "tidal_norm_linear": 0.062054458056374565,
        "validity_regime": "borderline_linear"
      }
    },
    {
      "causal_structure": {
        "energy_warning": "Linearized gravity neglects gravitational self-interaction; validity requires |h|<<1 and small nonlinearities.",
        "horizon_radius": null,
        "radial_null_cone_dz_dt": {
          "ingoing": -1.0,
          "outgoing": 1.0
        },
        "region": "weak-field plane GW (linearized TT gauge)"
      },
      "coordinates": {
        "A": 0.1,
        "omega": 1.0,
        "phase_phi": -1.0,
        "t": 0.0,
        "z": 1.0
      },
      "curvature_invariants": {
        "kretschmann_proxy": 0.011677063269057153,
        "ricci_scalar": 0.0
      },
      "local_observables": {
        "R0x0x_linear": 0.02701511529340699,
        "R0y0y_linear": -0.02701511529340699,
        "h_xx": 0.05403023058681398,
        "h_yy": -0.05403023058681398,
        "nonlinearity_ratio_proxy_|h|": 0.05403023058681398,
        "notes": "Linearized model keeps O(h) and drops O(h^2). A simple consistency check is |h| << 1. When |h| ~ 0.1 or larger, nonlinear corrections are expected to matter.",
        "tidal_norm_linear": 0.038205142437008975,
        "validity_regime": "borderline_linear"
      }
    },
    {
      "causal_structure": {
        "energy_warning": "Linearized gravity neglects gravitational self-interaction; validity requires |h|<<1 and small nonlinearities.",
        "horizon_radius": null,
        "radial_null_cone_dz_dt": {
          "ingoing": -1.0,
          "outgoing": 1.0
        },
        "region": "weak-field plane GW (linearized TT gauge)"
      },
      "coordinates": {
        "A": 0.1,
        "omega": 1.0,
        "phase_phi": 0.5,
        "t": 0.5,
        "z": 0.0
      },
      "curvature_invariants": {
        "kretschmann_proxy": 0.0308060461173628,
        "ricci_scalar": 0.0
      },
      "local_observables": {
        "R0x0x_linear": 0.04387912809451864,
        "R0y0y_linear": -0.04387912809451864,
        "h_xx": 0.08775825618903728,
        "h_yy": -0.08775825618903728,
        "nonlinearity_ratio_proxy_|h|": 0.08775825618903728,
        "notes": "Linearized model keeps O(h) and drops O(h^2). A simple consistency check is |h| << 1. When |h| ~ 0.1 or larger, nonlinear corrections are expected to matter.",
        "tidal_norm_linear": 0.062054458056374565,
        "validity_regime": "borderline_linear"
      }
    },
    {
      "causal_structure": {
        "energy_warning": "Linearized gravity neglects gravitational self-interaction; validity requires |h|<<1 and small nonlinearities.",
        "horizon_radius": null,
        "radial_null_cone_dz_dt": {
          "ingoing": -1.0,
          "outgoing": 1.0
        },
        "region": "weak-field plane GW (linearized TT gauge)"
      },
      "coordinates": {
        "A": 0.1,
        "omega": 1.0,
        "phase_phi": 0.25,
        "t": 0.5,
        "z": 0.25
      },
      "curvature_invariants": {
        "kretschmann_proxy": 0.03755165123780745,
        "ricci_scalar": 0.0
      },
      "local_observables": {
        "R0x0x_linear": 0.04844562108553224,
        "R0y0y_linear": -0.04844562108553224,
        "h_xx": 0.09689124217106448,
        "h_yy": -0.09689124217106448,
        "nonlinearity_ratio_proxy_|h|": 0.09689124217106448,
        "notes": "Linearized model keeps O(h) and drops O(h^2). A simple consistency check is |h| << 1. When |h| ~ 0.1 or larger, nonlinear corrections are expected to matter.",
        "tidal_norm_linear": 0.06851245437674768,
        "validity_regime": "borderline_linear"
      }
    },
    {
      "causal_structure": {
        "energy_warning": "Linearized gravity neglects gravitational self-interaction; validity requires |h|<<1 and small nonlinearities.",
        "horizon_radius": null,
        "radial_null_cone_dz_dt": {
          "ingoing": -1.0,
          "outgoing": 1.0
        },
        "region": "weak-field plane GW (linearized TT gauge)"
      },
      "coordinates": {
        "A": 0.1,
        "omega": 1.0,
        "phase_phi": 0.0,
        "t": 0.5,
        "z": 0.5
      },
      "curvature_invariants": {
        "kretschmann_proxy": 0.040000000000000015,
        "ricci_scalar": 0.0
      },
      "local_observables": {
        "R0x0x_linear": 0.05,
        "R0y0y_linear": -0.05,
        "h_xx": 0.1,
        "h_yy": -0.1,
        "nonlinearity_ratio_proxy_|h|": 0.1,
        "notes": "Linearized model keeps O(h) and drops O(h^2). A simple consistency check is |h| << 1. When |h| ~ 0.1 or larger, nonlinear corrections are expected to matter.",
        "tidal_norm_linear": 0.07071067811865477,
        "validity_regime": "nonlinear_expected"
      }
    },
    {
      "causal_structure": {
        "energy_warning": "Linearized gravity neglects gravitational self-interaction; validity requires |h|<<1 and small nonlinearities.",
        "horizon_radius": null,
        "radial_null_cone_dz_dt": {
          "ingoing": -1.0,
          "outgoing": 1.0
        },
        "region": "weak-field plane GW (linearized TT gauge)"
      },
      "coordinates": {
        "A": 0.1,
        "omega": 1.0,
        "phase_phi": -0.5,
        "t": 0.5,
        "z": 1.0
      },
      "curvature_invariants": {
        "kretschmann_proxy": 0.0308060461173628,
        "ricci_scalar": 0.0
      },
      "local_observables": {
        "R0x0x_linear": 0.04387912809451864,
        "R0y0y_linear": -0.04387912809451864,
        "h_xx": 0.08775825618903728,
        "h_yy": -0.08775825618903728,
        "nonlinearity_ratio_proxy_|h|": 0.08775825618903728,
        "notes": "Linearized model keeps O(h) and drops O(h^2). A simple consistency check is |h| << 1. When |h| ~ 0.1 or larger, nonlinear corrections are expected to matter.",
        "tidal_norm_linear": 0.062054458056374565,
        "validity_regime": "borderline_linear"
      }
    },
    {
      "causal_structure": {
        "energy_warning": "Linearized gravity neglects gravitational self-interaction; validity requires |h|<<1 and small nonlinearities.",
        "horizon_radius": null,
        "radial_null_cone_dz_dt": {
          "ingoing": -1.0,
          "outgoing": 1.0
        },
        "region": "weak-field plane GW (linearized TT gauge)"
      },
      "coordinates": {
        "A": 0.1,
        "omega": 1.0,
        "phase_phi": 1.0,
        "t": 1.0,
        "z": 0.0
      },
      "curvature_invariants": {
        "kretschmann_proxy": 0.011677063269057153,
        "ricci_scalar": 0.0
      },
      "local_observables": {
        "R0x0x_linear": 0.02701511529340699,
        "R0y0y_linear": -0.02701511529340699,
        "h_xx": 0.05403023058681398,
        "h_yy": -0.05403023058681398,
        "nonlinearity_ratio_proxy_|h|": 0.05403023058681398,
        "notes": "Linearized model keeps O(h) and drops O(h^2). A simple consistency check is |h| << 1. When |h| ~ 0.1 or larger, nonlinear corrections are expected to matter.",
        "tidal_norm_linear": 0.038205142437008975,
        "validity_regime": "borderline_linear"
      }
    },
    {
      "causal_structure": {
        "energy_warning": "Linearized gravity neglects gravitational self-interaction; validity requires |h|<<1 and small nonlinearities.",
        "horizon_radius": null,
        "radial_null_cone_dz_dt": {
          "ingoing": -1.0,
          "outgoing": 1.0
        },
        "region": "weak-field plane GW (linearized TT gauge)"
      },
      "coordinates": {
        "A": 0.1,
        "omega": 1.0,
        "phase_phi": 0.75,
        "t": 1.0,
        "z": 0.25
      },
      "curvature_invariants": {
        "kretschmann_proxy": 0.021414744033354055,
        "ricci_scalar": 0.0
      },
      "local_observables": {
        "R0x0x_linear": 0.03658444344369104,
        "R0y0y_linear": -0.03658444344369104,
        "h_xx": 0.07316888688738209,
        "h_yy": -0.07316888688738209,
        "nonlinearity_ratio_proxy_|h|": 0.07316888688738209,
        "notes": "Linearized model keeps O(h) and drops O(h^2). A simple consistency check is |h| << 1. When |h| ~ 0.1 or larger, nonlinear corrections are expected to matter.",
        "tidal_norm_linear": 0.05173821608993933,
        "validity_regime": "borderline_linear"
      }
    },
    {
      "causal_structure": {
        "energy_warning": "Linearized gravity neglects gravitational self-interaction; validity requires |h|<<1 and small nonlinearities.",
        "horizon_radius": null,
        "radial_null_cone_dz_dt": {
          "ingoing": -1.0,
          "outgoing": 1.0
        },
        "region": "weak-field plane GW (linearized TT gauge)"
      },
      "coordinates": {
        "A": 0.1,
        "omega": 1.0,
        "phase_phi": 0.5,
        "t": 1.0,
        "z": 0.5
      },
      "curvature_invariants": {
        "kretschmann_proxy": 0.0308060461173628,
        "ricci_scalar": 0.0
      },
      "local_observables": {
        "R0x0x_linear": 0.04387912809451864,
        "R0y0y_linear": -0.04387912809451864,
        "h_xx": 0.08775825618903728,
        "h_yy": -0.08775825618903728,
        "nonlinearity_ratio_proxy_|h|": 0.08775825618903728,
        "notes": "Linearized model keeps O(h) and drops O(h^2). A simple consistency check is |h| << 1. When |h| ~ 0.1 or larger, nonlinear corrections are expected to matter.",
        "tidal_norm_linear": 0.062054458056374565,
        "validity_regime": "borderline_linear"
      }
    },
    {
      "causal_structure": {
        "energy_warning": "Linearized gravity neglects gravitational self-interaction; validity requires |h|<<1 and small nonlinearities.",
        "horizon_radius": null,
        "radial_null_cone_dz_dt": {
          "ingoing": -1.0,
          "outgoing": 1.0
        },
        "region": "weak-field plane GW (linearized TT gauge)"
      },
      "coordinates": {
        "A": 0.1,
        "omega": 1.0,
        "phase_phi": 0.0,
        "t": 1.0,
        "z": 1.0
      },
      "curvature_invariants": {
        "kretschmann_proxy": 0.040000000000000015,
        "ricci_scalar": 0.0
      },
      "local_observables": {
        "R0x0x_linear": 0.05,
        "R0y0y_linear": -0.05,
        "h_xx": 0.1,
        "h_yy": -0.1,
        "nonlinearity_ratio_proxy_|h|": 0.1,
        "notes": "Linearized model keeps O(h) and drops O(h^2). A simple consistency check is |h| << 1. When |h| ~ 0.1 or larger, nonlinear corrections are expected to matter.",
        "tidal_norm_linear": 0.07071067811865477,
        "validity_regime": "nonlinear_expected"
      }
    },
    {
      "causal_structure": {
        "energy_warning": "Linearized gravity neglects gravitational self-interaction; validity requires |h|<<1 and small nonlinearities.",
        "horizon_radius": null,
        "radial_null_cone_dz_dt": {
          "ingoing": -1.0,
          "outgoing": 1.0
        },
        "region": "weak-field plane GW (linearized TT gauge)"
      },
      "coordinates": {
        "A": 0.1,
        "omega": 1.0,
        "phase_phi": 2.0,
        "t": 2.0,
        "z": 0.0
      },
      "curvature_invariants": {
        "kretschmann_proxy": 0.006927127582727762,
        "ricci_scalar": 0.0
      },
      "local_observables": {
        "R0x0x_linear": -0.02080734182735712,
        "R0y0y_linear": 0.02080734182735712,
        "h_xx": -0.04161468365471424,
        "h_yy": 0.04161468365471424,
        "nonlinearity_ratio_proxy_|h|": 0.04161468365471424,
        "notes": "Linearized model keeps O(h) and drops O(h^2). A simple consistency check is |h| << 1. When |h| ~ 0.1 or larger, nonlinear corrections are expected to matter.",
        "tidal_norm_linear": 0.029426025009181418,
        "validity_regime": "borderline_linear"
      }
    },
    {
      "causal_structure": {
        "energy_warning": "Linearized gravity neglects gravitational self-interaction; validity requires |h|<<1 and small nonlinearities.",
        "horizon_radius": null,
        "radial_null_cone_dz_dt": {
          "ingoing": -1.0,
          "outgoing": 1.0
        },
        "region": "weak-field plane GW (linearized TT gauge)"
      },
      "coordinates": {
        "A": 0.1,
        "omega": 1.0,
        "phase_phi": 1.75,
        "t": 2.0,
        "z": 0.25
      },
      "curvature_invariants": {
        "kretschmann_proxy": 0.0012708662541840731,
        "ricci_scalar": 0.0
      },
      "local_observables": {
        "R0x0x_linear": -0.008912302782474605,
        "R0y0y_linear": 0.008912302782474605,
        "h_xx": -0.01782460556494921,
        "h_yy": 0.01782460556494921,
        "nonlinearity_ratio_proxy_|h|": 0.01782460556494921,
        "notes": "Linearized model keeps O(h) and drops O(h^2). A simple consistency check is |h| << 1. When |h| ~ 0.1 or larger, nonlinear corrections are expected to matter.",
        "tidal_norm_linear": 0.012603899466951058,
        "validity_regime": "borderline_linear"
      }
    },
    {
      "causal_structure": {
        "energy_warning": "Linearized gravity neglects gravitational self-interaction; validity requires |h|<<1 and small nonlinearities.",
        "horizon_radius": null,
        "radial_null_cone_dz_dt": {
          "ingoing": -1.0,
          "outgoing": 1.0
        },
        "region": "weak-field plane GW (linearized TT gauge)"
      },
      "coordinates": {
        "A": 0.1,
        "omega": 1.0,
        "phase_phi": 1.5,
        "t": 2.0,
        "z": 0.5
      },
      "curvature_invariants": {
        "kretschmann_proxy": 0.00020015006799109085,
        "ricci_scalar": 0.0
      },
      "local_observables": {
        "R0x0x_linear": 0.0035368600833851453,
        "R0y0y_linear": -0.0035368600833851453,
        "h_xx": 0.007073720166770291,
        "h_yy": -0.007073720166770291,
        "nonlinearity_ratio_proxy_|h|": 0.007073720166770291,
        "notes": "Linearized model keeps O(h) and drops O(h^2). A simple consistency check is |h| << 1. When |h| ~ 0.1 or larger, nonlinear corrections are expected to matter.",
        "tidal_norm_linear": 0.005001875498139309,
        "validity_regime": "borderline_linear"
      }
    },
    {
      "causal_structure": {
        "energy_warning": "Linearized gravity neglects gravitational self-interaction; validity requires |h|<<1 and small nonlinearities.",
        "horizon_radius": null,
        "radial_null_cone_dz_dt": {
          "ingoing": -1.0,
          "outgoing": 1.0
        },
        "region": "weak-field plane GW (linearized TT gauge)"
      },
      "coordinates": {
        "A": 0.1,
        "omega": 1.0,
        "phase_phi": 1.0,
        "t": 2.0,
        "z": 1.0
      },
      "curvature_invariants": {
        "kretschmann_proxy": 0.011677063269057153,
        "ricci_scalar": 0.0
      },
      "local_observables": {
        "R0x0x_linear": 0.02701511529340699,
        "R0y0y_linear": -0.02701511529340699,
        "h_xx": 0.05403023058681398,
        "h_yy": -0.05403023058681398,
        "nonlinearity_ratio_proxy_|h|": 0.05403023058681398,
        "notes": "Linearized model keeps O(h) and drops O(h^2). A simple consistency check is |h| << 1. When |h| ~ 0.1 or larger, nonlinear corrections are expected to matter.",
        "tidal_norm_linear": 0.038205142437008975,
        "validity_regime": "borderline_linear"
      }
    },
    {
      "causal_structure": {
        "energy_warning": "Linearized gravity neglects gravitational self-interaction; validity requires |h|<<1 and small nonlinearities.",
        "horizon_radius": null,
        "radial_null_cone_dz_dt": {
          "ingoing": -1.0,
          "outgoing": 1.0
        },
        "region": "weak-field plane GW (linearized TT gauge)"
      },
      "coordinates": {
        "A": 0.3,
        "omega": 1.0,
        "phase_phi": 0.0,
        "t": 0.0,
        "z": 0.0
      },
      "curvature_invariants": {
        "kretschmann_proxy": 0.36,
        "ricci_scalar": 0.0
      },
      "local_observables": {
        "R0x0x_linear": 0.15,
        "R0y0y_linear": -0.15,
        "h_xx": 0.3,
        "h_yy": -0.3,
        "nonlinearity_ratio_proxy_|h|": 0.3,
        "notes": "Linearized model keeps O(h) and drops O(h^2). A simple consistency check is |h| << 1. When |h| ~ 0.1 or larger, nonlinear corrections are expected to matter.",
        "tidal_norm_linear": 0.21213203435596426,
        "validity_regime": "nonlinear_expected"
      }
    },
    {
      "causal_structure": {
        "energy_warning": "Linearized gravity neglects gravitational self-interaction; validity requires |h|<<1 and small nonlinearities.",
        "horizon_radius": null,
        "radial_null_cone_dz_dt": {
          "ingoing": -1.0,
          "outgoing": 1.0
        },
        "region": "weak-field plane GW (linearized TT gauge)"
      },
      "coordinates": {
        "A": 0.3,
        "omega": 1.0,
        "phase_phi": -0.25,
        "t": 0.0,
        "z": 0.25
      },
      "curvature_invariants": {
        "kretschmann_proxy": 0.337964861140267,
        "ricci_scalar": 0.0
      },
      "local_observables": {
        "R0x0x_linear": 0.1453368632565967,
        "R0y0y_linear": -0.1453368632565967,
        "h_xx": 0.2906737265131934,
        "h_yy": -0.2906737265131934,
        "nonlinearity_ratio_proxy_|h|": 0.2906737265131934,
        "notes": "Linearized model keeps O(h) and drops O(h^2). A simple consistency check is |h| << 1. When |h| ~ 0.1 or larger, nonlinear corrections are expected to matter.",
        "tidal_norm_linear": 0.205537363130243,
        "validity_regime": "nonlinear_expected"
      }
    },
    {
      "causal_structure": {
        "energy_warning": "Linearized gravity neglects gravitational self-interaction; validity requires |h|<<1 and small nonlinearities.",
        "horizon_radius": null,
        "radial_null_cone_dz_dt": {
          "ingoing": -1.0,
          "outgoing": 1.0
        },
        "region": "weak-field plane GW (linearized TT gauge)"
      },
      "coordinates": {
        "A": 0.3,
        "omega": 1.0,
        "phase_phi": -0.5,
        "t": 0.0,
        "z": 0.5
      },
      "curvature_invariants": {
        "kretschmann_proxy": 0.2772544150562651,
        "ricci_scalar": 0.0
      },
      "local_observables": {
        "R0x0x_linear": 0.1316373842835559,
        "R0y0y_linear": -0.1316373842835559,
        "h_xx": 0.2632747685671118,
        "h_yy": -0.2632747685671118,
        "nonlinearity_ratio_proxy_|h|": 0.2632747685671118,
        "notes": "Linearized model keeps O(h) and drops O(h^2). A simple consistency check is |h| << 1. When |h| ~ 0.1 or larger, nonlinear corrections are expected to matter.",
        "tidal_norm_linear": 0.18616337416912365,
        "validity_regime": "nonlinear_expected"
      }
    },
    {
      "causal_structure": {
        "energy_warning": "Linearized gravity neglects gravitational self-interaction; validity requires |h|<<1 and small nonlinearities.",
        "horizon_radius": null,
        "radial_null_cone_dz_dt": {
          "ingoing": -1.0,
          "outgoing": 1.0
        },
        "region": "weak-field plane GW (linearized TT gauge)"
      },
      "coordinates": {
        "A": 0.3,
        "omega": 1.0,
        "phase_phi": -1.0,
        "t": 0.0,
        "z": 1.0
      },
      "curvature_invariants": {
        "kretschmann_proxy": 0.10509356942151436,
        "ricci_scalar": 0.0
      },
      "local_observables": {
        "R0x0x_linear": 0.08104534588022096,
        "R0y0y_linear": -0.08104534588022096,
        "h_xx": 0.1620906917604419,
        "h_yy": -0.1620906917604419,
        "nonlinearity_ratio_proxy_|h|": 0.1620906917604419,
        "notes": "Linearized model keeps O(h) and drops O(h^2). A simple consistency check is |h| << 1. When |h| ~ 0.1 or larger, nonlinear corrections are expected to matter.",
        "tidal_norm_linear": 0.11461542731102692,
        "validity_regime": "nonlinear_expected"
      }
    },
    {
      "causal_structure": {
        "energy_warning": "Linearized gravity neglects gravitational self-interaction; validity requires |h|<<1 and small nonlinearities.",
        "horizon_radius": null,
        "radial_null_cone_dz_dt": {
          "ingoing": -1.0,
          "outgoing": 1.0
        },
        "region": "weak-field plane GW (linearized TT gauge)"
      },
      "coordinates": {
        "A": 0.3,
        "omega": 1.0,
        "phase_phi": 0.5,
        "t": 0.5,
        "z": 0.0
      },
      "curvature_invariants": {
        "kretschmann_proxy": 0.2772544150562651,
        "ricci_scalar": 0.0
      },
      "local_observables": {
        "R0x0x_linear": 0.1316373842835559,
        "R0y0y_linear": -0.1316373842835559,
        "h_xx": 0.2632747685671118,
        "h_yy": -0.2632747685671118,
        "nonlinearity_ratio_proxy_|h|": 0.2632747685671118,
        "notes": "Linearized model keeps O(h) and drops O(h^2). A simple consistency check is |h| << 1. When |h| ~ 0.1 or larger, nonlinear corrections are expected to matter.",
        "tidal_norm_linear": 0.18616337416912365,
        "validity_regime": "nonlinear_expected"
      }
    },
    {
      "causal_structure": {
        "energy_warning": "Linearized gravity neglects gravitational self-interaction; validity requires |h|<<1 and small nonlinearities.",
        "horizon_radius": null,
        "radial_null_cone_dz_dt": {
          "ingoing": -1.0,
          "outgoing": 1.0
        },
        "region": "weak-field plane GW (linearized TT gauge)"
      },
      "coordinates": {
        "A": 0.3,
        "omega": 1.0,
        "phase_phi": 0.25,
        "t": 0.5,
        "z": 0.25
      },
      "curvature_invariants": {
        "kretschmann_proxy": 0.337964861140267,
        "ricci_scalar": 0.0
      },
      "local_observables": {
        "R0x0x_linear": 0.1453368632565967,
        "R0y0y_linear": -0.1453368632565967,
        "h_xx": 0.2906737265131934,
        "h_yy": -0.2906737265131934,
        "nonlinearity_ratio_proxy_|h|": 0.2906737265131934,
        "notes": "Linearized model keeps O(h) and drops O(h^2). A simple consistency check is |h| << 1. When |h| ~ 0.1 or larger, nonlinear corrections are expected to matter.",
        "tidal_norm_linear": 0.205537363130243,
        "validity_regime": "nonlinear_expected"
      }
    },
    {
      "causal_structure": {
        "energy_warning": "Linearized gravity neglects gravitational self-interaction; validity requires |h|<<1 and small nonlinearities.",
        "horizon_radius": null,
        "radial_null_cone_dz_dt": {
          "ingoing": -1.0,
          "outgoing": 1.0
        },
        "region": "weak-field plane GW (linearized TT gauge)"
      },
      "coordinates": {
        "A": 0.3,
        "omega": 1.0,
        "phase_phi": 0.0,
        "t": 0.5,
        "z": 0.5
      },
      "curvature_invariants": {
        "kretschmann_proxy": 0.36,
        "ricci_scalar": 0.0
      },
      "local_observables": {
        "R0x0x_linear": 0.15,
        "R0y0y_linear": -0.15,
        "h_xx": 0.3,
        "h_yy": -0.3,
        "nonlinearity_ratio_proxy_|h|": 0.3,
        "notes": "Linearized model keeps O(h) and drops O(h^2). A simple consistency check is |h| << 1. When |h| ~ 0.1 or larger, nonlinear corrections are expected to matter.",
        "tidal_norm_linear": 0.21213203435596426,
        "validity_regime": "nonlinear_expected"
      }
    },
    {
      "causal_structure": {
        "energy_warning": "Linearized gravity neglects gravitational self-interaction; validity requires |h|<<1 and small nonlinearities.",
        "horizon_radius": null,
        "radial_null_cone_dz_dt": {
          "ingoing": -1.0,
          "outgoing": 1.0
        },
        "region": "weak-field plane GW (linearized TT gauge)"
      },
      "coordinates": {
        "A": 0.3,
        "omega": 1.0,
        "phase_phi": -0.5,
        "t": 0.5,
        "z": 1.0
      },
      "curvature_invariants": {
        "kretschmann_proxy": 0.2772544150562651,
        "ricci_scalar": 0.0
      },
      "local_observables": {
        "R0x0x_linear": 0.1316373842835559,
        "R0y0y_linear": -0.1316373842835559,
        "h_xx": 0.2632747685671118,
        "h_yy": -0.2632747685671118,
        "nonlinearity_ratio_proxy_|h|": 0.2632747685671118,
        "notes": "Linearized model keeps O(h) and drops O(h^2). A simple consistency check is |h| << 1. When |h| ~ 0.1 or larger, nonlinear corrections are expected to matter.",
        "tidal_norm_linear": 0.18616337416912365,
        "validity_regime": "nonlinear_expected"
      }
    },
    {
      "causal_structure": {
        "energy_warning": "Linearized gravity neglects gravitational self-interaction; validity requires |h|<<1 and small nonlinearities.",
        "horizon_radius": null,
        "radial_null_cone_dz_dt": {
          "ingoing": -1.0,
          "outgoing": 1.0
        },
        "region": "weak-field plane GW (linearized TT gauge)"
      },
      "coordinates": {
        "A": 0.3,
        "omega": 1.0,
        "phase_phi": 1.0,
        "t": 1.0,
        "z": 0.0
      },
      "curvature_invariants": {
        "kretschmann_proxy": 0.10509356942151436,
        "ricci_scalar": 0.0
      },
      "local_observables": {
        "R0x0x_linear": 0.08104534588022096,
        "R0y0y_linear": -0.08104534588022096,
        "h_xx": 0.1620906917604419,
        "h_yy": -0.1620906917604419,
        "nonlinearity_ratio_proxy_|h|": 0.1620906917604419,
        "notes": "Linearized model keeps O(h) and drops O(h^2). A simple consistency check is |h| << 1. When |h| ~ 0.1 or larger, nonlinear corrections are expected to matter.",
        "tidal_norm_linear": 0.11461542731102692,
        "validity_regime": "nonlinear_expected"
      }
    },
    {
      "causal_structure": {
        "energy_warning": "Linearized gravity neglects gravitational self-interaction; validity requires |h|<<1 and small nonlinearities.",
        "horizon_radius": null,
        "radial_null_cone_dz_dt": {
          "ingoing": -1.0,
          "outgoing": 1.0
        },
        "region": "weak-field plane GW (linearized TT gauge)"
      },
      "coordinates": {
        "A": 0.3,
        "omega": 1.0,
        "phase_phi": 0.75,
        "t": 1.0,
        "z": 0.25
      },
      "curvature_invariants": {
        "kretschmann_proxy": 0.19273269630018655,
        "ricci_scalar": 0.0
      },
      "local_observables": {
        "R0x0x_linear": 0.10975333033107314,
        "R0y0y_linear": -0.10975333033107314,
        "h_xx": 0.21950666066214627,
        "h_yy": -0.21950666066214627,
        "nonlinearity_ratio_proxy_|h|": 0.21950666066214627,
        "notes": "Linearized model keeps O(h) and drops O(h^2). A simple consistency check is |h| << 1. When |h| ~ 0.1 or larger, nonlinear corrections are expected to matter.",
        "tidal_norm_linear": 0.155214648269818,
        "validity_regime": "nonlinear_expected"
      }
    },
    {
      "causal_structure": {
        "energy_warning": "Linearized gravity neglects gravitational self-interaction; validity requires |h|<<1 and small nonlinearities.",
        "horizon_radius": null,
        "radial_null_cone_dz_dt": {
          "ingoing": -1.0,
          "outgoing": 1.0
        },
        "region": "weak-field plane GW (linearized TT gauge)"
      },
      "coordinates": {
        "A": 0.3,
        "omega": 1.0,
        "phase_phi": 0.5,
        "t": 1.0,
        "z": 0.5
      },
      "curvature_invariants": {
        "kretschmann_proxy": 0.2772544150562651,
        "ricci_scalar": 0.0
      },
      "local_observables": {
        "R0x0x_linear": 0.1316373842835559,
        "R0y0y_linear": -0.1316373842835559,
        "h_xx": 0.2632747685671118,
        "h_yy": -0.2632747685671118,
        "nonlinearity_ratio_proxy_|h|": 0.2632747685671118,
        "notes": "Linearized model keeps O(h) and drops O(h^2). A simple consistency check is |h| << 1. When |h| ~ 0.1 or larger, nonlinear corrections are expected to matter.",
        "tidal_norm_linear": 0.18616337416912365,
        "validity_regime": "nonlinear_expected"
      }
    },
    {
      "causal_structure": {
        "energy_warning": "Linearized gravity neglects gravitational self-interaction; validity requires |h|<<1 and small nonlinearities.",
        "horizon_radius": null,
        "radial_null_cone_dz_dt": {
          "ingoing": -1.0,
          "outgoing": 1.0
        },
        "region": "weak-field plane GW (linearized TT gauge)"
      },
      "coordinates": {
        "A": 0.3,
        "omega": 1.0,
        "phase_phi": 0.0,
        "t": 1.0,
        "z": 1.0
      },
      "curvature_invariants": {
        "kretschmann_proxy": 0.36,
        "ricci_scalar": 0.0
      },
      "local_observables": {
        "R0x0x_linear": 0.15,
        "R0y0y_linear": -0.15,
        "h_xx": 0.3,
        "h_yy": -0.3,
        "nonlinearity_ratio_proxy_|h|": 0.3,
        "notes": "Linearized model keeps O(h) and drops O(h^2). A simple consistency check is |h| << 1. When |h| ~ 0.1 or larger, nonlinear corrections are expected to matter.",
        "tidal_norm_linear": 0.21213203435596426,
        "validity_regime": "nonlinear_expected"
      }
    },
    {
      "causal_structure": {
        "energy_warning": "Linearized gravity neglects gravitational self-interaction; validity requires |h|<<1 and small nonlinearities.",
        "horizon_radius": null,
        "radial_null_cone_dz_dt": {
          "ingoing": -1.0,
          "outgoing": 1.0
        },
        "region": "weak-field plane GW (linearized TT gauge)"
      },
      "coordinates": {
        "A": 0.3,
        "omega": 1.0,
        "phase_phi": 2.0,
        "t": 2.0,
        "z": 0.0
      },
      "curvature_invariants": {
        "kretschmann_proxy": 0.06234414824454986,
        "ricci_scalar": 0.0
      },
      "local_observables": {
        "R0x0x_linear": -0.06242202548207136,
        "R0y0y_linear": 0.06242202548207136,
        "h_xx": -0.12484405096414272,
        "h_yy": 0.12484405096414272,
        "nonlinearity_ratio_proxy_|h|": 0.12484405096414272,
        "notes": "Linearized model keeps O(h) and drops O(h^2). A simple consistency check is |h| << 1. When |h| ~ 0.1 or larger, nonlinear corrections are expected to matter.",
        "tidal_norm_linear": 0.08827807502754426,
        "validity_regime": "nonlinear_expected"
      }
    },
    {
      "causal_structure": {
        "energy_warning": "Linearized gravity neglects gravitational self-interaction; validity requires |h|<<1 and small nonlinearities.",
        "horizon_radius": null,
        "radial_null_cone_dz_dt": {
          "ingoing": -1.0,
          "outgoing": 1.0
        },
        "region": "weak-field plane GW (linearized TT gauge)"
      },
      "coordinates": {
        "A": 0.3,
        "omega": 1.0,
        "phase_phi": 1.75,
        "t": 2.0,
        "z": 0.25
      },
      "curvature_invariants": {
        "kretschmann_proxy": 0.011437796287656656,
        "ricci_scalar": 0.0
      },
      "local_observables": {
        "R0x0x_linear": -0.026736908347423812,
        "R0y0y_linear": 0.026736908347423812,
        "h_xx": -0.053473816694847624,
        "h_yy": 0.053473816694847624,
        "nonlinearity_ratio_proxy_|h|": 0.053473816694847624,
        "notes": "Linearized model keeps O(h) and drops O(h^2). A simple consistency check is |h| << 1. When |h| ~ 0.1 or larger, nonlinear corrections are expected to matter.",
        "tidal_norm_linear": 0.03781169840085317,
        "validity_regime": "borderline_linear"
      }
    },
    {
      "causal_structure": {
        "energy_warning": "Linearized gravity neglects gravitational self-interaction; validity requires |h|<<1 and small nonlinearities.",
        "horizon_radius": null,
        "radial_null_cone_dz_dt": {
          "ingoing": -1.0,
          "outgoing": 1.0
        },
        "region": "weak-field plane GW (linearized TT gauge)"
      },
      "coordinates": {
        "A": 0.3,
        "omega": 1.0,
        "phase_phi": 1.5,
        "t": 2.0,
        "z": 0.5
      },
      "curvature_invariants": {
        "kretschmann_proxy": 0.0018013506119198173,
        "ricci_scalar": 0.0
      },
      "local_observables": {
        "R0x0x_linear": 0.010610580250155436,
        "R0y0y_linear": -0.010610580250155436,
        "h_xx": 0.021221160500310872,
        "h_yy": -0.021221160500310872,
        "nonlinearity_ratio_proxy_|h|": 0.021221160500310872,
        "notes": "Linearized model keeps O(h) and drops O(h^2). A simple consistency check is |h| << 1. When |h| ~ 0.1 or larger, nonlinear corrections are expected to matter.",
        "tidal_norm_linear": 0.015005626494417924,
        "validity_regime": "borderline_linear"
      }
    },
    {
      "causal_structure": {
        "energy_warning": "Linearized gravity neglects gravitational self-interaction; validity requires |h|<<1 and small nonlinearities.",
        "horizon_radius": null,
        "radial_null_cone_dz_dt": {
          "ingoing": -1.0,
          "outgoing": 1.0
        },
        "region": "weak-field plane GW (linearized TT gauge)"
      },
      "coordinates": {
        "A": 0.3,
        "omega": 1.0,
        "phase_phi": 1.0,
        "t": 2.0,
        "z": 1.0
      },
      "curvature_invariants": {
        "kretschmann_proxy": 0.10509356942151436,
        "ricci_scalar": 0.0
      },
      "local_observables": {
        "R0x0x_linear": 0.08104534588022096,
        "R0y0y_linear": -0.08104534588022096,
        "h_xx": 0.1620906917604419,
        "h_yy": -0.1620906917604419,
        "nonlinearity_ratio_proxy_|h|": 0.1620906917604419,
        "notes": "Linearized model keeps O(h) and drops O(h^2). A simple consistency check is |h| << 1. When |h| ~ 0.1 or larger, nonlinear corrections are expected to matter.",
        "tidal_norm_linear": 0.11461542731102692,
        "validity_regime": "nonlinear_expected"
      }
    }
  ],
  "spacetime": "Linearized plane gravitational wave on Minkowski (TT gauge, plus polarization)",
  "theory": "General Relativity (linearized gravity validity)",
  "toy_id": "035",
  "units": {
    "G": 1,
    "c": 1
  }
}