{
  "notes": {
    "pressure_point": "The equivalence principle is exact only for point particles. Extended bodies experience size-dependent tidal effects even in free fall."
  },
  "observables": {
    "horizon_radius": 2.0
  },
  "parameters": {
    "M": 1.0,
    "body_size": 1.0
  },
  "sample_points": [
    {
      "causal_structure": {
        "horizon_radius": 2.0,
        "region": "exterior (r>2M)"
      },
      "coordinates": {
        "phi": null,
        "r": 10.0,
        "t": null,
        "theta": null
      },
      "curvature_invariants": {
        "kretschmann": 4.8e-05,
        "ricci_scalar": 0.0
      },
      "local_observables": {
        "body_size": 1.0,
        "extended_body_relative_acceleration": 0.001,
        "point_particle_proper_acceleration": 0.0,
        "tidal_gradient": 0.001
      }
    },
    {
      "causal_structure": {
        "horizon_radius": 2.0,
        "region": "exterior (r>2M)"
      },
      "coordinates": {
        "phi": null,
        "r": 6.0,
        "t": null,
        "theta": null
      },
      "curvature_invariants": {
        "kretschmann": 0.00102880658436214,
        "ricci_scalar": 0.0
      },
      "local_observables": {
        "body_size": 1.0,
        "extended_body_relative_acceleration": 0.004629629629629629,
        "point_particle_proper_acceleration": 0.0,
        "tidal_gradient": 0.004629629629629629
      }
    },
    {
      "causal_structure": {
        "horizon_radius": 2.0,
        "region": "exterior (r>2M)"
      },
      "coordinates": {
        "phi": null,
        "r": 4.0,
        "t": null,
        "theta": null
      },
      "curvature_invariants": {
        "kretschmann": 0.01171875,
        "ricci_scalar": 0.0
      },
      "local_observables": {
        "body_size": 1.0,
        "extended_body_relative_acceleration": 0.015625,
        "point_particle_proper_acceleration": 0.0,
        "tidal_gradient": 0.015625
      }
    },
    {
      "causal_structure": {
        "horizon_radius": 2.0,
        "region": "exterior (r>2M)"
      },
      "coordinates": {
        "phi": null,
        "r": 3.0,
        "t": null,
        "theta": null
      },
      "curvature_invariants": {
        "kretschmann": 0.06584362139917696,
        "ricci_scalar": 0.0
      },
      "local_observables": {
        "body_size": 1.0,
        "extended_body_relative_acceleration": 0.037037037037037035,
        "point_particle_proper_acceleration": 0.0,
        "tidal_gradient": 0.037037037037037035
      }
    },
    {
      "causal_structure": {
        "horizon_radius": 2.0,
        "region": "exterior (r>2M)"
      },
      "coordinates": {
        "phi": null,
        "r": 2.5,
        "t": null,
        "theta": null
      },
      "curvature_invariants": {
        "kretschmann": 0.196608,
        "ricci_scalar": 0.0
      },
      "local_observables": {
        "body_size": 1.0,
        "extended_body_relative_acceleration": 0.064,
        "point_particle_proper_acceleration": 0.0,
        "tidal_gradient": 0.064
      }
    },
    {
      "causal_structure": {
        "horizon_radius": 2.0,
        "region": "exterior (r>2M)"
      },
      "coordinates": {
        "phi": null,
        "r": 2.1,
        "t": null,
        "theta": null
      },
      "curvature_invariants": {
        "kretschmann": 0.5596615474774705,
        "ricci_scalar": 0.0
      },
      "local_observables": {
        "body_size": 1.0,
        "extended_body_relative_acceleration": 0.1079796998164345,
        "point_particle_proper_acceleration": 0.0,
        "tidal_gradient": 0.1079796998164345
      }
    }
  ],
  "spacetime": "Schwarzschild (extended body diagnostics)",
  "theory": "General Relativity (equivalence principle limits)",
  "toy_id": "026",
  "units": {
    "G": 1,
    "c": 1
  }
}