{
  "notes": {
    "domain_of_validity": "Idealized infinitesimally thin dust shell; ignores radiation, pressure, thickness, and non-spherical perturbations.",
    "key_formulas": {
      "binding_energy": "E_bind = \u0394M - m_shell",
      "f(r)": "f = 1 - 2M/r",
      "horizons": "r_h = 2M (each region)",
      "junction_condition": "sqrt(Rdot^2+f_out) - sqrt(Rdot^2+f_in) = - m_shell/R",
      "rdot2_solution": "Rdot^2 = (\u0394M/m_shell + m_shell/(2R))^2 - f_in(R)"
    },
    "pressure_point": "Backreaction onset: the shell's rest mass m_shell is not equal to its conserved energy contribution at infinity \u0394M=M_out-M_in. Binding energy and horizons are global/boundary concepts, so 'small matter' can still change causal structure."
  },
  "observables": {
    "global": {
      "M_in": 0.0,
      "M_out": 1.0,
      "binding_energy_deltaM_minus_m": 0.5,
      "delta_M_energy_at_infinity": 1.0,
      "m_shell_rest_mass": 0.5,
      "r_h_in_2M_in": 0.0,
      "r_h_out_2M_out": 2.0
    }
  },
  "parameters": {
    "M_in": 0.0,
    "M_out": 1.0,
    "m_shell": 0.5
  },
  "sample_points": [
    {
      "causal_structure": {
        "horizon_notes": {
          "exterior_horizon_exists_if_M_out_gt_0": true,
          "interior_horizon_exists_if_M_in_gt_0": false,
          "key_point": "Exterior horizon location is set by M_out (global/boundary), not by local curvature at the shell."
        },
        "radial_null_cone_dr_dt": null,
        "region_classification": "inside exterior horizon (R < 2M_out); interior is Minkowski (M_in = 0); motion allowed (Rdot^2 >= 0)"
      },
      "coordinates": {
        "R": 0.8,
        "t_in": null,
        "t_out": null,
        "tau_shell": null
      },
      "curvature_invariants": {
        "exterior": {
          "kretschmann": 183.10546874999994,
          "ricci_scalar": 0.0
        },
        "interior": {
          "kretschmann": null,
          "ricci_scalar": 0.0
        },
        "note": "Vacuum invariants in each region evaluated at the shell areal radius; shell itself is distributional."
      },
      "local_observables": {
        "horizons": {
          "R_minus_r_h_in": null,
          "R_minus_r_h_out": -1.2,
          "r_h_in_2M_in": 0.0,
          "r_h_out_2M_out": 2.0
        },
        "masses": {
          "M_in": 0.0,
          "M_out": 1.0,
          "binding_energy_deltaM_minus_m": 0.5,
          "delta_M_energy_at_infinity": 1.0,
          "m_shell_rest_mass": 0.5
        },
        "metric_functions_at_shell": {
          "f_in": 1.0,
          "f_out": -1.5
        },
        "shell_equation_of_motion": {
          "Rdot": 2.0851034147015346,
          "Rdot2": 4.34765625,
          "V_eff_defined_by_Rdot2_plus_Veff_eq_0": -4.34765625,
          "formula_used": "Rdot^2 = (\u0394M/m + m/(2R))^2 - f_in(R)",
          "turning_point_Rdot2_eq_0": false
        }
      }
    },
    {
      "causal_structure": {
        "horizon_notes": {
          "exterior_horizon_exists_if_M_out_gt_0": true,
          "interior_horizon_exists_if_M_in_gt_0": false,
          "key_point": "Exterior horizon location is set by M_out (global/boundary), not by local curvature at the shell."
        },
        "radial_null_cone_dr_dt": null,
        "region_classification": "inside exterior horizon (R < 2M_out); interior is Minkowski (M_in = 0); motion allowed (Rdot^2 >= 0)"
      },
      "coordinates": {
        "R": 1.0,
        "t_in": null,
        "t_out": null,
        "tau_shell": null
      },
      "curvature_invariants": {
        "exterior": {
          "kretschmann": 48.0,
          "ricci_scalar": 0.0
        },
        "interior": {
          "kretschmann": null,
          "ricci_scalar": 0.0
        },
        "note": "Vacuum invariants in each region evaluated at the shell areal radius; shell itself is distributional."
      },
      "local_observables": {
        "horizons": {
          "R_minus_r_h_in": null,
          "R_minus_r_h_out": -1.0,
          "r_h_in_2M_in": 0.0,
          "r_h_out_2M_out": 2.0
        },
        "masses": {
          "M_in": 0.0,
          "M_out": 1.0,
          "binding_energy_deltaM_minus_m": 0.5,
          "delta_M_energy_at_infinity": 1.0,
          "m_shell_rest_mass": 0.5
        },
        "metric_functions_at_shell": {
          "f_in": 1.0,
          "f_out": -1.0
        },
        "shell_equation_of_motion": {
          "Rdot": 2.0155644370746373,
          "Rdot2": 4.0625,
          "V_eff_defined_by_Rdot2_plus_Veff_eq_0": -4.0625,
          "formula_used": "Rdot^2 = (\u0394M/m + m/(2R))^2 - f_in(R)",
          "turning_point_Rdot2_eq_0": false
        }
      }
    },
    {
      "causal_structure": {
        "horizon_notes": {
          "exterior_horizon_exists_if_M_out_gt_0": true,
          "interior_horizon_exists_if_M_in_gt_0": false,
          "key_point": "Exterior horizon location is set by M_out (global/boundary), not by local curvature at the shell."
        },
        "radial_null_cone_dr_dt": null,
        "region_classification": "inside exterior horizon (R < 2M_out); interior is Minkowski (M_in = 0); motion allowed (Rdot^2 >= 0)"
      },
      "coordinates": {
        "R": 1.2,
        "t_in": null,
        "t_out": null,
        "tau_shell": null
      },
      "curvature_invariants": {
        "exterior": {
          "kretschmann": 16.07510288065844,
          "ricci_scalar": 0.0
        },
        "interior": {
          "kretschmann": null,
          "ricci_scalar": 0.0
        },
        "note": "Vacuum invariants in each region evaluated at the shell areal radius; shell itself is distributional."
      },
      "local_observables": {
        "horizons": {
          "R_minus_r_h_in": null,
          "R_minus_r_h_out": -0.8,
          "r_h_in_2M_in": 0.0,
          "r_h_out_2M_out": 2.0
        },
        "masses": {
          "M_in": 0.0,
          "M_out": 1.0,
          "binding_energy_deltaM_minus_m": 0.5,
          "delta_M_energy_at_infinity": 1.0,
          "m_shell_rest_mass": 0.5
        },
        "metric_functions_at_shell": {
          "f_in": 1.0,
          "f_out": -0.6666666666666667
        },
        "shell_equation_of_motion": {
          "Rdot": 1.96894289178511,
          "Rdot2": 3.8767361111111116,
          "V_eff_defined_by_Rdot2_plus_Veff_eq_0": -3.8767361111111116,
          "formula_used": "Rdot^2 = (\u0394M/m + m/(2R))^2 - f_in(R)",
          "turning_point_Rdot2_eq_0": false
        }
      }
    },
    {
      "causal_structure": {
        "horizon_notes": {
          "exterior_horizon_exists_if_M_out_gt_0": true,
          "interior_horizon_exists_if_M_in_gt_0": false,
          "key_point": "Exterior horizon location is set by M_out (global/boundary), not by local curvature at the shell."
        },
        "radial_null_cone_dr_dt": null,
        "region_classification": "inside exterior horizon (R < 2M_out); interior is Minkowski (M_in = 0); motion allowed (Rdot^2 >= 0)"
      },
      "coordinates": {
        "R": 1.5,
        "t_in": null,
        "t_out": null,
        "tau_shell": null
      },
      "curvature_invariants": {
        "exterior": {
          "kretschmann": 4.2139917695473255,
          "ricci_scalar": 0.0
        },
        "interior": {
          "kretschmann": null,
          "ricci_scalar": 0.0
        },
        "note": "Vacuum invariants in each region evaluated at the shell areal radius; shell itself is distributional."
      },
      "local_observables": {
        "horizons": {
          "R_minus_r_h_in": null,
          "R_minus_r_h_out": -0.5,
          "r_h_in_2M_in": 0.0,
          "r_h_out_2M_out": 2.0
        },
        "masses": {
          "M_in": 0.0,
          "M_out": 1.0,
          "binding_energy_deltaM_minus_m": 0.5,
          "delta_M_energy_at_infinity": 1.0,
          "m_shell_rest_mass": 0.5
        },
        "metric_functions_at_shell": {
          "f_in": 1.0,
          "f_out": -0.33333333333333326
        },
        "shell_equation_of_motion": {
          "Rdot": 1.9220937657784658,
          "Rdot2": 3.6944444444444438,
          "V_eff_defined_by_Rdot2_plus_Veff_eq_0": -3.6944444444444438,
          "formula_used": "Rdot^2 = (\u0394M/m + m/(2R))^2 - f_in(R)",
          "turning_point_Rdot2_eq_0": false
        }
      }
    },
    {
      "causal_structure": {
        "horizon_notes": {
          "exterior_horizon_exists_if_M_out_gt_0": true,
          "interior_horizon_exists_if_M_in_gt_0": false,
          "key_point": "Exterior horizon location is set by M_out (global/boundary), not by local curvature at the shell."
        },
        "radial_null_cone_dr_dt": null,
        "region_classification": "on exterior horizon (R = 2M_out); interior is Minkowski (M_in = 0); motion allowed (Rdot^2 >= 0)"
      },
      "coordinates": {
        "R": 2.0,
        "t_in": null,
        "t_out": null,
        "tau_shell": null
      },
      "curvature_invariants": {
        "exterior": {
          "kretschmann": 0.75,
          "ricci_scalar": 0.0
        },
        "interior": {
          "kretschmann": null,
          "ricci_scalar": 0.0
        },
        "note": "Vacuum invariants in each region evaluated at the shell areal radius; shell itself is distributional."
      },
      "local_observables": {
        "horizons": {
          "R_minus_r_h_in": null,
          "R_minus_r_h_out": 0.0,
          "r_h_in_2M_in": 0.0,
          "r_h_out_2M_out": 2.0
        },
        "masses": {
          "M_in": 0.0,
          "M_out": 1.0,
          "binding_energy_deltaM_minus_m": 0.5,
          "delta_M_energy_at_infinity": 1.0,
          "m_shell_rest_mass": 0.5
        },
        "metric_functions_at_shell": {
          "f_in": 1.0,
          "f_out": 0.0
        },
        "shell_equation_of_motion": {
          "Rdot": 1.875,
          "Rdot2": 3.515625,
          "V_eff_defined_by_Rdot2_plus_Veff_eq_0": -3.515625,
          "formula_used": "Rdot^2 = (\u0394M/m + m/(2R))^2 - f_in(R)",
          "turning_point_Rdot2_eq_0": false
        }
      }
    },
    {
      "causal_structure": {
        "horizon_notes": {
          "exterior_horizon_exists_if_M_out_gt_0": true,
          "interior_horizon_exists_if_M_in_gt_0": false,
          "key_point": "Exterior horizon location is set by M_out (global/boundary), not by local curvature at the shell."
        },
        "radial_null_cone_dr_dt": null,
        "region_classification": "outside exterior horizon (R > 2M_out); interior is Minkowski (M_in = 0); motion allowed (Rdot^2 >= 0)"
      },
      "coordinates": {
        "R": 2.5,
        "t_in": null,
        "t_out": null,
        "tau_shell": null
      },
      "curvature_invariants": {
        "exterior": {
          "kretschmann": 0.196608,
          "ricci_scalar": 0.0
        },
        "interior": {
          "kretschmann": null,
          "ricci_scalar": 0.0
        },
        "note": "Vacuum invariants in each region evaluated at the shell areal radius; shell itself is distributional."
      },
      "local_observables": {
        "horizons": {
          "R_minus_r_h_in": null,
          "R_minus_r_h_out": 0.5,
          "r_h_in_2M_in": 0.0,
          "r_h_out_2M_out": 2.0
        },
        "masses": {
          "M_in": 0.0,
          "M_out": 1.0,
          "binding_energy_deltaM_minus_m": 0.5,
          "delta_M_energy_at_infinity": 1.0,
          "m_shell_rest_mass": 0.5
        },
        "metric_functions_at_shell": {
          "f_in": 1.0,
          "f_out": 0.19999999999999996
        },
        "shell_equation_of_motion": {
          "Rdot": 1.8466185312619388,
          "Rdot2": 3.41,
          "V_eff_defined_by_Rdot2_plus_Veff_eq_0": -3.41,
          "formula_used": "Rdot^2 = (\u0394M/m + m/(2R))^2 - f_in(R)",
          "turning_point_Rdot2_eq_0": false
        }
      }
    },
    {
      "causal_structure": {
        "horizon_notes": {
          "exterior_horizon_exists_if_M_out_gt_0": true,
          "interior_horizon_exists_if_M_in_gt_0": false,
          "key_point": "Exterior horizon location is set by M_out (global/boundary), not by local curvature at the shell."
        },
        "radial_null_cone_dr_dt": null,
        "region_classification": "outside exterior horizon (R > 2M_out); interior is Minkowski (M_in = 0); motion allowed (Rdot^2 >= 0)"
      },
      "coordinates": {
        "R": 3.0,
        "t_in": null,
        "t_out": null,
        "tau_shell": null
      },
      "curvature_invariants": {
        "exterior": {
          "kretschmann": 0.06584362139917696,
          "ricci_scalar": 0.0
        },
        "interior": {
          "kretschmann": null,
          "ricci_scalar": 0.0
        },
        "note": "Vacuum invariants in each region evaluated at the shell areal radius; shell itself is distributional."
      },
      "local_observables": {
        "horizons": {
          "R_minus_r_h_in": null,
          "R_minus_r_h_out": 1.0,
          "r_h_in_2M_in": 0.0,
          "r_h_out_2M_out": 2.0
        },
        "masses": {
          "M_in": 0.0,
          "M_out": 1.0,
          "binding_energy_deltaM_minus_m": 0.5,
          "delta_M_energy_at_infinity": 1.0,
          "m_shell_rest_mass": 0.5
        },
        "metric_functions_at_shell": {
          "f_in": 1.0,
          "f_out": 0.33333333333333337
        },
        "shell_equation_of_motion": {
          "Rdot": 1.8276426832884427,
          "Rdot2": 3.3402777777777786,
          "V_eff_defined_by_Rdot2_plus_Veff_eq_0": -3.3402777777777786,
          "formula_used": "Rdot^2 = (\u0394M/m + m/(2R))^2 - f_in(R)",
          "turning_point_Rdot2_eq_0": false
        }
      }
    },
    {
      "causal_structure": {
        "horizon_notes": {
          "exterior_horizon_exists_if_M_out_gt_0": true,
          "interior_horizon_exists_if_M_in_gt_0": false,
          "key_point": "Exterior horizon location is set by M_out (global/boundary), not by local curvature at the shell."
        },
        "radial_null_cone_dr_dt": null,
        "region_classification": "outside exterior horizon (R > 2M_out); interior is Minkowski (M_in = 0); motion allowed (Rdot^2 >= 0)"
      },
      "coordinates": {
        "R": 4.0,
        "t_in": null,
        "t_out": null,
        "tau_shell": null
      },
      "curvature_invariants": {
        "exterior": {
          "kretschmann": 0.01171875,
          "ricci_scalar": 0.0
        },
        "interior": {
          "kretschmann": null,
          "ricci_scalar": 0.0
        },
        "note": "Vacuum invariants in each region evaluated at the shell areal radius; shell itself is distributional."
      },
      "local_observables": {
        "horizons": {
          "R_minus_r_h_in": null,
          "R_minus_r_h_out": 2.0,
          "r_h_in_2M_in": 0.0,
          "r_h_out_2M_out": 2.0
        },
        "masses": {
          "M_in": 0.0,
          "M_out": 1.0,
          "binding_energy_deltaM_minus_m": 0.5,
          "delta_M_energy_at_infinity": 1.0,
          "m_shell_rest_mass": 0.5
        },
        "metric_functions_at_shell": {
          "f_in": 1.0,
          "f_out": 0.5
        },
        "shell_equation_of_motion": {
          "Rdot": 1.8038587112077265,
          "Rdot2": 3.25390625,
          "V_eff_defined_by_Rdot2_plus_Veff_eq_0": -3.25390625,
          "formula_used": "Rdot^2 = (\u0394M/m + m/(2R))^2 - f_in(R)",
          "turning_point_Rdot2_eq_0": false
        }
      }
    },
    {
      "causal_structure": {
        "horizon_notes": {
          "exterior_horizon_exists_if_M_out_gt_0": true,
          "interior_horizon_exists_if_M_in_gt_0": false,
          "key_point": "Exterior horizon location is set by M_out (global/boundary), not by local curvature at the shell."
        },
        "radial_null_cone_dr_dt": null,
        "region_classification": "outside exterior horizon (R > 2M_out); interior is Minkowski (M_in = 0); motion allowed (Rdot^2 >= 0)"
      },
      "coordinates": {
        "R": 6.0,
        "t_in": null,
        "t_out": null,
        "tau_shell": null
      },
      "curvature_invariants": {
        "exterior": {
          "kretschmann": 0.00102880658436214,
          "ricci_scalar": 0.0
        },
        "interior": {
          "kretschmann": null,
          "ricci_scalar": 0.0
        },
        "note": "Vacuum invariants in each region evaluated at the shell areal radius; shell itself is distributional."
      },
      "local_observables": {
        "horizons": {
          "R_minus_r_h_in": null,
          "R_minus_r_h_out": 4.0,
          "r_h_in_2M_in": 0.0,
          "r_h_out_2M_out": 2.0
        },
        "masses": {
          "M_in": 0.0,
          "M_out": 1.0,
          "binding_energy_deltaM_minus_m": 0.5,
          "delta_M_energy_at_infinity": 1.0,
          "m_shell_rest_mass": 0.5
        },
        "metric_functions_at_shell": {
          "f_in": 1.0,
          "f_out": 0.6666666666666667
        },
        "shell_equation_of_motion": {
          "Rdot": 1.7800007802744853,
          "Rdot2": 3.168402777777777,
          "V_eff_defined_by_Rdot2_plus_Veff_eq_0": -3.168402777777777,
          "formula_used": "Rdot^2 = (\u0394M/m + m/(2R))^2 - f_in(R)",
          "turning_point_Rdot2_eq_0": false
        }
      }
    },
    {
      "causal_structure": {
        "horizon_notes": {
          "exterior_horizon_exists_if_M_out_gt_0": true,
          "interior_horizon_exists_if_M_in_gt_0": false,
          "key_point": "Exterior horizon location is set by M_out (global/boundary), not by local curvature at the shell."
        },
        "radial_null_cone_dr_dt": null,
        "region_classification": "outside exterior horizon (R > 2M_out); interior is Minkowski (M_in = 0); motion allowed (Rdot^2 >= 0)"
      },
      "coordinates": {
        "R": 10.0,
        "t_in": null,
        "t_out": null,
        "tau_shell": null
      },
      "curvature_invariants": {
        "exterior": {
          "kretschmann": 4.8e-05,
          "ricci_scalar": 0.0
        },
        "interior": {
          "kretschmann": null,
          "ricci_scalar": 0.0
        },
        "note": "Vacuum invariants in each region evaluated at the shell areal radius; shell itself is distributional."
      },
      "local_observables": {
        "horizons": {
          "R_minus_r_h_in": null,
          "R_minus_r_h_out": 8.0,
          "r_h_in_2M_in": 0.0,
          "r_h_out_2M_out": 2.0
        },
        "masses": {
          "M_in": 0.0,
          "M_out": 1.0,
          "binding_energy_deltaM_minus_m": 0.5,
          "delta_M_energy_at_infinity": 1.0,
          "m_shell_rest_mass": 0.5
        },
        "metric_functions_at_shell": {
          "f_in": 1.0,
          "f_out": 0.8
        },
        "shell_equation_of_motion": {
          "Rdot": 1.7608591652940333,
          "Rdot2": 3.100625,
          "V_eff_defined_by_Rdot2_plus_Veff_eq_0": -3.100625,
          "formula_used": "Rdot^2 = (\u0394M/m + m/(2R))^2 - f_in(R)",
          "turning_point_Rdot2_eq_0": false
        }
      }
    }
  ],
  "spacetime": "Two Schwarzschild regions joined across a timelike dust shell",
  "theory": "General Relativity (thin-shell backreaction via Israel junction)",
  "toy_id": "011",
  "units": {
    "G": 1,
    "c": 1
  }
}