{
  "notes": {
    "domain_of_validity": "Diagnostic toy: stitching rule is intentionally naive to expose underdetermination. Larger patches reduce error, but do not supply a uniqueness principle.",
    "key_equations": {
      "covariances": "Cx = 1/2 K^{-1/2}, Cp = 1/2 K^{+1/2}",
      "hamiltonian": "H = 1/2 (p^T p + x^T K x),  K = m^2 I + Laplacian_2D",
      "reconstruction": "C_rec[a,b] = average over all patches containing (a,b) of the patch submatrix entries",
      "uncertainty_check": "min eig(Cx Cp) >= 1/4 (mode-wise proxy)"
    },
    "pressure_point": "Global structure is not determined by local reduced data alone: patchwork reconstruction introduces ambiguity and inconsistency even in a simple flat Gaussian field model."
  },
  "observables": {
    "summary": {
      "curvature_invariants_zero": true,
      "horizons_present": false,
      "min_relative_error_Cp_over_samples": 6.185318416447616e-17,
      "min_relative_error_Cx_over_samples": 6.323342280066033e-17,
      "note": "Errors fall with increasing patch size; reconstruction is not guaranteed uniquely by local data without extra assumptions."
    }
  },
  "parameters": {
    "conventions": "\u0127 = 1; Gaussian ground state; no x-p cross-covariances in this model",
    "lattice_N_by_N": 8,
    "mass_gap_m": 0.5,
    "patch_sizes_L": [
      1,
      2,
      3,
      4,
      6,
      8
    ]
  },
  "sample_points": [
    {
      "causal_structure": {
        "horizon_radius": null,
        "note": "No causal pathology; the pressure point is reconstruction ambiguity from local data.",
        "region": "flat lattice Gaussian ground state (no horizons)"
      },
      "coordinates": {
        "patch_size_L": 1,
        "t": null,
        "x": null,
        "y": null,
        "z": null
      },
      "curvature_invariants": {
        "kretschmann": 0.0,
        "note": "Flat background: reconstruction failure is informational/operational, not geometric curvature.",
        "ricci_scalar": 0.0
      },
      "local_observables": {
        "heisenberg_modewise_ok_reconstructed": true,
        "heisenberg_modewise_ok_true": true,
        "lattice_N_by_N": 8,
        "mass_gap_m": 0.5,
        "min_eigenvalue_CxCp_reconstructed": 0.28078662231008145,
        "min_eigenvalue_CxCp_true": 0.24999999999999864,
        "note": "Even with complete local patch covariances, naive stitching does not guarantee recovery of the true global covariance, and may degrade physicality diagnostics.",
        "num_patches": 64,
        "patch_size_L": 1,
        "reconstruction_rule": "average overlapping patch entries for Cx and Cp separately",
        "relative_frobenius_error_Cp": 0.2793457833486352,
        "relative_frobenius_error_Cx": 0.4397501289694731
      }
    },
    {
      "causal_structure": {
        "horizon_radius": null,
        "note": "No causal pathology; the pressure point is reconstruction ambiguity from local data.",
        "region": "flat lattice Gaussian ground state (no horizons)"
      },
      "coordinates": {
        "patch_size_L": 2,
        "t": null,
        "x": null,
        "y": null,
        "z": null
      },
      "curvature_invariants": {
        "kretschmann": 0.0,
        "note": "Flat background: reconstruction failure is informational/operational, not geometric curvature.",
        "ricci_scalar": 0.0
      },
      "local_observables": {
        "heisenberg_modewise_ok_reconstructed": false,
        "heisenberg_modewise_ok_true": true,
        "lattice_N_by_N": 8,
        "mass_gap_m": 0.5,
        "min_eigenvalue_CxCp_reconstructed": 0.1937771422762467,
        "min_eigenvalue_CxCp_true": 0.24999999999999864,
        "note": "Even with complete local patch covariances, naive stitching does not guarantee recovery of the true global covariance, and may degrade physicality diagnostics.",
        "num_patches": 49,
        "patch_size_L": 2,
        "reconstruction_rule": "average overlapping patch entries for Cx and Cp separately",
        "relative_frobenius_error_Cp": 0.029628952140881185,
        "relative_frobenius_error_Cx": 0.19482386991985542
      }
    },
    {
      "causal_structure": {
        "horizon_radius": null,
        "note": "No causal pathology; the pressure point is reconstruction ambiguity from local data.",
        "region": "flat lattice Gaussian ground state (no horizons)"
      },
      "coordinates": {
        "patch_size_L": 3,
        "t": null,
        "x": null,
        "y": null,
        "z": null
      },
      "curvature_invariants": {
        "kretschmann": 0.0,
        "note": "Flat background: reconstruction failure is informational/operational, not geometric curvature.",
        "ricci_scalar": 0.0
      },
      "local_observables": {
        "heisenberg_modewise_ok_reconstructed": false,
        "heisenberg_modewise_ok_true": true,
        "lattice_N_by_N": 8,
        "mass_gap_m": 0.5,
        "min_eigenvalue_CxCp_reconstructed": 0.21965058666110987,
        "min_eigenvalue_CxCp_true": 0.24999999999999864,
        "note": "Even with complete local patch covariances, naive stitching does not guarantee recovery of the true global covariance, and may degrade physicality diagnostics.",
        "num_patches": 36,
        "patch_size_L": 3,
        "reconstruction_rule": "average overlapping patch entries for Cx and Cp separately",
        "relative_frobenius_error_Cp": 0.007610552977845036,
        "relative_frobenius_error_Cx": 0.09419254687932747
      }
    },
    {
      "causal_structure": {
        "horizon_radius": null,
        "note": "No causal pathology; the pressure point is reconstruction ambiguity from local data.",
        "region": "flat lattice Gaussian ground state (no horizons)"
      },
      "coordinates": {
        "patch_size_L": 4,
        "t": null,
        "x": null,
        "y": null,
        "z": null
      },
      "curvature_invariants": {
        "kretschmann": 0.0,
        "note": "Flat background: reconstruction failure is informational/operational, not geometric curvature.",
        "ricci_scalar": 0.0
      },
      "local_observables": {
        "heisenberg_modewise_ok_reconstructed": false,
        "heisenberg_modewise_ok_true": true,
        "lattice_N_by_N": 8,
        "mass_gap_m": 0.5,
        "min_eigenvalue_CxCp_reconstructed": 0.23388426666364517,
        "min_eigenvalue_CxCp_true": 0.24999999999999864,
        "note": "Even with complete local patch covariances, naive stitching does not guarantee recovery of the true global covariance, and may degrade physicality diagnostics.",
        "num_patches": 25,
        "patch_size_L": 4,
        "reconstruction_rule": "average overlapping patch entries for Cx and Cp separately",
        "relative_frobenius_error_Cp": 0.0025832169406079376,
        "relative_frobenius_error_Cx": 0.04747672372828916
      }
    },
    {
      "causal_structure": {
        "horizon_radius": null,
        "note": "No causal pathology; the pressure point is reconstruction ambiguity from local data.",
        "region": "flat lattice Gaussian ground state (no horizons)"
      },
      "coordinates": {
        "patch_size_L": 6,
        "t": null,
        "x": null,
        "y": null,
        "z": null
      },
      "curvature_invariants": {
        "kretschmann": 0.0,
        "note": "Flat background: reconstruction failure is informational/operational, not geometric curvature.",
        "ricci_scalar": 0.0
      },
      "local_observables": {
        "heisenberg_modewise_ok_reconstructed": false,
        "heisenberg_modewise_ok_true": true,
        "lattice_N_by_N": 8,
        "mass_gap_m": 0.5,
        "min_eigenvalue_CxCp_reconstructed": 0.24396455575077752,
        "min_eigenvalue_CxCp_true": 0.24999999999999864,
        "note": "Even with complete local patch covariances, naive stitching does not guarantee recovery of the true global covariance, and may degrade physicality diagnostics.",
        "num_patches": 9,
        "patch_size_L": 6,
        "reconstruction_rule": "average overlapping patch entries for Cx and Cp separately",
        "relative_frobenius_error_Cp": 0.00041652946541544285,
        "relative_frobenius_error_Cx": 0.012627211838556597
      }
    },
    {
      "causal_structure": {
        "horizon_radius": null,
        "note": "No causal pathology; the pressure point is reconstruction ambiguity from local data.",
        "region": "flat lattice Gaussian ground state (no horizons)"
      },
      "coordinates": {
        "patch_size_L": 8,
        "t": null,
        "x": null,
        "y": null,
        "z": null
      },
      "curvature_invariants": {
        "kretschmann": 0.0,
        "note": "Flat background: reconstruction failure is informational/operational, not geometric curvature.",
        "ricci_scalar": 0.0
      },
      "local_observables": {
        "heisenberg_modewise_ok_reconstructed": true,
        "heisenberg_modewise_ok_true": true,
        "lattice_N_by_N": 8,
        "mass_gap_m": 0.5,
        "min_eigenvalue_CxCp_reconstructed": 0.2499999999999986,
        "min_eigenvalue_CxCp_true": 0.24999999999999864,
        "note": "Even with complete local patch covariances, naive stitching does not guarantee recovery of the true global covariance, and may degrade physicality diagnostics.",
        "num_patches": 1,
        "patch_size_L": 8,
        "reconstruction_rule": "average overlapping patch entries for Cx and Cp separately",
        "relative_frobenius_error_Cp": 6.185318416447616e-17,
        "relative_frobenius_error_Cx": 6.323342280066033e-17
      }
    }
  ],
  "spacetime": "Minkowski (discretized 2D harmonic lattice; no curvature, no horizons)",
  "theory": "Flat spacetime quantum field toy (Gaussian state); reduction/reconstruction diagnostic",
  "toy_id": "070",
  "units": {
    "G": 1,
    "c": 1
  }
}