{
  "notes": {
    "domain_of_validity": "Exact diagonalization limits n to modest sizes. Toy is an operational emergence proxy; it does not reconstruct a bulk metric.",
    "key_formulas": {
      "Hamiltonian": "H = \u03a3 J_{ij;kl} c_i^\u2020 c_j^\u2020 c_k c_l + h.c. (deterministic J)",
      "conformal_kernel": "K(\u03c4) = ((\u03c0/\u03b2)/sin(\u03c0 \u03c4/\u03b2))^{2\u0394}, fit amplitude b",
      "entanglement": "S_A = -Tr(\u03c1_A log \u03c1_A), compare S_A / ((n/2) ln 2)",
      "thermal_correlator": "G(\u03c4)= (1/n)\u03a3_i \u27e8c_i(\u03c4)c_i^\u2020(0)\u27e9_\u03b2"
    },
    "pressure_point": "Entanglement data do not uniquely determine geometry; a geometric interpretation becomes more stable only when low-energy correlators approach a conformal form and the state is highly entangled/scrambling-like."
  },
  "observables": {
    "summary": {
      "best_case_proxy": {
        "J": 2.0,
        "emergent": false,
        "ent_frac": 0.4338189995547815,
        "fit_error": 0.07550557701980948,
        "n": 6,
        "score": 0.03212367706433133
      },
      "cases_emergent_proxy_true": 0,
      "cases_total": 9,
      "note": "Emergence proxy is thresholded by (fit_error < fit_tol) AND (entanglement_fraction > ent_tol)."
    }
  },
  "parameters": {
    "Delta": 0.25,
    "J_strength_list": [
      0.5,
      1.0,
      2.0
    ],
    "beta": 10.0,
    "couplings": "deterministic_sine_hash_scaled_by_J/n^(3/2)",
    "ent_tol": 0.7,
    "fit_tol": 0.15,
    "n_modes_list": [
      4,
      6,
      8
    ],
    "n_tau": 24
  },
  "sample_points": [
    {
      "causal_structure": {
        "failure_mode_if_not_emergent": "operational_undefined_geometry_proxy_unstable",
        "geometry_emergent_proxy": false,
        "note": "Proxy declares 'emergent' only when both conformal-correlator fit and high entanglement are satisfied. This does not produce a unique bulk metric; it quantifies a threshold where geometric interpretation becomes more stable."
      },
      "coordinates": {
        "J_strength": 0.5,
        "beta": 10.0,
        "n_modes": 4
      },
      "curvature_invariants": {
        "kretschmann": null,
        "note": "Quantum-many-body toy; no spacetime curvature computed. 'Geometry' is an operational proxy from correlator form + entanglement.",
        "ricci_scalar": null
      },
      "local_observables": {
        "entanglement": {
          "S_half": 0.6931471805599453,
          "entanglement_tolerance": 0.7,
          "fraction_of_max": 0.5,
          "note": "Half-system entanglement uses a mode bipartition (first n/2 vs last n/2)."
        },
        "hilbert_dim": 16,
        "thermal_correlator": {
          "Delta": 0.25,
          "G_tau": [
            0.49575880254435334,
            0.4918897828069066,
            0.48838799933422317,
            0.4852489834247184,
            0.48246873234397114,
            0.48004370324969087,
            0.47797080781641643,
            0.4762474075511688,
            0.4748713097924074,
            0.47384076438575756,
            0.47315446103108216,
            0.4728115272965651,
            0.4728115272965651,
            0.47315446103108216,
            0.47384076438575756,
            0.4748713097924074,
            0.47624740755116884,
            0.47797080781641643,
            0.48004370324969087,
            0.48246873234397114,
            0.4852489834247183,
            0.48838799933422317,
            0.4918897828069066,
            0.49575880254435334
          ],
          "fit_amplitude_b": 0.5429456679981298,
          "fit_error_rel_rmse": 0.33568731584454486,
          "fit_tolerance": 0.15,
          "tau_samples": [
            0.4,
            0.7999999999999998,
            1.2,
            1.5999999999999996,
            1.9999999999999998,
            2.3999999999999995,
            2.8,
            3.1999999999999993,
            3.599999999999999,
            3.999999999999999,
            4.399999999999999,
            4.799999999999999,
            5.199999999999999,
            5.6,
            6.0,
            6.399999999999999,
            6.799999999999999,
            7.199999999999999,
            7.599999999999999,
            7.999999999999999,
            8.399999999999999,
            8.799999999999999,
            9.2,
            9.6
          ]
        }
      }
    },
    {
      "causal_structure": {
        "failure_mode_if_not_emergent": "operational_undefined_geometry_proxy_unstable",
        "geometry_emergent_proxy": false,
        "note": "Proxy declares 'emergent' only when both conformal-correlator fit and high entanglement are satisfied. This does not produce a unique bulk metric; it quantifies a threshold where geometric interpretation becomes more stable."
      },
      "coordinates": {
        "J_strength": 1.0,
        "beta": 10.0,
        "n_modes": 4
      },
      "curvature_invariants": {
        "kretschmann": null,
        "note": "Quantum-many-body toy; no spacetime curvature computed. 'Geometry' is an operational proxy from correlator form + entanglement.",
        "ricci_scalar": null
      },
      "local_observables": {
        "entanglement": {
          "S_half": 0.6931471805599453,
          "entanglement_tolerance": 0.7,
          "fraction_of_max": 0.5,
          "note": "Half-system entanglement uses a mode bipartition (first n/2 vs last n/2)."
        },
        "hilbert_dim": 16,
        "thermal_correlator": {
          "Delta": 0.25,
          "G_tau": [
            0.48278564950632846,
            0.4673128641335011,
            0.45349816524296815,
            0.4412672249002774,
            0.43055440333358425,
            0.42130234091692453,
            0.41346160198856796,
            0.4069903681573372,
            0.4018541790765655,
            0.3980257189785565,
            0.3954846475641236,
            0.39421747413404457,
            0.3942174741340446,
            0.3954846475641236,
            0.3980257189785565,
            0.40185417907656545,
            0.40699036815733713,
            0.41346160198856796,
            0.4213023409169245,
            0.43055440333358413,
            0.44126722490027737,
            0.45349816524296804,
            0.46731286413350115,
            0.4827856495063285
          ],
          "fit_amplitude_b": 0.4889175716241728,
          "fit_error_rel_rmse": 0.2907006278222763,
          "fit_tolerance": 0.15,
          "tau_samples": [
            0.4,
            0.7999999999999998,
            1.2,
            1.5999999999999996,
            1.9999999999999998,
            2.3999999999999995,
            2.8,
            3.1999999999999993,
            3.599999999999999,
            3.999999999999999,
            4.399999999999999,
            4.799999999999999,
            5.199999999999999,
            5.6,
            6.0,
            6.399999999999999,
            6.799999999999999,
            7.199999999999999,
            7.599999999999999,
            7.999999999999999,
            8.399999999999999,
            8.799999999999999,
            9.2,
            9.6
          ]
        }
      }
    },
    {
      "causal_structure": {
        "failure_mode_if_not_emergent": "operational_undefined_geometry_proxy_unstable",
        "geometry_emergent_proxy": false,
        "note": "Proxy declares 'emergent' only when both conformal-correlator fit and high entanglement are satisfied. This does not produce a unique bulk metric; it quantifies a threshold where geometric interpretation becomes more stable."
      },
      "coordinates": {
        "J_strength": 2.0,
        "beta": 10.0,
        "n_modes": 4
      },
      "curvature_invariants": {
        "kretschmann": null,
        "note": "Quantum-many-body toy; no spacetime curvature computed. 'Geometry' is an operational proxy from correlator form + entanglement.",
        "ricci_scalar": null
      },
      "local_observables": {
        "entanglement": {
          "S_half": 0.6931471805599453,
          "entanglement_tolerance": 0.7,
          "fraction_of_max": 0.5,
          "note": "Half-system entanglement uses a mode bipartition (first n/2 vs last n/2)."
        },
        "hilbert_dim": 16,
        "thermal_correlator": {
          "Delta": 0.25,
          "G_tau": [
            0.43978591563572944,
            0.38865333358903603,
            0.3453700238363329,
            0.30889881455871593,
            0.2783705845775092,
            0.25306167941205787,
            0.23237514549289134,
            0.215825279776029,
            0.203025081099942,
            0.19367626752107697,
            0.18756159266797998,
            0.18453925573200344,
            0.18453925573200344,
            0.18756159266797995,
            0.19367626752107694,
            0.20302508109994197,
            0.21582527977602897,
            0.23237514549289134,
            0.2530616794120577,
            0.2783705845775091,
            0.30889881455871576,
            0.34537002383633275,
            0.388653333589036,
            0.43978591563572933
          ],
          "fit_amplitude_b": 0.33455630700618394,
          "fit_error_rel_rmse": 0.11897504930376437,
          "fit_tolerance": 0.15,
          "tau_samples": [
            0.4,
            0.7999999999999998,
            1.2,
            1.5999999999999996,
            1.9999999999999998,
            2.3999999999999995,
            2.8,
            3.1999999999999993,
            3.599999999999999,
            3.999999999999999,
            4.399999999999999,
            4.799999999999999,
            5.199999999999999,
            5.6,
            6.0,
            6.399999999999999,
            6.799999999999999,
            7.199999999999999,
            7.599999999999999,
            7.999999999999999,
            8.399999999999999,
            8.799999999999999,
            9.2,
            9.6
          ]
        }
      }
    },
    {
      "causal_structure": {
        "failure_mode_if_not_emergent": "operational_undefined_geometry_proxy_unstable",
        "geometry_emergent_proxy": false,
        "note": "Proxy declares 'emergent' only when both conformal-correlator fit and high entanglement are satisfied. This does not produce a unique bulk metric; it quantifies a threshold where geometric interpretation becomes more stable."
      },
      "coordinates": {
        "J_strength": 0.5,
        "beta": 10.0,
        "n_modes": 6
      },
      "curvature_invariants": {
        "kretschmann": null,
        "note": "Quantum-many-body toy; no spacetime curvature computed. 'Geometry' is an operational proxy from correlator form + entanglement.",
        "ricci_scalar": null
      },
      "local_observables": {
        "entanglement": {
          "S_half": 0.9021012492441988,
          "entanglement_tolerance": 0.7,
          "fraction_of_max": 0.4338189995547815,
          "note": "Half-system entanglement uses a mode bipartition (first n/2 vs last n/2)."
        },
        "hilbert_dim": 64,
        "thermal_correlator": {
          "Delta": 0.25,
          "G_tau": [
            0.4850606525366967,
            0.471751415319984,
            0.4599639608591149,
            0.449603504237877,
            0.440587661502259,
            0.43284546670703167,
            0.42631653244843326,
            0.4209503410386472,
            0.4167056555628003,
            0.41355004194193185,
            0.4114594948423278,
            0.410418161855687,
            0.410418161855687,
            0.4114594948423278,
            0.41355004194193173,
            0.4167056555628003,
            0.42095034103864704,
            0.42631653244843326,
            0.43284546670703167,
            0.440587661502259,
            0.4496035042378769,
            0.4599639608591149,
            0.471751415319984,
            0.4850606525366967
          ],
          "fit_amplitude_b": 0.49955915871197315,
          "fit_error_rel_rmse": 0.301000886299806,
          "fit_tolerance": 0.15,
          "tau_samples": [
            0.4,
            0.7999999999999998,
            1.2,
            1.5999999999999996,
            1.9999999999999998,
            2.3999999999999995,
            2.8,
            3.1999999999999993,
            3.599999999999999,
            3.999999999999999,
            4.399999999999999,
            4.799999999999999,
            5.199999999999999,
            5.6,
            6.0,
            6.399999999999999,
            6.799999999999999,
            7.199999999999999,
            7.599999999999999,
            7.999999999999999,
            8.399999999999999,
            8.799999999999999,
            9.2,
            9.6
          ]
        }
      }
    },
    {
      "causal_structure": {
        "failure_mode_if_not_emergent": "operational_undefined_geometry_proxy_unstable",
        "geometry_emergent_proxy": false,
        "note": "Proxy declares 'emergent' only when both conformal-correlator fit and high entanglement are satisfied. This does not produce a unique bulk metric; it quantifies a threshold where geometric interpretation becomes more stable."
      },
      "coordinates": {
        "J_strength": 1.0,
        "beta": 10.0,
        "n_modes": 6
      },
      "curvature_invariants": {
        "kretschmann": null,
        "note": "Quantum-many-body toy; no spacetime curvature computed. 'Geometry' is an operational proxy from correlator form + entanglement.",
        "ricci_scalar": null
      },
      "local_observables": {
        "entanglement": {
          "S_half": 0.9021012492441988,
          "entanglement_tolerance": 0.7,
          "fraction_of_max": 0.4338189995547815,
          "note": "Half-system entanglement uses a mode bipartition (first n/2 vs last n/2)."
        },
        "hilbert_dim": 64,
        "thermal_correlator": {
          "Delta": 0.25,
          "G_tau": [
            0.4530472026629914,
            0.41388100327295624,
            0.3812296248399398,
            0.3540697687090857,
            0.3315786048110393,
            0.3130961743455234,
            0.29809597345062705,
            0.28616201747151265,
            0.276971092360081,
            0.27027921460458354,
            0.26591156796757304,
            0.26375538245679103,
            0.26375538245679103,
            0.26591156796757304,
            0.2702792146045835,
            0.27697109236008094,
            0.28616201747151265,
            0.298095973450627,
            0.31309617434552334,
            0.33157860481103923,
            0.3540697687090855,
            0.3812296248399396,
            0.41388100327295624,
            0.4530472026629913
          ],
          "fit_amplitude_b": 0.3895450500134126,
          "fit_error_rel_rmse": 0.1896093852960569,
          "fit_tolerance": 0.15,
          "tau_samples": [
            0.4,
            0.7999999999999998,
            1.2,
            1.5999999999999996,
            1.9999999999999998,
            2.3999999999999995,
            2.8,
            3.1999999999999993,
            3.599999999999999,
            3.999999999999999,
            4.399999999999999,
            4.799999999999999,
            5.199999999999999,
            5.6,
            6.0,
            6.399999999999999,
            6.799999999999999,
            7.199999999999999,
            7.599999999999999,
            7.999999999999999,
            8.399999999999999,
            8.799999999999999,
            9.2,
            9.6
          ]
        }
      }
    },
    {
      "causal_structure": {
        "failure_mode_if_not_emergent": "operational_undefined_geometry_proxy_unstable",
        "geometry_emergent_proxy": false,
        "note": "Proxy declares 'emergent' only when both conformal-correlator fit and high entanglement are satisfied. This does not produce a unique bulk metric; it quantifies a threshold where geometric interpretation becomes more stable."
      },
      "coordinates": {
        "J_strength": 2.0,
        "beta": 10.0,
        "n_modes": 6
      },
      "curvature_invariants": {
        "kretschmann": null,
        "note": "Quantum-many-body toy; no spacetime curvature computed. 'Geometry' is an operational proxy from correlator form + entanglement.",
        "ricci_scalar": null
      },
      "local_observables": {
        "entanglement": {
          "S_half": 0.9021012492441988,
          "entanglement_tolerance": 0.7,
          "fraction_of_max": 0.4338189995547815,
          "note": "Half-system entanglement uses a mode bipartition (first n/2 vs last n/2)."
        },
        "hilbert_dim": 64,
        "thermal_correlator": {
          "Delta": 0.25,
          "G_tau": [
            0.39627411796135986,
            0.3223096776243786,
            0.2688088068897894,
            0.22960211269761524,
            0.20055381947142356,
            0.17886630561048836,
            0.16263323411951888,
            0.150549692541289,
            0.14172292186798383,
            0.1355484706450976,
            0.13162969992909687,
            0.12972679842334187,
            0.12972679842334187,
            0.13162969992909682,
            0.1355484706450976,
            0.14172292186798377,
            0.1505496925412889,
            0.16263323411951883,
            0.17886630561048822,
            0.20055381947142337,
            0.229602112697615,
            0.2688088068897891,
            0.3223096776243784,
            0.39627411796135975
          ],
          "fit_amplitude_b": 0.2625966139920694,
          "fit_error_rel_rmse": 0.07550557701980948,
          "fit_tolerance": 0.15,
          "tau_samples": [
            0.4,
            0.7999999999999998,
            1.2,
            1.5999999999999996,
            1.9999999999999998,
            2.3999999999999995,
            2.8,
            3.1999999999999993,
            3.599999999999999,
            3.999999999999999,
            4.399999999999999,
            4.799999999999999,
            5.199999999999999,
            5.6,
            6.0,
            6.399999999999999,
            6.799999999999999,
            7.199999999999999,
            7.599999999999999,
            7.999999999999999,
            8.399999999999999,
            8.799999999999999,
            9.2,
            9.6
          ]
        }
      }
    },
    {
      "causal_structure": {
        "failure_mode_if_not_emergent": "operational_undefined_geometry_proxy_unstable",
        "geometry_emergent_proxy": false,
        "note": "Proxy declares 'emergent' only when both conformal-correlator fit and high entanglement are satisfied. This does not produce a unique bulk metric; it quantifies a threshold where geometric interpretation becomes more stable."
      },
      "coordinates": {
        "J_strength": 0.5,
        "beta": 10.0,
        "n_modes": 8
      },
      "curvature_invariants": {
        "kretschmann": null,
        "note": "Quantum-many-body toy; no spacetime curvature computed. 'Geometry' is an operational proxy from correlator form + entanglement.",
        "ricci_scalar": null
      },
      "local_observables": {
        "entanglement": {
          "S_half": 1.1582324987136552,
          "entanglement_tolerance": 0.7,
          "fraction_of_max": 0.4177440705226558,
          "note": "Half-system entanglement uses a mode bipartition (first n/2 vs last n/2)."
        },
        "hilbert_dim": 256,
        "thermal_correlator": {
          "Delta": 0.25,
          "G_tau": [
            0.48363548808384044,
            0.4692514260347996,
            0.45666737158373505,
            0.445728678858517,
            0.43630346785800006,
            0.4282800800884471,
            0.42156495523180726,
            0.4160808752173216,
            0.41176553189064147,
            0.4085703829413351,
            0.4064597681338187,
            0.4054102644224777,
            0.4054102644224777,
            0.4064597681338185,
            0.408570382941335,
            0.4117655318906414,
            0.4160808752173215,
            0.42156495523180726,
            0.428280080088447,
            0.43630346785799995,
            0.44572867885851697,
            0.45666737158373494,
            0.4692514260347995,
            0.4836354880838403
          ],
          "fit_amplitude_b": 0.49538726899272645,
          "fit_error_rel_rmse": 0.2981585592694684,
          "fit_tolerance": 0.15,
          "tau_samples": [
            0.4,
            0.7999999999999998,
            1.2,
            1.5999999999999996,
            1.9999999999999998,
            2.3999999999999995,
            2.8,
            3.1999999999999993,
            3.599999999999999,
            3.999999999999999,
            4.399999999999999,
            4.799999999999999,
            5.199999999999999,
            5.6,
            6.0,
            6.399999999999999,
            6.799999999999999,
            7.199999999999999,
            7.599999999999999,
            7.999999999999999,
            8.399999999999999,
            8.799999999999999,
            9.2,
            9.6
          ]
        }
      }
    },
    {
      "causal_structure": {
        "failure_mode_if_not_emergent": "operational_undefined_geometry_proxy_unstable",
        "geometry_emergent_proxy": false,
        "note": "Proxy declares 'emergent' only when both conformal-correlator fit and high entanglement are satisfied. This does not produce a unique bulk metric; it quantifies a threshold where geometric interpretation becomes more stable."
      },
      "coordinates": {
        "J_strength": 1.0,
        "beta": 10.0,
        "n_modes": 8
      },
      "curvature_invariants": {
        "kretschmann": null,
        "note": "Quantum-many-body toy; no spacetime curvature computed. 'Geometry' is an operational proxy from correlator form + entanglement.",
        "ricci_scalar": null
      },
      "local_observables": {
        "entanglement": {
          "S_half": 1.1582324987136552,
          "entanglement_tolerance": 0.7,
          "fraction_of_max": 0.4177440705226558,
          "note": "Half-system entanglement uses a mode bipartition (first n/2 vs last n/2)."
        },
        "hilbert_dim": 256,
        "thermal_correlator": {
          "Delta": 0.25,
          "G_tau": [
            0.45181175611221,
            0.41306573026133,
            0.3818153683448688,
            0.35657583507506063,
            0.3362107654298268,
            0.319849092130423,
            0.3068237656432221,
            0.29662655334956245,
            0.28887477728579697,
            0.28328704203272465,
            0.2796658649592519,
            0.2778857537011966,
            0.27788575370119656,
            0.27966586495925183,
            0.2832870420327246,
            0.2888747772857968,
            0.29662655334956234,
            0.30682376564322195,
            0.31984909213042284,
            0.3362107654298266,
            0.35657583507506035,
            0.3818153683448684,
            0.4130657302613296,
            0.45181175611220964
          ],
          "fit_amplitude_b": 0.3955022579415842,
          "fit_error_rel_rmse": 0.20348138836990345,
          "fit_tolerance": 0.15,
          "tau_samples": [
            0.4,
            0.7999999999999998,
            1.2,
            1.5999999999999996,
            1.9999999999999998,
            2.3999999999999995,
            2.8,
            3.1999999999999993,
            3.599999999999999,
            3.999999999999999,
            4.399999999999999,
            4.799999999999999,
            5.199999999999999,
            5.6,
            6.0,
            6.399999999999999,
            6.799999999999999,
            7.199999999999999,
            7.599999999999999,
            7.999999999999999,
            8.399999999999999,
            8.799999999999999,
            9.2,
            9.6
          ]
        }
      }
    },
    {
      "causal_structure": {
        "failure_mode_if_not_emergent": "operational_undefined_geometry_proxy_unstable",
        "geometry_emergent_proxy": false,
        "note": "Proxy declares 'emergent' only when both conformal-correlator fit and high entanglement are satisfied. This does not produce a unique bulk metric; it quantifies a threshold where geometric interpretation becomes more stable."
      },
      "coordinates": {
        "J_strength": 2.0,
        "beta": 10.0,
        "n_modes": 8
      },
      "curvature_invariants": {
        "kretschmann": null,
        "note": "Quantum-many-body toy; no spacetime curvature computed. 'Geometry' is an operational proxy from correlator form + entanglement.",
        "ricci_scalar": null
      },
      "local_observables": {
        "entanglement": {
          "S_half": 1.1582324987136552,
          "entanglement_tolerance": 0.7,
          "fraction_of_max": 0.4177440705226558,
          "note": "Half-system entanglement uses a mode bipartition (first n/2 vs last n/2)."
        },
        "hilbert_dim": 256,
        "thermal_correlator": {
          "Delta": 0.25,
          "G_tau": [
            0.4000756343245332,
            0.3333967073509202,
            0.28758733107665346,
            0.2552733203179275,
            0.23196058095464378,
            0.21485201569405438,
            0.20217330172172435,
            0.1927809342370651,
            0.18593032871267923,
            0.1811367352702845,
            0.17809132973319858,
            0.17661119319543692,
            0.17661119319543686,
            0.17809132973319847,
            0.18113673527028432,
            0.1859303287126789,
            0.19278093423706472,
            0.20217330172172385,
            0.21485201569405377,
            0.2319605809546429,
            0.25527332031792654,
            0.2875873310766524,
            0.33339670735091903,
            0.4000756343245318
          ],
          "fit_amplitude_b": 0.29366276752778125,
          "fit_error_rel_rmse": 0.09357027162398669,
          "fit_tolerance": 0.15,
          "tau_samples": [
            0.4,
            0.7999999999999998,
            1.2,
            1.5999999999999996,
            1.9999999999999998,
            2.3999999999999995,
            2.8,
            3.1999999999999993,
            3.599999999999999,
            3.999999999999999,
            4.399999999999999,
            4.799999999999999,
            5.199999999999999,
            5.6,
            6.0,
            6.399999999999999,
            6.799999999999999,
            7.199999999999999,
            7.599999999999999,
            7.999999999999999,
            8.399999999999999,
            8.799999999999999,
            9.2,
            9.6
          ]
        }
      }
    }
  ],
  "spacetime": "No explicit spacetime; emergent-geometry proxy from conformal correlators + entanglement",
  "theory": "Quantum many-body SYK-like model (deterministic) as an operational emergence test",
  "toy_id": "083",
  "units": {
    "G": 1,
    "c": 1
  }
}