{
  "notes": {
    "domain_of_validity": "Completeness test here is a proxy based on proper distance to inner boundary on the standard t=const slice. This toy is about theorem applicability boundaries, not a full PMT proof engine.",
    "key_formulas": {
      "adm_mass_schwarzschild": "M_ADM = M",
      "kretschmann": "K=48 M^2 / r^6",
      "proper_distance_radial": "D=\u222b dr/sqrt(f(r)) where f>0 on t=const slice",
      "schwarzschild_f": "f(r)=1-2M/r",
      "torus_adm": "ADM undefined on compact topology (no asymptotic region)"
    },
    "pressure_point": "Positive mass statements depend on global hypotheses (asymptotic flatness + completeness + nonnegative scalar curvature). Topology changes or incompleteness can make ADM mass undefined or allow negative values outside theorem scope."
  },
  "observables": {
    "completeness_boundary_measurement": {
      "case": "M>0 (horizon present)",
      "distance_samples": [
        {
          "epsilon": 0.1,
          "proper_distance_r0_to_r_inner": 10.545855399524493,
          "r_inner": 2.2
        },
        {
          "epsilon": 0.01,
          "proper_distance_r0_to_r_inner": 11.430877223136738,
          "r_inner": 2.02
        },
        {
          "epsilon": 0.001,
          "proper_distance_r0_to_r_inner": 11.705031728281408,
          "r_inner": 2.002
        },
        {
          "epsilon": 0.0001,
          "proper_distance_r0_to_r_inner": 11.791575441913778,
          "r_inner": 2.0002
        }
      ],
      "divergence_proxy_delta": 1.2457200423892854,
      "epsilons": [
        0.1,
        0.01,
        0.001,
        0.0001
      ],
      "inner_boundary": "r -> 2M^+",
      "interpretation": "For the standard exterior t=const slice, proper distance to r=2M diverges as epsilon->0; inner end is infinitely far (completeness-consistent)."
    },
    "schwarzschild_summary": {
      "adm_mass_M_ADM": 1.0,
      "adm_mass_nonnegative": true,
      "interpretation": "If M<0, negative ADM mass appears but completeness fails (finite distance to r=0 singularity), so this is outside PMT hypotheses, not a counterexample.",
      "pmt_applicability_proxy": true
    },
    "torus_summary": {
      "adm_mass_M_ADM": null,
      "asymptotically_flat": false,
      "interpretation": "Compact topology removes ADM notion entirely; positivity is operationally undefined.",
      "pmt_applicability_proxy": false
    }
  },
  "parameters": {
    "M": 1.0,
    "epsilons_for_inner_boundary_test": [
      0.1,
      0.01,
      0.001,
      0.0001
    ],
    "integration_points": 200000,
    "r0_for_distance_test": 10.0,
    "r_samples": [
      10.0,
      6.0,
      4.0,
      3.0,
      2.5,
      2.1
    ],
    "torus_L": 1.0
  },
  "sample_points": [
    {
      "causal_structure": {
        "horizon_radius": 2.0,
        "region": "exterior (r>2M)"
      },
      "coordinates": {
        "case": "schwarzschild_t_const_slice",
        "phi": null,
        "r": 10.0,
        "t": null,
        "theta": null
      },
      "curvature_invariants": {
        "kretschmann": 4.8e-05,
        "note": "Vacuum Schwarzschild: R=0; K=48 M^2/r^6 diverges as r->0 if M!=0.",
        "ricci_scalar": 0.0
      },
      "local_observables": {
        "schwarzschild": {
          "M": 1.0,
          "adm_mass_M_ADM": 1.0,
          "completeness_proxy": true,
          "f_r": 0.8,
          "note": "If PMT applicability proxy is false, negative ADM mass is not a theorem violation; it indicates a hypothesis boundary (here: incompleteness due to r=0 singularity at finite distance).",
          "pmt_applicability_proxy": true,
          "spatial_scalar_curvature_R3": 0.0
        }
      }
    },
    {
      "causal_structure": {
        "horizon_radius": 2.0,
        "region": "exterior (r>2M)"
      },
      "coordinates": {
        "case": "schwarzschild_t_const_slice",
        "phi": null,
        "r": 6.0,
        "t": null,
        "theta": null
      },
      "curvature_invariants": {
        "kretschmann": 0.00102880658436214,
        "note": "Vacuum Schwarzschild: R=0; K=48 M^2/r^6 diverges as r->0 if M!=0.",
        "ricci_scalar": 0.0
      },
      "local_observables": {
        "schwarzschild": {
          "M": 1.0,
          "adm_mass_M_ADM": 1.0,
          "completeness_proxy": true,
          "f_r": 0.6666666666666667,
          "note": "If PMT applicability proxy is false, negative ADM mass is not a theorem violation; it indicates a hypothesis boundary (here: incompleteness due to r=0 singularity at finite distance).",
          "pmt_applicability_proxy": true,
          "spatial_scalar_curvature_R3": 0.0
        }
      }
    },
    {
      "causal_structure": {
        "horizon_radius": 2.0,
        "region": "exterior (r>2M)"
      },
      "coordinates": {
        "case": "schwarzschild_t_const_slice",
        "phi": null,
        "r": 4.0,
        "t": null,
        "theta": null
      },
      "curvature_invariants": {
        "kretschmann": 0.01171875,
        "note": "Vacuum Schwarzschild: R=0; K=48 M^2/r^6 diverges as r->0 if M!=0.",
        "ricci_scalar": 0.0
      },
      "local_observables": {
        "schwarzschild": {
          "M": 1.0,
          "adm_mass_M_ADM": 1.0,
          "completeness_proxy": true,
          "f_r": 0.5,
          "note": "If PMT applicability proxy is false, negative ADM mass is not a theorem violation; it indicates a hypothesis boundary (here: incompleteness due to r=0 singularity at finite distance).",
          "pmt_applicability_proxy": true,
          "spatial_scalar_curvature_R3": 0.0
        }
      }
    },
    {
      "causal_structure": {
        "horizon_radius": 2.0,
        "region": "exterior (r>2M)"
      },
      "coordinates": {
        "case": "schwarzschild_t_const_slice",
        "phi": null,
        "r": 3.0,
        "t": null,
        "theta": null
      },
      "curvature_invariants": {
        "kretschmann": 0.06584362139917696,
        "note": "Vacuum Schwarzschild: R=0; K=48 M^2/r^6 diverges as r->0 if M!=0.",
        "ricci_scalar": 0.0
      },
      "local_observables": {
        "schwarzschild": {
          "M": 1.0,
          "adm_mass_M_ADM": 1.0,
          "completeness_proxy": true,
          "f_r": 0.33333333333333337,
          "note": "If PMT applicability proxy is false, negative ADM mass is not a theorem violation; it indicates a hypothesis boundary (here: incompleteness due to r=0 singularity at finite distance).",
          "pmt_applicability_proxy": true,
          "spatial_scalar_curvature_R3": 0.0
        }
      }
    },
    {
      "causal_structure": {
        "horizon_radius": 2.0,
        "region": "exterior (r>2M)"
      },
      "coordinates": {
        "case": "schwarzschild_t_const_slice",
        "phi": null,
        "r": 2.5,
        "t": null,
        "theta": null
      },
      "curvature_invariants": {
        "kretschmann": 0.196608,
        "note": "Vacuum Schwarzschild: R=0; K=48 M^2/r^6 diverges as r->0 if M!=0.",
        "ricci_scalar": 0.0
      },
      "local_observables": {
        "schwarzschild": {
          "M": 1.0,
          "adm_mass_M_ADM": 1.0,
          "completeness_proxy": true,
          "f_r": 0.19999999999999996,
          "note": "If PMT applicability proxy is false, negative ADM mass is not a theorem violation; it indicates a hypothesis boundary (here: incompleteness due to r=0 singularity at finite distance).",
          "pmt_applicability_proxy": true,
          "spatial_scalar_curvature_R3": 0.0
        }
      }
    },
    {
      "causal_structure": {
        "horizon_radius": 2.0,
        "region": "exterior (r>2M)"
      },
      "coordinates": {
        "case": "schwarzschild_t_const_slice",
        "phi": null,
        "r": 2.1,
        "t": null,
        "theta": null
      },
      "curvature_invariants": {
        "kretschmann": 0.5596615474774705,
        "note": "Vacuum Schwarzschild: R=0; K=48 M^2/r^6 diverges as r->0 if M!=0.",
        "ricci_scalar": 0.0
      },
      "local_observables": {
        "schwarzschild": {
          "M": 1.0,
          "adm_mass_M_ADM": 1.0,
          "completeness_proxy": true,
          "f_r": 0.04761904761904767,
          "note": "If PMT applicability proxy is false, negative ADM mass is not a theorem violation; it indicates a hypothesis boundary (here: incompleteness due to r=0 singularity at finite distance).",
          "pmt_applicability_proxy": true,
          "spatial_scalar_curvature_R3": 0.0
        }
      }
    },
    {
      "causal_structure": {
        "closed_spatial_loops": true,
        "global_topology": "T^3 (periodic in x,y,z)"
      },
      "coordinates": {
        "case": "flat_3_torus",
        "x": 0.0,
        "y": 0.0,
        "z": 0.0
      },
      "curvature_invariants": {
        "kretschmann": 0.0,
        "note": "Flat torus: invariants zero everywhere; topology is nontrivial.",
        "ricci_scalar": 0.0
      },
      "local_observables": {
        "torus": {
          "L": 1.0,
          "adm_mass_M_ADM": null,
          "asymptotically_flat": false,
          "note": "Compact flat space has no ADM mass; positivity is operationally undefined, not violated.",
          "pmt_applicability_proxy": false
        }
      }
    },
    {
      "causal_structure": {
        "closed_spatial_loops": true,
        "global_topology": "T^3 (periodic in x,y,z)"
      },
      "coordinates": {
        "case": "flat_3_torus",
        "x": 0.5,
        "y": 0.0,
        "z": 0.0
      },
      "curvature_invariants": {
        "kretschmann": 0.0,
        "note": "Flat torus: invariants zero everywhere; topology is nontrivial.",
        "ricci_scalar": 0.0
      },
      "local_observables": {
        "torus": {
          "L": 1.0,
          "adm_mass_M_ADM": null,
          "asymptotically_flat": false,
          "note": "Compact flat space has no ADM mass; positivity is operationally undefined, not violated.",
          "pmt_applicability_proxy": false
        }
      }
    },
    {
      "causal_structure": {
        "closed_spatial_loops": true,
        "global_topology": "T^3 (periodic in x,y,z)"
      },
      "coordinates": {
        "case": "flat_3_torus",
        "x": 0.0,
        "y": 0.5,
        "z": 0.0
      },
      "curvature_invariants": {
        "kretschmann": 0.0,
        "note": "Flat torus: invariants zero everywhere; topology is nontrivial.",
        "ricci_scalar": 0.0
      },
      "local_observables": {
        "torus": {
          "L": 1.0,
          "adm_mass_M_ADM": null,
          "asymptotically_flat": false,
          "note": "Compact flat space has no ADM mass; positivity is operationally undefined, not violated.",
          "pmt_applicability_proxy": false
        }
      }
    },
    {
      "causal_structure": {
        "closed_spatial_loops": true,
        "global_topology": "T^3 (periodic in x,y,z)"
      },
      "coordinates": {
        "case": "flat_3_torus",
        "x": 0.0,
        "y": 0.0,
        "z": 0.5
      },
      "curvature_invariants": {
        "kretschmann": 0.0,
        "note": "Flat torus: invariants zero everywhere; topology is nontrivial.",
        "ricci_scalar": 0.0
      },
      "local_observables": {
        "torus": {
          "L": 1.0,
          "adm_mass_M_ADM": null,
          "asymptotically_flat": false,
          "note": "Compact flat space has no ADM mass; positivity is operationally undefined, not violated.",
          "pmt_applicability_proxy": false
        }
      }
    }
  ],
  "spacetime": "Schwarzschild (t=const spatial slice) + flat 3-torus (compact topology) comparator",
  "theory": "General Relativity (global energy theorem boundary: ADM mass positivity hypotheses)",
  "toy_id": "081",
  "units": {
    "G": 1,
    "c": 1
  }
}