{
  "notes": {
    "domain_of_validity": "Flat spacetime with classical light propagation. Quantum aspect enters only as a superposition of source events; toy is an operational ambiguity diagnostic, not a full QFT-in-curved-spacetime calculation.",
    "key_formulas": {
      "disconnected_condition": "Union I_A(t) \u222a I_B(t) is disconnected iff |x_A-x_B| > 2t",
      "light_cone_slice": "For emission at (0,x0), at time t>0: x \u2208 [x0-t, x0+t]"
    },
    "pressure_point": "Causal prediction in classical spacetime presumes localized events. A quantum superposition of emission locations undermines the notion of a unique future light cone without additional measurement/reduction structure."
  },
  "observables": {
    "summary": {
      "apex_separation_abs_dx": 2.0,
      "disconnected_slices_count": 2,
      "note": "If many slices are disconnected, the causal future is strongly branch-dependent at those times.",
      "uniqueness_status": false
    }
  },
  "parameters": {
    "conventions": "c=1; emission at t=0",
    "t_samples": [
      0.25,
      0.5,
      1.0,
      2.0
    ],
    "x_A": -1.0,
    "x_B": 1.0
  },
  "sample_points": [
    {
      "causal_structure": {
        "classical_future_light_cone": "x in [x0-t, x0+t] for each branch",
        "note": "Union of branch futures may be disconnected for small t if |x_A-x_B|>2t.",
        "superposed_light_cone_status": "undefined_as_single_cone"
      },
      "coordinates": {
        "slice": "t=const",
        "t": 0.25,
        "x_A": -1.0,
        "x_B": 1.0
      },
      "curvature_invariants": {
        "kretschmann": 0.0,
        "note": "Flat Minkowski: no curvature pathologies; failure is causal predictability under quantum superposition.",
        "ricci_scalar": 0.0
      },
      "local_observables": {
        "branch_light_cone_slices": {
          "A": {
            "length": 0.5,
            "x_max": -0.75,
            "x_min": -1.25
          },
          "B": {
            "length": 0.5,
            "x_max": 1.25,
            "x_min": 0.75
          }
        },
        "nonuniqueness": {
          "ambiguity_ratio_abs_dx_over_2t": 4.0,
          "disconnected_union": true,
          "note": "Classically, a single apex defines a unique cone. In superposition, two distinct apex choices exist; a single 'future light cone' is not uniquely defined without reduction/measurement.",
          "overlap_length": 0.0,
          "union_length": 1.0,
          "uniqueness_status": false
        },
        "superposed_source_state": "(|A> + e^{i\u03c6}|B>)/\u221a2 (\u03c6 unspecified)"
      }
    },
    {
      "causal_structure": {
        "classical_future_light_cone": "x in [x0-t, x0+t] for each branch",
        "note": "Union of branch futures may be disconnected for small t if |x_A-x_B|>2t.",
        "superposed_light_cone_status": "undefined_as_single_cone"
      },
      "coordinates": {
        "slice": "t=const",
        "t": 0.5,
        "x_A": -1.0,
        "x_B": 1.0
      },
      "curvature_invariants": {
        "kretschmann": 0.0,
        "note": "Flat Minkowski: no curvature pathologies; failure is causal predictability under quantum superposition.",
        "ricci_scalar": 0.0
      },
      "local_observables": {
        "branch_light_cone_slices": {
          "A": {
            "length": 1.0,
            "x_max": -0.5,
            "x_min": -1.5
          },
          "B": {
            "length": 1.0,
            "x_max": 1.5,
            "x_min": 0.5
          }
        },
        "nonuniqueness": {
          "ambiguity_ratio_abs_dx_over_2t": 2.0,
          "disconnected_union": true,
          "note": "Classically, a single apex defines a unique cone. In superposition, two distinct apex choices exist; a single 'future light cone' is not uniquely defined without reduction/measurement.",
          "overlap_length": 0.0,
          "union_length": 2.0,
          "uniqueness_status": false
        },
        "superposed_source_state": "(|A> + e^{i\u03c6}|B>)/\u221a2 (\u03c6 unspecified)"
      }
    },
    {
      "causal_structure": {
        "classical_future_light_cone": "x in [x0-t, x0+t] for each branch",
        "note": "Union of branch futures may be disconnected for small t if |x_A-x_B|>2t.",
        "superposed_light_cone_status": "undefined_as_single_cone"
      },
      "coordinates": {
        "slice": "t=const",
        "t": 1.0,
        "x_A": -1.0,
        "x_B": 1.0
      },
      "curvature_invariants": {
        "kretschmann": 0.0,
        "note": "Flat Minkowski: no curvature pathologies; failure is causal predictability under quantum superposition.",
        "ricci_scalar": 0.0
      },
      "local_observables": {
        "branch_light_cone_slices": {
          "A": {
            "length": 2.0,
            "x_max": 0.0,
            "x_min": -2.0
          },
          "B": {
            "length": 2.0,
            "x_max": 2.0,
            "x_min": 0.0
          }
        },
        "nonuniqueness": {
          "ambiguity_ratio_abs_dx_over_2t": 1.0,
          "disconnected_union": false,
          "note": "Classically, a single apex defines a unique cone. In superposition, two distinct apex choices exist; a single 'future light cone' is not uniquely defined without reduction/measurement.",
          "overlap_length": 0.0,
          "union_length": 4.0,
          "uniqueness_status": false
        },
        "superposed_source_state": "(|A> + e^{i\u03c6}|B>)/\u221a2 (\u03c6 unspecified)"
      }
    },
    {
      "causal_structure": {
        "classical_future_light_cone": "x in [x0-t, x0+t] for each branch",
        "note": "Union of branch futures may be disconnected for small t if |x_A-x_B|>2t.",
        "superposed_light_cone_status": "undefined_as_single_cone"
      },
      "coordinates": {
        "slice": "t=const",
        "t": 2.0,
        "x_A": -1.0,
        "x_B": 1.0
      },
      "curvature_invariants": {
        "kretschmann": 0.0,
        "note": "Flat Minkowski: no curvature pathologies; failure is causal predictability under quantum superposition.",
        "ricci_scalar": 0.0
      },
      "local_observables": {
        "branch_light_cone_slices": {
          "A": {
            "length": 4.0,
            "x_max": 1.0,
            "x_min": -3.0
          },
          "B": {
            "length": 4.0,
            "x_max": 3.0,
            "x_min": -1.0
          }
        },
        "nonuniqueness": {
          "ambiguity_ratio_abs_dx_over_2t": 0.5,
          "disconnected_union": false,
          "note": "Classically, a single apex defines a unique cone. In superposition, two distinct apex choices exist; a single 'future light cone' is not uniquely defined without reduction/measurement.",
          "overlap_length": 2.0,
          "union_length": 6.0,
          "uniqueness_status": false
        },
        "superposed_source_state": "(|A> + e^{i\u03c6}|B>)/\u221a2 (\u03c6 unspecified)"
      }
    }
  ],
  "spacetime": "Minkowski 1+1: source in spatial superposition => non-unique future light cone",
  "theory": "Special Relativity limit (flat GR) + quantum-superposed source (operational causal diagnostic)",
  "toy_id": "077",
  "units": {
    "G": 1,
    "c": 1
  }
}