{
  "notes": {
    "domain_of_validity": "Quasi-static approximation: M varies slowly compared to light-crossing time. Cutoff M_min is an explicit declaration of UV breakdown.",
    "key_equations": {
      "horizon": "r_h = 2M",
      "kretschmann_horizon": "K_h = 3/(4 M^4)",
      "luminosity_proxy": "P = alpha / M^2",
      "mass_loss": "dM/dt = -alpha / M^2",
      "temperature": "T_H = 1/(8\u03c0 M)"
    },
    "pressure_point": "Backreaction thickens failure: the geometry drifts (M(t) changes), and near a cutoff scale classical/semiclassical predictions must be declared undefined (null). GR contains no UV rule."
  },
  "observables": {
    "summary": {
      "note": "Difference in cutoff times under small delta_alpha illustrates thick sensitivity; no sharp boundary is singled out by geometry alone.",
      "reaches_cutoff_by_t_end": false,
      "time_to_cutoff_base": null,
      "time_to_cutoff_perturbed_alpha": null
    }
  },
  "parameters": {
    "M0": 5.0,
    "M_min_cutoff": 1.0,
    "alpha": 0.0001,
    "conventions": "\u0127 = k_B = 1 for Hawking temperature expression",
    "delta_alpha_frac": 0.05,
    "dt": 100.0,
    "sample_every": 200,
    "t_end": 2000000.0,
    "t_start": 0.0
  },
  "sample_points": [
    {
      "causal_structure": {
        "horizon_radius": 10.0,
        "note": "Horizon exists while M > M_min; beyond cutoff, classical/semiclassical causal structure not trusted.",
        "region": "evaporating Schwarzschild (quasi-static)"
      },
      "coordinates": {
        "t": 0.0
      },
      "curvature_invariants": {
        "kretschmann_at_horizon": 0.0012,
        "note": "Schwarzschild vacuum: Ricci scalar = 0; horizon Kretschmann K_h = 3/(4 M^4) when within validity.",
        "ricci_scalar": 0.0
      },
      "local_observables": {
        "hawking_temperature_T_H": 0.007957747154594767,
        "horizon_radius_r_h": 10.0,
        "luminosity_proxy_P": 4e-06,
        "mass_M": 5.0,
        "nearby_flux_parameter": {
          "M_perturbed": 5.0,
          "alpha_perturbed": 0.000105,
          "alpha_used": 0.0001,
          "delta_M": 0.0,
          "delta_r_h": 0.0,
          "note": "Sensitivity to flux/state parameter alpha; divergence grows as M decreases (thickening).",
          "r_h_perturbed": 10.0
        },
        "uv_breakdown": false
      }
    },
    {
      "causal_structure": {
        "horizon_radius": 9.837369468917453,
        "note": "Horizon exists while M > M_min; beyond cutoff, classical/semiclassical causal structure not trusted.",
        "region": "evaporating Schwarzschild (quasi-static)"
      },
      "coordinates": {
        "t": 20000.0
      },
      "curvature_invariants": {
        "kretschmann_at_horizon": 0.0012813427468221187,
        "note": "Schwarzschild vacuum: Ricci scalar = 0; horizon Kretschmann K_h = 3/(4 M^4) when within validity.",
        "ricci_scalar": 0.0
      },
      "local_observables": {
        "hawking_temperature_T_H": 0.008089303934083582,
        "horizon_radius_r_h": 9.837369468917453,
        "luminosity_proxy_P": 4.133348516351875e-06,
        "mass_M": 4.918684734458727,
        "nearby_flux_parameter": {
          "M_perturbed": 4.9145479076673615,
          "alpha_perturbed": 0.000105,
          "alpha_used": 0.0001,
          "delta_M": -0.004136826791365067,
          "delta_r_h": -0.008273653582730134,
          "note": "Sensitivity to flux/state parameter alpha; divergence grows as M decreases (thickening).",
          "r_h_perturbed": 9.829095815334723
        },
        "uv_breakdown": false
      }
    },
    {
      "causal_structure": {
        "horizon_radius": 9.669176254223277,
        "note": "Horizon exists while M > M_min; beyond cutoff, classical/semiclassical causal structure not trusted.",
        "region": "evaporating Schwarzschild (quasi-static)"
      },
      "coordinates": {
        "t": 40000.0
      },
      "curvature_invariants": {
        "kretschmann_at_horizon": 0.0013728507924744796,
        "note": "Schwarzschild vacuum: Ricci scalar = 0; horizon Kretschmann K_h = 3/(4 M^4) when within validity.",
        "ricci_scalar": 0.0
      },
      "local_observables": {
        "hawking_temperature_T_H": 0.008230015613914374,
        "horizon_radius_r_h": 9.669176254223277,
        "luminosity_proxy_P": 4.278396572665169e-06,
        "mass_M": 4.834588127111639,
        "nearby_flux_parameter": {
          "M_perturbed": 4.826016144366091,
          "alpha_perturbed": 0.000105,
          "alpha_used": 0.0001,
          "delta_M": -0.008571982745547935,
          "delta_r_h": -0.01714396549109587,
          "note": "Sensitivity to flux/state parameter alpha; divergence grows as M decreases (thickening).",
          "r_h_perturbed": 9.652032288732181
        },
        "uv_breakdown": false
      }
    },
    {
      "causal_structure": {
        "horizon_radius": 9.494918797046804,
        "note": "Horizon exists while M > M_min; beyond cutoff, classical/semiclassical causal structure not trusted.",
        "region": "evaporating Schwarzschild (quasi-static)"
      },
      "coordinates": {
        "t": 60000.0
      },
      "curvature_invariants": {
        "kretschmann_at_horizon": 0.00147644144077833,
        "note": "Schwarzschild vacuum: Ricci scalar = 0; horizon Kretschmann K_h = 3/(4 M^4) when within validity.",
        "ricci_scalar": 0.0
      },
      "local_observables": {
        "hawking_temperature_T_H": 0.008381058674319425,
        "horizon_radius_r_h": 9.494918797046804,
        "luminosity_proxy_P": 4.436877942545231e-06,
        "mass_M": 4.747459398523402,
        "nearby_flux_parameter": {
          "M_perturbed": 4.734111269787366,
          "alpha_perturbed": 0.000105,
          "alpha_used": 0.0001,
          "delta_M": -0.013348128736035747,
          "delta_r_h": -0.026696257472071494,
          "note": "Sensitivity to flux/state parameter alpha; divergence grows as M decreases (thickening).",
          "r_h_perturbed": 9.468222539574732
        },
        "uv_breakdown": false
      }
    },
    {
      "causal_structure": {
        "horizon_radius": 9.31401901560767,
        "note": "Horizon exists while M > M_min; beyond cutoff, classical/semiclassical causal structure not trusted.",
        "region": "evaporating Schwarzschild (quasi-static)"
      },
      "coordinates": {
        "t": 80000.0
      },
      "curvature_invariants": {
        "kretschmann_at_horizon": 0.0015945302584875504,
        "note": "Schwarzschild vacuum: Ricci scalar = 0; horizon Kretschmann K_h = 3/(4 M^4) when within validity.",
        "ricci_scalar": 0.0
      },
      "local_observables": {
        "hawking_temperature_T_H": 0.008543838209112335,
        "horizon_radius_r_h": 9.31401901560767,
        "luminosity_proxy_P": 4.610900502776077e-06,
        "mass_M": 4.657009507803835,
        "nearby_flux_parameter": {
          "M_perturbed": 4.638492375833471,
          "alpha_perturbed": 0.000105,
          "alpha_used": 0.0001,
          "delta_M": -0.018517131970363643,
          "delta_r_h": -0.037034263940727286,
          "note": "Sensitivity to flux/state parameter alpha; divergence grows as M decreases (thickening).",
          "r_h_perturbed": 9.276984751666943
        },
        "uv_breakdown": false
      }
    },
    {
      "causal_structure": {
        "horizon_radius": 9.125805270773917,
        "note": "Horizon exists while M > M_min; beyond cutoff, classical/semiclassical causal structure not trusted.",
        "region": "evaporating Schwarzschild (quasi-static)"
      },
      "coordinates": {
        "t": 100000.0
      },
      "curvature_invariants": {
        "kretschmann_at_horizon": 0.0017302005922455522,
        "note": "Schwarzschild vacuum: Ricci scalar = 0; horizon Kretschmann K_h = 3/(4 M^4) when within validity.",
        "ricci_scalar": 0.0
      },
      "local_observables": {
        "hawking_temperature_T_H": 0.008720049265219429,
        "horizon_radius_r_h": 9.125805270773917,
        "luminosity_proxy_P": 4.803055405670509e-06,
        "mass_M": 4.562902635386958,
        "nearby_flux_parameter": {
          "M_perturbed": 4.538759841617427,
          "alpha_perturbed": 0.000105,
          "alpha_used": 0.0001,
          "delta_M": -0.024142793769531323,
          "delta_r_h": -0.04828558753906265,
          "note": "Sensitivity to flux/state parameter alpha; divergence grows as M decreases (thickening).",
          "r_h_perturbed": 9.077519683234854
        },
        "uv_breakdown": false
      }
    },
    {
      "causal_structure": {
        "horizon_radius": 8.929490191169057,
        "note": "Horizon exists while M > M_min; beyond cutoff, classical/semiclassical causal structure not trusted.",
        "region": "evaporating Schwarzschild (quasi-static)"
      },
      "coordinates": {
        "t": 120000.0
      },
      "curvature_invariants": {
        "kretschmann_at_horizon": 0.0018874462285582325,
        "note": "Schwarzschild vacuum: Ricci scalar = 0; horizon Kretschmann K_h = 3/(4 M^4) when within validity.",
        "ricci_scalar": 0.0
      },
      "local_observables": {
        "hawking_temperature_T_H": 0.00891175978049082,
        "horizon_radius_r_h": 8.929490191169057,
        "luminosity_proxy_P": 5.0165675231287155e-06,
        "mass_M": 4.4647450955845285,
        "nearby_flux_parameter": {
          "M_perturbed": 4.43444046193326,
          "alpha_perturbed": 0.000105,
          "alpha_used": 0.0001,
          "delta_M": -0.030304633651268453,
          "delta_r_h": -0.06060926730253691,
          "note": "Sensitivity to flux/state parameter alpha; divergence grows as M decreases (thickening).",
          "r_h_perturbed": 8.86888092386652
        },
        "uv_breakdown": false
      }
    },
    {
      "causal_structure": {
        "horizon_radius": 8.724141342909663,
        "note": "Horizon exists while M > M_min; beyond cutoff, classical/semiclassical causal structure not trusted.",
        "region": "evaporating Schwarzschild (quasi-static)"
      },
      "coordinates": {
        "t": 140000.0
      },
      "curvature_invariants": {
        "kretschmann_at_horizon": 0.002071526405439821,
        "note": "Schwarzschild vacuum: Ricci scalar = 0; horizon Kretschmann K_h = 3/(4 M^4) when within validity.",
        "ricci_scalar": 0.0
      },
      "local_observables": {
        "hawking_temperature_T_H": 0.009121524791734646,
        "horizon_radius_r_h": 8.724141342909663,
        "luminosity_proxy_P": 5.2555068330781325e-06,
        "mass_M": 4.362070671454831,
        "nearby_flux_parameter": {
          "M_perturbed": 4.324967422655482,
          "alpha_perturbed": 0.000105,
          "alpha_used": 0.0001,
          "delta_M": -0.03710324879934923,
          "delta_r_h": -0.07420649759869846,
          "note": "Sensitivity to flux/state parameter alpha; divergence grows as M decreases (thickening).",
          "r_h_perturbed": 8.649934845310964
        },
        "uv_breakdown": false
      }
    },
    {
      "causal_structure": {
        "horizon_radius": 8.508641730230005,
        "note": "Horizon exists while M > M_min; beyond cutoff, classical/semiclassical causal structure not trusted.",
        "region": "evaporating Schwarzschild (quasi-static)"
      },
      "coordinates": {
        "t": 160000.0
      },
      "curvature_invariants": {
        "kretschmann_at_horizon": 0.002289498147666505,
        "note": "Schwarzschild vacuum: Ricci scalar = 0; horizon Kretschmann K_h = 3/(4 M^4) when within validity.",
        "ricci_scalar": 0.0
      },
      "local_observables": {
        "hawking_temperature_T_H": 0.009352546983288782,
        "horizon_radius_r_h": 8.508641730230005,
        "luminosity_proxy_P": 5.525092032616899e-06,
        "mass_M": 4.254320865115003,
        "nearby_flux_parameter": {
          "M_perturbed": 4.2096527793106775,
          "alpha_perturbed": 0.000105,
          "alpha_used": 0.0001,
          "delta_M": -0.04466808580432513,
          "delta_r_h": -0.08933617160865026,
          "note": "Sensitivity to flux/state parameter alpha; divergence grows as M decreases (thickening).",
          "r_h_perturbed": 8.419305558621355
        },
        "uv_breakdown": false
      }
    },
    {
      "causal_structure": {
        "horizon_radius": 8.281635498845688,
        "note": "Horizon exists while M > M_min; beyond cutoff, classical/semiclassical causal structure not trusted.",
        "region": "evaporating Schwarzschild (quasi-static)"
      },
      "coordinates": {
        "t": 180000.0
      },
      "curvature_invariants": {
        "kretschmann_at_horizon": 0.002551037239724583,
        "note": "Schwarzschild vacuum: Ricci scalar = 0; horizon Kretschmann K_h = 3/(4 M^4) when within validity.",
        "ricci_scalar": 0.0
      },
      "local_observables": {
        "hawking_temperature_T_H": 0.0096089077522235,
        "horizon_radius_r_h": 8.281635498845688,
        "luminosity_proxy_P": 5.832137675243481e-06,
        "mass_M": 4.140817749422844,
        "nearby_flux_parameter": {
          "M_perturbed": 4.087648730353612,
          "alpha_perturbed": 0.000105,
          "alpha_used": 0.0001,
          "delta_M": -0.05316901906923199,
          "delta_r_h": -0.10633803813846399,
          "note": "Sensitivity to flux/state parameter alpha; divergence grows as M decreases (thickening).",
          "r_h_perturbed": 8.175297460707224
        },
        "uv_breakdown": false
      }
    },
    {
      "causal_structure": {
        "horizon_radius": 8.041451517178098,
        "note": "Horizon exists while M > M_min; beyond cutoff, classical/semiclassical causal structure not trusted.",
        "region": "evaporating Schwarzschild (quasi-static)"
      },
      "coordinates": {
        "t": 200000.0
      },
      "curvature_invariants": {
        "kretschmann_at_horizon": 0.002869745969073675,
        "note": "Schwarzschild vacuum: Ricci scalar = 0; horizon Kretschmann K_h = 3/(4 M^4) when within validity.",
        "ricci_scalar": 0.0
      },
      "local_observables": {
        "hawking_temperature_T_H": 0.009895908888582463,
        "horizon_radius_r_h": 8.041451517178098,
        "luminosity_proxy_P": 6.185731936290887e-06,
        "mass_M": 4.020725758589049,
        "nearby_flux_parameter": {
          "M_perturbed": 3.9578916096804067,
          "alpha_perturbed": 0.000105,
          "alpha_used": 0.0001,
          "delta_M": -0.06283414890864236,
          "delta_r_h": -0.12566829781728472,
          "note": "Sensitivity to flux/state parameter alpha; divergence grows as M decreases (thickening).",
          "r_h_perturbed": 7.915783219360813
        },
        "uv_breakdown": false
      }
    },
    {
      "causal_structure": {
        "horizon_radius": 7.785992831746504,
        "note": "Horizon exists while M > M_min; beyond cutoff, classical/semiclassical causal structure not trusted.",
        "region": "evaporating Schwarzschild (quasi-static)"
      },
      "coordinates": {
        "t": 220000.0
      },
      "curvature_invariants": {
        "kretschmann_at_horizon": 0.003265316236857696,
        "note": "Schwarzschild vacuum: Ricci scalar = 0; horizon Kretschmann K_h = 3/(4 M^4) when within validity.",
        "ricci_scalar": 0.0
      },
      "local_observables": {
        "hawking_temperature_T_H": 0.010220593990464459,
        "horizon_radius_r_h": 7.785992831746504,
        "luminosity_proxy_P": 6.598299009954709e-06,
        "mass_M": 3.892996415873252,
        "nearby_flux_parameter": {
          "M_perturbed": 3.819018232208073,
          "alpha_perturbed": 0.000105,
          "alpha_used": 0.0001,
          "delta_M": -0.07397818366517894,
          "delta_r_h": -0.14795636733035789,
          "note": "Sensitivity to flux/state parameter alpha; divergence grows as M decreases (thickening).",
          "r_h_perturbed": 7.638036464416146
        },
        "uv_breakdown": false
      }
    },
    {
      "causal_structure": {
        "horizon_radius": 7.5125715084421225,
        "note": "Horizon exists while M > M_min; beyond cutoff, classical/semiclassical causal structure not trusted.",
        "region": "evaporating Schwarzschild (quasi-static)"
      },
      "coordinates": {
        "t": 240000.0
      },
      "curvature_invariants": {
        "kretschmann_at_horizon": 0.003767270203105464,
        "note": "Schwarzschild vacuum: Ricci scalar = 0; horizon Kretschmann K_h = 3/(4 M^4) when within validity.",
        "ricci_scalar": 0.0
      },
      "local_observables": {
        "hawking_temperature_T_H": 0.010592574254571004,
        "horizon_radius_r_h": 7.5125715084421225,
        "luminosity_proxy_P": 7.0873316117379125e-06,
        "mass_M": 3.7562857542210613,
        "nearby_flux_parameter": {
          "M_perturbed": 3.6692360320068595,
          "alpha_perturbed": 0.000105,
          "alpha_used": 0.0001,
          "delta_M": -0.08704972221420171,
          "delta_r_h": -0.17409944442840342,
          "note": "Sensitivity to flux/state parameter alpha; divergence grows as M decreases (thickening).",
          "r_h_perturbed": 7.338472064013719
        },
        "uv_breakdown": false
      }
    },
    {
      "causal_structure": {
        "horizon_radius": 7.2176521602773684,
        "note": "Horizon exists while M > M_min; beyond cutoff, classical/semiclassical causal structure not trusted.",
        "region": "evaporating Schwarzschild (quasi-static)"
      },
      "coordinates": {
        "t": 260000.0
      },
      "curvature_invariants": {
        "kretschmann_at_horizon": 0.0044217832763771055,
        "note": "Schwarzschild vacuum: Ricci scalar = 0; horizon Kretschmann K_h = 3/(4 M^4) when within validity.",
        "ricci_scalar": 0.0
      },
      "local_observables": {
        "hawking_temperature_T_H": 0.011025395762891623,
        "horizon_radius_r_h": 7.2176521602773684,
        "luminosity_proxy_P": 7.678353361997268e-06,
        "mass_M": 3.6088260801386842,
        "nearby_flux_parameter": {
          "M_perturbed": 3.506111770271466,
          "alpha_perturbed": 0.000105,
          "alpha_used": 0.0001,
          "delta_M": -0.1027143098672183,
          "delta_r_h": -0.2054286197344366,
          "note": "Sensitivity to flux/state parameter alpha; divergence grows as M decreases (thickening).",
          "r_h_perturbed": 7.012223540542932
        },
        "uv_breakdown": false
      }
    },
    {
      "causal_structure": {
        "horizon_radius": 6.896434480765435,
        "note": "Horizon exists while M > M_min; beyond cutoff, classical/semiclassical causal structure not trusted.",
        "region": "evaporating Schwarzschild (quasi-static)"
      },
      "coordinates": {
        "t": 280000.0
      },
      "curvature_invariants": {
        "kretschmann_at_horizon": 0.005304968234773738,
        "note": "Schwarzschild vacuum: Ricci scalar = 0; horizon Kretschmann K_h = 3/(4 M^4) when within validity.",
        "ricci_scalar": 0.0
      },
      "local_observables": {
        "hawking_temperature_T_H": 0.01153892953929947,
        "horizon_radius_r_h": 6.896434480765435,
        "luminosity_proxy_P": 8.410285952153065e-06,
        "mass_M": 3.4482172403827174,
        "nearby_flux_parameter": {
          "M_perturbed": 3.326206997681538,
          "alpha_perturbed": 0.000105,
          "alpha_used": 0.0001,
          "delta_M": -0.12201024270117955,
          "delta_r_h": -0.2440204854023591,
          "note": "Sensitivity to flux/state parameter alpha; divergence grows as M decreases (thickening).",
          "r_h_perturbed": 6.652413995363076
        },
        "uv_breakdown": false
      }
    },
    {
      "causal_structure": {
        "horizon_radius": 6.542132620377148,
        "note": "Horizon exists while M > M_min; beyond cutoff, classical/semiclassical causal structure not trusted.",
        "region": "evaporating Schwarzschild (quasi-static)"
      },
      "coordinates": {
        "t": 300000.0
      },
      "curvature_invariants": {
        "kretschmann_at_horizon": 0.006550943758561836,
        "note": "Schwarzschild vacuum: Ricci scalar = 0; horizon Kretschmann K_h = 3/(4 M^4) when within validity.",
        "ricci_scalar": 0.0
      },
      "local_observables": {
        "hawking_temperature_T_H": 0.012163842612741178,
        "horizon_radius_r_h": 6.542132620377148,
        "luminosity_proxy_P": 9.34590374339606e-06,
        "mass_M": 3.271066310188574,
        "nearby_flux_parameter": {
          "M_perturbed": 3.1243998847631245,
          "alpha_perturbed": 0.000105,
          "alpha_used": 0.0001,
          "delta_M": -0.14666642542544972,
          "delta_r_h": -0.29333285085089944,
          "note": "Sensitivity to flux/state parameter alpha; divergence grows as M decreases (thickening).",
          "r_h_perturbed": 6.248799769526249
        },
        "uv_breakdown": false
      }
    },
    {
      "causal_structure": {
        "horizon_radius": 6.144633651371655,
        "note": "Horizon exists while M > M_min; beyond cutoff, classical/semiclassical causal structure not trusted.",
        "region": "evaporating Schwarzschild (quasi-static)"
      },
      "coordinates": {
        "t": 320000.0
      },
      "curvature_invariants": {
        "kretschmann_at_horizon": 0.008417774088043345,
        "note": "Schwarzschild vacuum: Ricci scalar = 0; horizon Kretschmann K_h = 3/(4 M^4) when within validity.",
        "ricci_scalar": 0.0
      },
      "local_observables": {
        "hawking_temperature_T_H": 0.012950726774115125,
        "horizon_radius_r_h": 6.144633651371655,
        "luminosity_proxy_P": 1.059419595064099e-05,
        "mass_M": 3.0723168256858275,
        "nearby_flux_parameter": {
          "M_perturbed": 2.892489483762229,
          "alpha_perturbed": 0.000105,
          "alpha_used": 0.0001,
          "delta_M": -0.17982734192359873,
          "delta_r_h": -0.35965468384719745,
          "note": "Sensitivity to flux/state parameter alpha; divergence grows as M decreases (thickening).",
          "r_h_perturbed": 5.784978967524458
        },
        "uv_breakdown": false
      }
    },
    {
      "causal_structure": {
        "horizon_radius": 5.6877339597030865,
        "note": "Horizon exists while M > M_min; beyond cutoff, classical/semiclassical causal structure not trusted.",
        "region": "evaporating Schwarzschild (quasi-static)"
      },
      "coordinates": {
        "t": 340000.0
      },
      "curvature_invariants": {
        "kretschmann_at_horizon": 0.011466322399466424,
        "note": "Schwarzschild vacuum: Ricci scalar = 0; horizon Kretschmann K_h = 3/(4 M^4) when within validity.",
        "ricci_scalar": 0.0
      },
      "local_observables": {
        "hawking_temperature_T_H": 0.013991067815362765,
        "horizon_radius_r_h": 5.6877339597030865,
        "luminosity_proxy_P": 1.2364639042833088e-05,
        "mass_M": 2.8438669798515432,
        "nearby_flux_parameter": {
          "M_perturbed": 2.6158791541092588,
          "alpha_perturbed": 0.000105,
          "alpha_used": 0.0001,
          "delta_M": -0.2279878257422845,
          "delta_r_h": -0.455975651484569,
          "note": "Sensitivity to flux/state parameter alpha; divergence grows as M decreases (thickening).",
          "r_h_perturbed": 5.2317583082185175
        },
        "uv_breakdown": false
      }
    },
    {
      "causal_structure": {
        "horizon_radius": 5.142563181316412,
        "note": "Horizon exists while M > M_min; beyond cutoff, classical/semiclassical causal structure not trusted.",
        "region": "evaporating Schwarzschild (quasi-static)"
      },
      "coordinates": {
        "t": 360000.0
      },
      "curvature_invariants": {
        "kretschmann_at_horizon": 0.017157843473507566,
        "note": "Schwarzschild vacuum: Ricci scalar = 0; horizon Kretschmann K_h = 3/(4 M^4) when within validity.",
        "ricci_scalar": 0.0
      },
      "local_observables": {
        "hawking_temperature_T_H": 0.01547428174243202,
        "horizon_radius_r_h": 5.142563181316412,
        "luminosity_proxy_P": 1.5125185827401732e-05,
        "mass_M": 2.571281590658206,
        "nearby_flux_parameter": {
          "M_perturbed": 2.2637023919258876,
          "alpha_perturbed": 0.000105,
          "alpha_used": 0.0001,
          "delta_M": -0.3075791987323182,
          "delta_r_h": -0.6151583974646364,
          "note": "Sensitivity to flux/state parameter alpha; divergence grows as M decreases (thickening).",
          "r_h_perturbed": 4.527404783851775
        },
        "uv_breakdown": false
      }
    },
    {
      "causal_structure": {
        "horizon_radius": 4.447960181138505,
        "note": "Horizon exists while M > M_min; beyond cutoff, classical/semiclassical causal structure not trusted.",
        "region": "evaporating Schwarzschild (quasi-static)"
      },
      "coordinates": {
        "t": 380000.0
      },
      "curvature_invariants": {
        "kretschmann_at_horizon": 0.030657566796999547,
        "note": "Schwarzschild vacuum: Ricci scalar = 0; horizon Kretschmann K_h = 3/(4 M^4) when within validity.",
        "ricci_scalar": 0.0
      },
      "local_observables": {
        "hawking_temperature_T_H": 0.01789077876267744,
        "horizon_radius_r_h": 4.447960181138505,
        "luminosity_proxy_P": 2.0218000823358558e-05,
        "mass_M": 2.2239800905692526,
        "nearby_flux_parameter": {
          "M_perturbed": 1.743513401264659,
          "alpha_perturbed": 0.000105,
          "alpha_used": 0.0001,
          "delta_M": -0.4804666893045937,
          "delta_r_h": -0.9609333786091874,
          "note": "Sensitivity to flux/state parameter alpha; divergence grows as M decreases (thickening).",
          "r_h_perturbed": 3.487026802529318
        },
        "uv_breakdown": false
      }
    }
  ],
  "spacetime": "Evaporating Schwarzschild (quasi-static), dM/dt = -alpha/M^2",
  "theory": "General Relativity (Schwarzschild) + semiclassical backreaction (phenomenological mass loss)",
  "toy_id": "068",
  "units": {
    "G": 1,
    "c": 1
  }
}