{
  "notes": {
    "assumptions": [
      "Vacuum Schwarzschild geometry (outside r=0 idealization)",
      "Comparing two coordinate charts on the same spacetime",
      "Geometric units G=c=1"
    ],
    "pressure_point": "The Schwarzschild chart has a coordinate singularity at r=2M (g_rr -> \u221e, and t becomes ill-behaved). Ingoing EF coordinates are regular at r=2M. Curvature invariants (e.g., Kretschmann) remain finite at r=2M, proving the horizon is not a curvature singularity.",
    "recommended_diffs": [
      "Compare metric_schwarzschild.g_rr vs metric_ingoing_ef components near r=2M",
      "Compare radial null slopes: Schwarzschild outputs null at r<=2M, EF continues",
      "Compare Kretschmann at r=2M vs r->0"
    ]
  },
  "observables": {
    "summary": {
      "horizon_radius_2M": 2.0,
      "kretschmann_at_horizon": 0.75,
      "note": "Kretschmann finite at r=2M, diverges as r->0.",
      "ricci_scalar_everywhere_r_gt_0": 0.0
    }
  },
  "parameters": {
    "M": 1.0
  },
  "sample_points": [
    {
      "causal_structure": {
        "coordinate_pathology_flag": {
          "ef_chart_regular_at_horizon": true,
          "schwarzschild_chart_breaks_down_for_r_le_2M": true
        },
        "horizon_radius": 2.0,
        "radial_null_cone_dr_dt": null,
        "radial_null_cone_in_ingoing_ef": {
          "ingoing": {
            "dr_dv": null,
            "type": "v=const"
          },
          "outgoing": {
            "dr_dv": -0.5,
            "type": "dr/dv = f/2"
          }
        },
        "region": "interior (r<2M)"
      },
      "coordinates": {
        "phi": null,
        "r": 1.0,
        "t": null,
        "theta": null,
        "v": null
      },
      "curvature_invariants": {
        "kretschmann": 48.0,
        "ricci_scalar": 0.0
      },
      "local_observables": {
        "coordinate_maps": {
          "ingoing_ef_definition": "v = t + r*",
          "note": "r* diverges at r=2M; mapping between t and v becomes singular there (coordinate issue).",
          "t_from_v_and_rstar": "t = v - r*"
        },
        "f": -1.0,
        "horizon_radius_2M": 2.0,
        "metric_ingoing_ef": {
          "g_rr": 0.0,
          "g_vr": 1.0,
          "g_vv": 1.0
        },
        "metric_schwarzschild": {
          "g_rr": -1.0,
          "g_tr": 0.0,
          "g_tt": 1.0
        },
        "tortoise_rstar": -0.3862943611198906
      }
    },
    {
      "causal_structure": {
        "coordinate_pathology_flag": {
          "ef_chart_regular_at_horizon": true,
          "schwarzschild_chart_breaks_down_for_r_le_2M": true
        },
        "horizon_radius": 2.0,
        "radial_null_cone_dr_dt": null,
        "radial_null_cone_in_ingoing_ef": {
          "ingoing": {
            "dr_dv": null,
            "type": "v=const"
          },
          "outgoing": {
            "dr_dv": -0.16666666666666663,
            "type": "dr/dv = f/2"
          }
        },
        "region": "interior (r<2M)"
      },
      "coordinates": {
        "phi": null,
        "r": 1.5,
        "t": null,
        "theta": null,
        "v": null
      },
      "curvature_invariants": {
        "kretschmann": 4.2139917695473255,
        "ricci_scalar": 0.0
      },
      "local_observables": {
        "coordinate_maps": {
          "ingoing_ef_definition": "v = t + r*",
          "note": "r* diverges at r=2M; mapping between t and v becomes singular there (coordinate issue).",
          "t_from_v_and_rstar": "t = v - r*"
        },
        "f": -0.33333333333333326,
        "horizon_radius_2M": 2.0,
        "metric_ingoing_ef": {
          "g_rr": 0.0,
          "g_vr": 1.0,
          "g_vv": 0.33333333333333326
        },
        "metric_schwarzschild": {
          "g_rr": -3.000000000000001,
          "g_tr": 0.0,
          "g_tt": 0.33333333333333326
        },
        "tortoise_rstar": -1.2725887222397811
      }
    },
    {
      "causal_structure": {
        "coordinate_pathology_flag": {
          "ef_chart_regular_at_horizon": true,
          "schwarzschild_chart_breaks_down_for_r_le_2M": true
        },
        "horizon_radius": 2.0,
        "radial_null_cone_dr_dt": null,
        "radial_null_cone_in_ingoing_ef": {
          "ingoing": {
            "dr_dv": null,
            "type": "v=const"
          },
          "outgoing": {
            "dr_dv": 0.0,
            "type": "dr/dv = f/2"
          }
        },
        "region": "horizon (r=2M)"
      },
      "coordinates": {
        "phi": null,
        "r": 2.0,
        "t": null,
        "theta": null,
        "v": null
      },
      "curvature_invariants": {
        "kretschmann": 0.75,
        "ricci_scalar": 0.0
      },
      "local_observables": {
        "coordinate_maps": {
          "ingoing_ef_definition": "v = t + r*",
          "note": "r* diverges at r=2M; mapping between t and v becomes singular there (coordinate issue).",
          "t_from_v_and_rstar": null
        },
        "f": 0.0,
        "horizon_radius_2M": 2.0,
        "metric_ingoing_ef": {
          "g_rr": 0.0,
          "g_vr": 1.0,
          "g_vv": -0.0
        },
        "metric_schwarzschild": {
          "g_rr": null,
          "g_tr": 0.0,
          "g_tt": -0.0
        },
        "tortoise_rstar": null
      }
    },
    {
      "causal_structure": {
        "coordinate_pathology_flag": {
          "ef_chart_regular_at_horizon": true,
          "schwarzschild_chart_breaks_down_for_r_le_2M": false
        },
        "horizon_radius": 2.0,
        "radial_null_cone_dr_dt": {
          "ingoing_dr_dt": -0.19999999999999996,
          "outgoing_dr_dt": 0.19999999999999996
        },
        "radial_null_cone_in_ingoing_ef": {
          "ingoing": {
            "dr_dv": null,
            "type": "v=const"
          },
          "outgoing": {
            "dr_dv": 0.09999999999999998,
            "type": "dr/dv = f/2"
          }
        },
        "region": "exterior (r>2M)"
      },
      "coordinates": {
        "phi": null,
        "r": 2.5,
        "t": null,
        "theta": null,
        "v": null
      },
      "curvature_invariants": {
        "kretschmann": 0.196608,
        "ricci_scalar": 0.0
      },
      "local_observables": {
        "coordinate_maps": {
          "ingoing_ef_definition": "v = t + r*",
          "note": "r* diverges at r=2M; mapping between t and v becomes singular there (coordinate issue).",
          "t_from_v_and_rstar": "t = v - r*"
        },
        "f": 0.19999999999999996,
        "horizon_radius_2M": 2.0,
        "metric_ingoing_ef": {
          "g_rr": 0.0,
          "g_vr": 1.0,
          "g_vv": -0.19999999999999996
        },
        "metric_schwarzschild": {
          "g_rr": 5.000000000000001,
          "g_tr": 0.0,
          "g_tt": -0.19999999999999996
        },
        "tortoise_rstar": -0.27258872223978114
      }
    },
    {
      "causal_structure": {
        "coordinate_pathology_flag": {
          "ef_chart_regular_at_horizon": true,
          "schwarzschild_chart_breaks_down_for_r_le_2M": false
        },
        "horizon_radius": 2.0,
        "radial_null_cone_dr_dt": {
          "ingoing_dr_dt": -0.33333333333333337,
          "outgoing_dr_dt": 0.33333333333333337
        },
        "radial_null_cone_in_ingoing_ef": {
          "ingoing": {
            "dr_dv": null,
            "type": "v=const"
          },
          "outgoing": {
            "dr_dv": 0.16666666666666669,
            "type": "dr/dv = f/2"
          }
        },
        "region": "exterior (r>2M)"
      },
      "coordinates": {
        "phi": null,
        "r": 3.0,
        "t": null,
        "theta": null,
        "v": null
      },
      "curvature_invariants": {
        "kretschmann": 0.06584362139917696,
        "ricci_scalar": 0.0
      },
      "local_observables": {
        "coordinate_maps": {
          "ingoing_ef_definition": "v = t + r*",
          "note": "r* diverges at r=2M; mapping between t and v becomes singular there (coordinate issue).",
          "t_from_v_and_rstar": "t = v - r*"
        },
        "f": 0.33333333333333337,
        "horizon_radius_2M": 2.0,
        "metric_ingoing_ef": {
          "g_rr": 0.0,
          "g_vr": 1.0,
          "g_vv": -0.33333333333333337
        },
        "metric_schwarzschild": {
          "g_rr": 2.9999999999999996,
          "g_tr": 0.0,
          "g_tt": -0.33333333333333337
        },
        "tortoise_rstar": 1.6137056388801094
      }
    },
    {
      "causal_structure": {
        "coordinate_pathology_flag": {
          "ef_chart_regular_at_horizon": true,
          "schwarzschild_chart_breaks_down_for_r_le_2M": false
        },
        "horizon_radius": 2.0,
        "radial_null_cone_dr_dt": {
          "ingoing_dr_dt": -0.5,
          "outgoing_dr_dt": 0.5
        },
        "radial_null_cone_in_ingoing_ef": {
          "ingoing": {
            "dr_dv": null,
            "type": "v=const"
          },
          "outgoing": {
            "dr_dv": 0.25,
            "type": "dr/dv = f/2"
          }
        },
        "region": "exterior (r>2M)"
      },
      "coordinates": {
        "phi": null,
        "r": 4.0,
        "t": null,
        "theta": null,
        "v": null
      },
      "curvature_invariants": {
        "kretschmann": 0.01171875,
        "ricci_scalar": 0.0
      },
      "local_observables": {
        "coordinate_maps": {
          "ingoing_ef_definition": "v = t + r*",
          "note": "r* diverges at r=2M; mapping between t and v becomes singular there (coordinate issue).",
          "t_from_v_and_rstar": "t = v - r*"
        },
        "f": 0.5,
        "horizon_radius_2M": 2.0,
        "metric_ingoing_ef": {
          "g_rr": 0.0,
          "g_vr": 1.0,
          "g_vv": -0.5
        },
        "metric_schwarzschild": {
          "g_rr": 2.0,
          "g_tr": 0.0,
          "g_tt": -0.5
        },
        "tortoise_rstar": 4.0
      }
    },
    {
      "causal_structure": {
        "coordinate_pathology_flag": {
          "ef_chart_regular_at_horizon": true,
          "schwarzschild_chart_breaks_down_for_r_le_2M": false
        },
        "horizon_radius": 2.0,
        "radial_null_cone_dr_dt": {
          "ingoing_dr_dt": -0.6666666666666667,
          "outgoing_dr_dt": 0.6666666666666667
        },
        "radial_null_cone_in_ingoing_ef": {
          "ingoing": {
            "dr_dv": null,
            "type": "v=const"
          },
          "outgoing": {
            "dr_dv": 0.33333333333333337,
            "type": "dr/dv = f/2"
          }
        },
        "region": "exterior (r>2M)"
      },
      "coordinates": {
        "phi": null,
        "r": 6.0,
        "t": null,
        "theta": null,
        "v": null
      },
      "curvature_invariants": {
        "kretschmann": 0.00102880658436214,
        "ricci_scalar": 0.0
      },
      "local_observables": {
        "coordinate_maps": {
          "ingoing_ef_definition": "v = t + r*",
          "note": "r* diverges at r=2M; mapping between t and v becomes singular there (coordinate issue).",
          "t_from_v_and_rstar": "t = v - r*"
        },
        "f": 0.6666666666666667,
        "horizon_radius_2M": 2.0,
        "metric_ingoing_ef": {
          "g_rr": 0.0,
          "g_vr": 1.0,
          "g_vv": -0.6666666666666667
        },
        "metric_schwarzschild": {
          "g_rr": 1.4999999999999998,
          "g_tr": 0.0,
          "g_tt": -0.6666666666666667
        },
        "tortoise_rstar": 7.386294361119891
      }
    },
    {
      "causal_structure": {
        "coordinate_pathology_flag": {
          "ef_chart_regular_at_horizon": true,
          "schwarzschild_chart_breaks_down_for_r_le_2M": false
        },
        "horizon_radius": 2.0,
        "radial_null_cone_dr_dt": {
          "ingoing_dr_dt": -0.8,
          "outgoing_dr_dt": 0.8
        },
        "radial_null_cone_in_ingoing_ef": {
          "ingoing": {
            "dr_dv": null,
            "type": "v=const"
          },
          "outgoing": {
            "dr_dv": 0.4,
            "type": "dr/dv = f/2"
          }
        },
        "region": "exterior (r>2M)"
      },
      "coordinates": {
        "phi": null,
        "r": 10.0,
        "t": null,
        "theta": null,
        "v": null
      },
      "curvature_invariants": {
        "kretschmann": 4.8e-05,
        "ricci_scalar": 0.0
      },
      "local_observables": {
        "coordinate_maps": {
          "ingoing_ef_definition": "v = t + r*",
          "note": "r* diverges at r=2M; mapping between t and v becomes singular there (coordinate issue).",
          "t_from_v_and_rstar": "t = v - r*"
        },
        "f": 0.8,
        "horizon_radius_2M": 2.0,
        "metric_ingoing_ef": {
          "g_rr": 0.0,
          "g_vr": 1.0,
          "g_vv": -0.8
        },
        "metric_schwarzschild": {
          "g_rr": 1.25,
          "g_tr": 0.0,
          "g_tt": -0.8
        },
        "tortoise_rstar": 12.772588722239782
      }
    },
    {
      "causal_structure": {
        "coordinate_pathology_flag": {
          "ef_chart_regular_at_horizon": true,
          "schwarzschild_chart_breaks_down_for_r_le_2M": false
        },
        "horizon_radius": 2.0,
        "radial_null_cone_dr_dt": {
          "ingoing_dr_dt": -0.9,
          "outgoing_dr_dt": 0.9
        },
        "radial_null_cone_in_ingoing_ef": {
          "ingoing": {
            "dr_dv": null,
            "type": "v=const"
          },
          "outgoing": {
            "dr_dv": 0.45,
            "type": "dr/dv = f/2"
          }
        },
        "region": "exterior (r>2M)"
      },
      "coordinates": {
        "phi": null,
        "r": 20.0,
        "t": null,
        "theta": null,
        "v": null
      },
      "curvature_invariants": {
        "kretschmann": 7.5e-07,
        "ricci_scalar": 0.0
      },
      "local_observables": {
        "coordinate_maps": {
          "ingoing_ef_definition": "v = t + r*",
          "note": "r* diverges at r=2M; mapping between t and v becomes singular there (coordinate issue).",
          "t_from_v_and_rstar": "t = v - r*"
        },
        "f": 0.9,
        "horizon_radius_2M": 2.0,
        "metric_ingoing_ef": {
          "g_rr": 0.0,
          "g_vr": 1.0,
          "g_vv": -0.9
        },
        "metric_schwarzschild": {
          "g_rr": 1.1111111111111112,
          "g_tr": 0.0,
          "g_tt": -0.9
        },
        "tortoise_rstar": 24.39444915467244
      }
    }
  ],
  "spacetime": "Schwarzschild geometry in (t,r) vs ingoing Eddington\u2013Finkelstein (v,r)",
  "theory": "General Relativity (exact solution; coordinate comparison)",
  "toy_id": "007",
  "units": {
    "G": 1,
    "c": 1
  }
}