{
  "notes": {
    "assumptions": [
      "Vacuum Schwarzschild, geometric units G=c=1",
      "Static observer exists only for r_obs>2M",
      "Static operational horizon defined by detector cutoff on redshift ratio",
      "Infall operational no-return defined by PG outgoing null slope <= 0",
      "Accelerated observer horizon included as flat-spacetime proxy"
    ],
    "key_formulas": {
      "f(r)": "1 - 2M/r",
      "pg_outgoing_slope": "dr/dt_PG(out) = 1 - sqrt(2M/r)",
      "rindler_scale": "x_h = 1/a (flat spacetime observer horizon)",
      "static_redshift": "nu_obs/nu_emit = sqrt(f(r_emit)/f(r_obs))"
    },
    "pressure_point": "Event horizons are global, but operational detectability depends on observer and instrument thresholds. Different observers yield different 'horizon-like' surfaces."
  },
  "observables": {
    "summary": {
      "event_horizon_radius_2M": 2.0,
      "note": "Static detectability depends on z_min; PG no-return reproduces r<=2M condition in this setup.",
      "pg_min_r_emit_flagged_no_return": 1.0,
      "rindler_horizon_distance_1_over_a": 1.0,
      "static_max_r_emit_lost_below_cutoff": null,
      "static_min_r_emit_seen_above_cutoff": 2.0001
    }
  },
  "parameters": {
    "M": 1.0,
    "acceleration_a": 1.0,
    "r_emit_samples": [
      100.0,
      20.0,
      10.0,
      6.0,
      4.0,
      3.0,
      2.5,
      2.2,
      2.1,
      2.05,
      2.01,
      2.001,
      2.0001,
      1.9,
      1.0
    ],
    "r_obs": 10.0,
    "z_min": 1e-06
  },
  "sample_points": [
    {
      "causal_structure": {
        "at_or_outside_event_horizon": true,
        "event_horizon_radius_2M": 2.0,
        "inside_event_horizon": false
      },
      "coordinates": {
        "r_emit": 100.0,
        "r_obs": 10.0
      },
      "curvature_invariants": {},
      "local_observables": {
        "accelerated_observer_proxy": {
          "note": "This horizon is observer-induced in flat spacetime (not curvature).",
          "proper_acceleration_a": 1.0,
          "rindler_horizon_distance_1_over_a": 1.0
        },
        "infalling_observer": {
          "no_return_surface_flag": false,
          "note": "Using PG outgoing null slope criterion (<=0) as an operational no-return condition.",
          "pg_outgoing_dr_dt": 0.8585786437626906
        },
        "static_observer": {
          "below_detector_cutoff": false,
          "detector_min_ratio_z_min": 1e-06,
          "nu_obs_over_nu_emit": 1.1067971810589328,
          "static_defined": true
        }
      }
    },
    {
      "causal_structure": {
        "at_or_outside_event_horizon": true,
        "event_horizon_radius_2M": 2.0,
        "inside_event_horizon": false
      },
      "coordinates": {
        "r_emit": 20.0,
        "r_obs": 10.0
      },
      "curvature_invariants": {},
      "local_observables": {
        "accelerated_observer_proxy": {
          "note": "This horizon is observer-induced in flat spacetime (not curvature).",
          "proper_acceleration_a": 1.0,
          "rindler_horizon_distance_1_over_a": 1.0
        },
        "infalling_observer": {
          "no_return_surface_flag": false,
          "note": "Using PG outgoing null slope criterion (<=0) as an operational no-return condition.",
          "pg_outgoing_dr_dt": 0.683772233983162
        },
        "static_observer": {
          "below_detector_cutoff": false,
          "detector_min_ratio_z_min": 1e-06,
          "nu_obs_over_nu_emit": 1.0606601717798212,
          "static_defined": true
        }
      }
    },
    {
      "causal_structure": {
        "at_or_outside_event_horizon": true,
        "event_horizon_radius_2M": 2.0,
        "inside_event_horizon": false
      },
      "coordinates": {
        "r_emit": 10.0,
        "r_obs": 10.0
      },
      "curvature_invariants": {},
      "local_observables": {
        "accelerated_observer_proxy": {
          "note": "This horizon is observer-induced in flat spacetime (not curvature).",
          "proper_acceleration_a": 1.0,
          "rindler_horizon_distance_1_over_a": 1.0
        },
        "infalling_observer": {
          "no_return_surface_flag": false,
          "note": "Using PG outgoing null slope criterion (<=0) as an operational no-return condition.",
          "pg_outgoing_dr_dt": 0.5527864045000421
        },
        "static_observer": {
          "below_detector_cutoff": false,
          "detector_min_ratio_z_min": 1e-06,
          "nu_obs_over_nu_emit": 1.0,
          "static_defined": true
        }
      }
    },
    {
      "causal_structure": {
        "at_or_outside_event_horizon": true,
        "event_horizon_radius_2M": 2.0,
        "inside_event_horizon": false
      },
      "coordinates": {
        "r_emit": 6.0,
        "r_obs": 10.0
      },
      "curvature_invariants": {},
      "local_observables": {
        "accelerated_observer_proxy": {
          "note": "This horizon is observer-induced in flat spacetime (not curvature).",
          "proper_acceleration_a": 1.0,
          "rindler_horizon_distance_1_over_a": 1.0
        },
        "infalling_observer": {
          "no_return_surface_flag": false,
          "note": "Using PG outgoing null slope criterion (<=0) as an operational no-return condition.",
          "pg_outgoing_dr_dt": 0.42264973081037427
        },
        "static_observer": {
          "below_detector_cutoff": false,
          "detector_min_ratio_z_min": 1e-06,
          "nu_obs_over_nu_emit": 0.9128709291752769,
          "static_defined": true
        }
      }
    },
    {
      "causal_structure": {
        "at_or_outside_event_horizon": true,
        "event_horizon_radius_2M": 2.0,
        "inside_event_horizon": false
      },
      "coordinates": {
        "r_emit": 4.0,
        "r_obs": 10.0
      },
      "curvature_invariants": {},
      "local_observables": {
        "accelerated_observer_proxy": {
          "note": "This horizon is observer-induced in flat spacetime (not curvature).",
          "proper_acceleration_a": 1.0,
          "rindler_horizon_distance_1_over_a": 1.0
        },
        "infalling_observer": {
          "no_return_surface_flag": false,
          "note": "Using PG outgoing null slope criterion (<=0) as an operational no-return condition.",
          "pg_outgoing_dr_dt": 0.2928932188134524
        },
        "static_observer": {
          "below_detector_cutoff": false,
          "detector_min_ratio_z_min": 1e-06,
          "nu_obs_over_nu_emit": 0.7905694150420949,
          "static_defined": true
        }
      }
    },
    {
      "causal_structure": {
        "at_or_outside_event_horizon": true,
        "event_horizon_radius_2M": 2.0,
        "inside_event_horizon": false
      },
      "coordinates": {
        "r_emit": 3.0,
        "r_obs": 10.0
      },
      "curvature_invariants": {},
      "local_observables": {
        "accelerated_observer_proxy": {
          "note": "This horizon is observer-induced in flat spacetime (not curvature).",
          "proper_acceleration_a": 1.0,
          "rindler_horizon_distance_1_over_a": 1.0
        },
        "infalling_observer": {
          "no_return_surface_flag": false,
          "note": "Using PG outgoing null slope criterion (<=0) as an operational no-return condition.",
          "pg_outgoing_dr_dt": 0.18350341907227397
        },
        "static_observer": {
          "below_detector_cutoff": false,
          "detector_min_ratio_z_min": 1e-06,
          "nu_obs_over_nu_emit": 0.6454972243679028,
          "static_defined": true
        }
      }
    },
    {
      "causal_structure": {
        "at_or_outside_event_horizon": true,
        "event_horizon_radius_2M": 2.0,
        "inside_event_horizon": false
      },
      "coordinates": {
        "r_emit": 2.5,
        "r_obs": 10.0
      },
      "curvature_invariants": {},
      "local_observables": {
        "accelerated_observer_proxy": {
          "note": "This horizon is observer-induced in flat spacetime (not curvature).",
          "proper_acceleration_a": 1.0,
          "rindler_horizon_distance_1_over_a": 1.0
        },
        "infalling_observer": {
          "no_return_surface_flag": false,
          "note": "Using PG outgoing null slope criterion (<=0) as an operational no-return condition.",
          "pg_outgoing_dr_dt": 0.10557280900008414
        },
        "static_observer": {
          "below_detector_cutoff": false,
          "detector_min_ratio_z_min": 1e-06,
          "nu_obs_over_nu_emit": 0.49999999999999994,
          "static_defined": true
        }
      }
    },
    {
      "causal_structure": {
        "at_or_outside_event_horizon": true,
        "event_horizon_radius_2M": 2.0,
        "inside_event_horizon": false
      },
      "coordinates": {
        "r_emit": 2.2,
        "r_obs": 10.0
      },
      "curvature_invariants": {},
      "local_observables": {
        "accelerated_observer_proxy": {
          "note": "This horizon is observer-induced in flat spacetime (not curvature).",
          "proper_acceleration_a": 1.0,
          "rindler_horizon_distance_1_over_a": 1.0
        },
        "infalling_observer": {
          "no_return_surface_flag": false,
          "note": "Using PG outgoing null slope criterion (<=0) as an operational no-return condition.",
          "pg_outgoing_dr_dt": 0.04653741075440765
        },
        "static_observer": {
          "below_detector_cutoff": false,
          "detector_min_ratio_z_min": 1e-06,
          "nu_obs_over_nu_emit": 0.3370999312316211,
          "static_defined": true
        }
      }
    },
    {
      "causal_structure": {
        "at_or_outside_event_horizon": true,
        "event_horizon_radius_2M": 2.0,
        "inside_event_horizon": false
      },
      "coordinates": {
        "r_emit": 2.1,
        "r_obs": 10.0
      },
      "curvature_invariants": {},
      "local_observables": {
        "accelerated_observer_proxy": {
          "note": "This horizon is observer-induced in flat spacetime (not curvature).",
          "proper_acceleration_a": 1.0,
          "rindler_horizon_distance_1_over_a": 1.0
        },
        "infalling_observer": {
          "no_return_surface_flag": false,
          "note": "Using PG outgoing null slope criterion (<=0) as an operational no-return condition.",
          "pg_outgoing_dr_dt": 0.024099927051466796
        },
        "static_observer": {
          "below_detector_cutoff": false,
          "detector_min_ratio_z_min": 1e-06,
          "nu_obs_over_nu_emit": 0.24397501823713344,
          "static_defined": true
        }
      }
    },
    {
      "causal_structure": {
        "at_or_outside_event_horizon": true,
        "event_horizon_radius_2M": 2.0,
        "inside_event_horizon": false
      },
      "coordinates": {
        "r_emit": 2.05,
        "r_obs": 10.0
      },
      "curvature_invariants": {},
      "local_observables": {
        "accelerated_observer_proxy": {
          "note": "This horizon is observer-induced in flat spacetime (not curvature).",
          "proper_acceleration_a": 1.0,
          "rindler_horizon_distance_1_over_a": 1.0
        },
        "infalling_observer": {
          "no_return_surface_flag": false,
          "note": "Using PG outgoing null slope criterion (<=0) as an operational no-return condition.",
          "pg_outgoing_dr_dt": 0.012270403350410297
        },
        "static_observer": {
          "below_detector_cutoff": false,
          "detector_min_ratio_z_min": 1e-06,
          "nu_obs_over_nu_emit": 0.17460757394239423,
          "static_defined": true
        }
      }
    },
    {
      "causal_structure": {
        "at_or_outside_event_horizon": true,
        "event_horizon_radius_2M": 2.0,
        "inside_event_horizon": false
      },
      "coordinates": {
        "r_emit": 2.01,
        "r_obs": 10.0
      },
      "curvature_invariants": {},
      "local_observables": {
        "accelerated_observer_proxy": {
          "note": "This horizon is observer-induced in flat spacetime (not curvature).",
          "proper_acceleration_a": 1.0,
          "rindler_horizon_distance_1_over_a": 1.0
        },
        "infalling_observer": {
          "no_return_surface_flag": false,
          "note": "Using PG outgoing null slope criterion (<=0) as an operational no-return condition.",
          "pg_outgoing_dr_dt": 0.002490663892367073
        },
        "static_observer": {
          "below_detector_cutoff": false,
          "detector_min_ratio_z_min": 1e-06,
          "nu_obs_over_nu_emit": 0.0788600372345629,
          "static_defined": true
        }
      }
    },
    {
      "causal_structure": {
        "at_or_outside_event_horizon": true,
        "event_horizon_radius_2M": 2.0,
        "inside_event_horizon": false
      },
      "coordinates": {
        "r_emit": 2.001,
        "r_obs": 10.0
      },
      "curvature_invariants": {},
      "local_observables": {
        "accelerated_observer_proxy": {
          "note": "This horizon is observer-induced in flat spacetime (not curvature).",
          "proper_acceleration_a": 1.0,
          "rindler_horizon_distance_1_over_a": 1.0
        },
        "infalling_observer": {
          "no_return_surface_flag": false,
          "note": "Using PG outgoing null slope criterion (<=0) as an operational no-return condition.",
          "pg_outgoing_dr_dt": 0.00024990628904542067
        },
        "static_observer": {
          "below_detector_cutoff": false,
          "detector_min_ratio_z_min": 1e-06,
          "nu_obs_over_nu_emit": 0.024993752342773727,
          "static_defined": true
        }
      }
    },
    {
      "causal_structure": {
        "at_or_outside_event_horizon": true,
        "event_horizon_radius_2M": 2.0,
        "inside_event_horizon": false
      },
      "coordinates": {
        "r_emit": 2.0001,
        "r_obs": 10.0
      },
      "curvature_invariants": {},
      "local_observables": {
        "accelerated_observer_proxy": {
          "note": "This horizon is observer-induced in flat spacetime (not curvature).",
          "proper_acceleration_a": 1.0,
          "rindler_horizon_distance_1_over_a": 1.0
        },
        "infalling_observer": {
          "no_return_surface_flag": false,
          "note": "Using PG outgoing null slope criterion (<=0) as an operational no-return condition.",
          "pg_outgoing_dr_dt": 2.499906253916606e-05
        },
        "static_observer": {
          "below_detector_cutoff": false,
          "detector_min_ratio_z_min": 1e-06,
          "nu_obs_over_nu_emit": 0.007905496515489384,
          "static_defined": true
        }
      }
    },
    {
      "causal_structure": {
        "at_or_outside_event_horizon": false,
        "event_horizon_radius_2M": 2.0,
        "inside_event_horizon": true
      },
      "coordinates": {
        "r_emit": 1.9,
        "r_obs": 10.0
      },
      "curvature_invariants": {},
      "local_observables": {
        "accelerated_observer_proxy": {
          "note": "This horizon is observer-induced in flat spacetime (not curvature).",
          "proper_acceleration_a": 1.0,
          "rindler_horizon_distance_1_over_a": 1.0
        },
        "infalling_observer": {
          "no_return_surface_flag": true,
          "note": "Using PG outgoing null slope criterion (<=0) as an operational no-return condition.",
          "pg_outgoing_dr_dt": -0.025978352085153977
        },
        "static_observer": {
          "below_detector_cutoff": null,
          "detector_min_ratio_z_min": 1e-06,
          "nu_obs_over_nu_emit": null,
          "static_defined": false
        }
      }
    },
    {
      "causal_structure": {
        "at_or_outside_event_horizon": false,
        "event_horizon_radius_2M": 2.0,
        "inside_event_horizon": true
      },
      "coordinates": {
        "r_emit": 1.0,
        "r_obs": 10.0
      },
      "curvature_invariants": {},
      "local_observables": {
        "accelerated_observer_proxy": {
          "note": "This horizon is observer-induced in flat spacetime (not curvature).",
          "proper_acceleration_a": 1.0,
          "rindler_horizon_distance_1_over_a": 1.0
        },
        "infalling_observer": {
          "no_return_surface_flag": true,
          "note": "Using PG outgoing null slope criterion (<=0) as an operational no-return condition.",
          "pg_outgoing_dr_dt": -0.41421356237309515
        },
        "static_observer": {
          "below_detector_cutoff": null,
          "detector_min_ratio_z_min": 1e-06,
          "nu_obs_over_nu_emit": null,
          "static_defined": false
        }
      }
    }
  ],
  "spacetime": "Schwarzschild + operational observer horizons",
  "theory": "General Relativity (plus observer horizon proxy)",
  "toy_id": "047",
  "units": {
    "G": 1,
    "c": 1
  }
}