{
  "notes": {
    "assumptions": [
      "Static observers at fixed Schwarzschild r",
      "Radar ranging uses null signals and proper time at r1",
      "Slice distance uses Schwarzschild t=const foliation",
      "Exterior domain only (r>2M)"
    ],
    "key_formulas": {
      "D_radar": "D_radar = (1/2) sqrt(1-2M/r1) * \u0394t_round",
      "D_slice": "\u222b dr/sqrt(1-2M/r) = [sqrt(r(r-2M))+2M ln(sqrt(r)+sqrt(r-2M))]_{r1}^{r2}",
      "delta_t_round": "\u0394t_round=2[(r2-r1)+2M ln((r2-2M)/(r1-2M))]"
    },
    "pressure_point": "\u2018Distance\u2019 is not unique in GR. It depends on observer choice and operational protocol. Coordinate separations are not observables, and even operational notions differ."
  },
  "observables": {
    "summary": {
      "invalid_pairs_count": 10,
      "note": "Both operational distances diverge as r1\u21922M+, but with different scaling/meaning.",
      "representative_valid_pair": {
        "causal_structure": {
          "horizon_radius_2M": 2.0,
          "note": "Radar distance uses a clock at r1 and null travel time; slice distance uses a chosen foliation. They disagree and both diverge as r1 approaches 2M.",
          "valid_domain": true
        },
        "coordinates": {
          "r1": 2.2,
          "r2": 3.0
        },
        "curvature_invariants": {
          "kretschmann_at_r1": 0.4233554475403329,
          "kretschmann_at_r2": 0.06584362139917696
        },
        "local_observables": {
          "delta_r_coordinate": 0.7999999999999998,
          "delta_t_round_trip_coordinate": 8.037751649736396,
          "distance_radar_static_observer_at_r1": 1.2117366536470795,
          "distance_slice_t_const": 1.7633212427078346,
          "gravitational_redshift_z_inf_from_r1": 2.3166247903553994,
          "ratio_radar_over_slice": 0.6871899596617362,
          "redshift_factor_sqrt_1_minus_2M_over_r1": 0.3015113445777637
        }
      }
    }
  },
  "parameters": {
    "M": 1.0,
    "r1_samples": [
      2.2,
      2.5,
      3.0,
      4.0,
      6.0,
      10.0
    ],
    "r2_samples": [
      3.0,
      4.0,
      6.0,
      10.0,
      20.0
    ]
  },
  "sample_points": [
    {
      "causal_structure": {
        "horizon_radius_2M": 2.0,
        "note": "Radar distance uses a clock at r1 and null travel time; slice distance uses a chosen foliation. They disagree and both diverge as r1 approaches 2M.",
        "valid_domain": true
      },
      "coordinates": {
        "r1": 2.2,
        "r2": 3.0
      },
      "curvature_invariants": {
        "kretschmann_at_r1": 0.4233554475403329,
        "kretschmann_at_r2": 0.06584362139917696
      },
      "local_observables": {
        "delta_r_coordinate": 0.7999999999999998,
        "delta_t_round_trip_coordinate": 8.037751649736396,
        "distance_radar_static_observer_at_r1": 1.2117366536470795,
        "distance_slice_t_const": 1.7633212427078346,
        "gravitational_redshift_z_inf_from_r1": 2.3166247903553994,
        "ratio_radar_over_slice": 0.6871899596617362,
        "redshift_factor_sqrt_1_minus_2M_over_r1": 0.3015113445777637
      }
    },
    {
      "causal_structure": {
        "horizon_radius_2M": 2.0,
        "note": "Radar distance uses a clock at r1 and null travel time; slice distance uses a chosen foliation. They disagree and both diverge as r1 approaches 2M.",
        "valid_domain": true
      },
      "coordinates": {
        "r1": 2.2,
        "r2": 4.0
      },
      "curvature_invariants": {
        "kretschmann_at_r1": 0.4233554475403329,
        "kretschmann_at_r2": 0.01171875
      },
      "local_observables": {
        "delta_r_coordinate": 1.7999999999999998,
        "delta_t_round_trip_coordinate": 12.81034037197618,
        "distance_radar_static_observer_at_r1": 1.9312314750266737,
        "distance_slice_t_const": 3.305486836999417,
        "gravitational_redshift_z_inf_from_r1": 2.3166247903553994,
        "ratio_radar_over_slice": 0.5842502391507827,
        "redshift_factor_sqrt_1_minus_2M_over_r1": 0.3015113445777637
      }
    },
    {
      "causal_structure": {
        "horizon_radius_2M": 2.0,
        "note": "Radar distance uses a clock at r1 and null travel time; slice distance uses a chosen foliation. They disagree and both diverge as r1 approaches 2M.",
        "valid_domain": true
      },
      "coordinates": {
        "r1": 2.2,
        "r2": 6.0
      },
      "curvature_invariants": {
        "kretschmann_at_r1": 0.4233554475403329,
        "kretschmann_at_r2": 0.00102880658436214
      },
      "local_observables": {
        "delta_r_coordinate": 3.8,
        "delta_t_round_trip_coordinate": 19.58292909421596,
        "distance_radar_static_observer_at_r1": 2.952237640984031,
        "distance_slice_t_const": 5.905723693341674,
        "gravitational_redshift_z_inf_from_r1": 2.3166247903553994,
        "ratio_radar_over_slice": 0.4998943049625722,
        "redshift_factor_sqrt_1_minus_2M_over_r1": 0.3015113445777637
      }
    },
    {
      "causal_structure": {
        "horizon_radius_2M": 2.0,
        "note": "Radar distance uses a clock at r1 and null travel time; slice distance uses a chosen foliation. They disagree and both diverge as r1 approaches 2M.",
        "valid_domain": true
      },
      "coordinates": {
        "r1": 2.2,
        "r2": 10.0
      },
      "curvature_invariants": {
        "kretschmann_at_r1": 0.4233554475403329,
        "kretschmann_at_r2": 4.8e-05
      },
      "local_observables": {
        "delta_r_coordinate": 7.8,
        "delta_t_round_trip_coordinate": 30.35551781645574,
        "distance_radar_static_observer_at_r1": 4.576266496096916,
        "distance_slice_t_const": 10.545855398570922,
        "gravitational_redshift_z_inf_from_r1": 2.3166247903553994,
        "ratio_radar_over_slice": 0.4339398107731545,
        "redshift_factor_sqrt_1_minus_2M_over_r1": 0.3015113445777637
      }
    },
    {
      "causal_structure": {
        "horizon_radius_2M": 2.0,
        "note": "Radar distance uses a clock at r1 and null travel time; slice distance uses a chosen foliation. They disagree and both diverge as r1 approaches 2M.",
        "valid_domain": true
      },
      "coordinates": {
        "r1": 2.2,
        "r2": 20.0
      },
      "curvature_invariants": {
        "kretschmann_at_r1": 0.4233554475403329,
        "kretschmann_at_r2": 7.5e-07
      },
      "local_observables": {
        "delta_r_coordinate": 17.8,
        "delta_t_round_trip_coordinate": 53.599238681321054,
        "distance_radar_static_observer_at_r1": 8.080389261574796,
        "distance_slice_t_const": 21.32487141768855,
        "gravitational_redshift_z_inf_from_r1": 2.3166247903553994,
        "ratio_radar_over_slice": 0.37891854554734977,
        "redshift_factor_sqrt_1_minus_2M_over_r1": 0.3015113445777637
      }
    },
    {
      "causal_structure": {
        "horizon_radius_2M": 2.0,
        "note": "Radar distance uses a clock at r1 and null travel time; slice distance uses a chosen foliation. They disagree and both diverge as r1 approaches 2M.",
        "valid_domain": true
      },
      "coordinates": {
        "r1": 2.5,
        "r2": 3.0
      },
      "curvature_invariants": {
        "kretschmann_at_r1": 0.196608,
        "kretschmann_at_r2": 0.06584362139917696
      },
      "local_observables": {
        "delta_r_coordinate": 0.5,
        "delta_t_round_trip_coordinate": 3.772588722239781,
        "distance_radar_static_observer_at_r1": 0.8435764834077222,
        "distance_slice_t_const": 0.9685510656245921,
        "gravitational_redshift_z_inf_from_r1": 1.2360679774997902,
        "ratio_radar_over_slice": 0.8709674826114849,
        "redshift_factor_sqrt_1_minus_2M_over_r1": 0.44721359549995787
      }
    },
    {
      "causal_structure": {
        "horizon_radius_2M": 2.0,
        "note": "Radar distance uses a clock at r1 and null travel time; slice distance uses a chosen foliation. They disagree and both diverge as r1 approaches 2M.",
        "valid_domain": true
      },
      "coordinates": {
        "r1": 2.5,
        "r2": 4.0
      },
      "curvature_invariants": {
        "kretschmann_at_r1": 0.196608,
        "kretschmann_at_r2": 0.01171875
      },
      "local_observables": {
        "delta_r_coordinate": 1.5,
        "delta_t_round_trip_coordinate": 8.545177444479563,
        "distance_radar_static_observer_at_r1": 1.9107597645654235,
        "distance_slice_t_const": 2.5107166599161745,
        "gravitational_redshift_z_inf_from_r1": 1.2360679774997902,
        "ratio_radar_over_slice": 0.7610415763239561,
        "redshift_factor_sqrt_1_minus_2M_over_r1": 0.44721359549995787
      }
    },
    {
      "causal_structure": {
        "horizon_radius_2M": 2.0,
        "note": "Radar distance uses a clock at r1 and null travel time; slice distance uses a chosen foliation. They disagree and both diverge as r1 approaches 2M.",
        "valid_domain": true
      },
      "coordinates": {
        "r1": 2.5,
        "r2": 6.0
      },
      "curvature_invariants": {
        "kretschmann_at_r1": 0.196608,
        "kretschmann_at_r2": 0.00102880658436214
      },
      "local_observables": {
        "delta_r_coordinate": 3.5,
        "delta_t_round_trip_coordinate": 15.317766166719343,
        "distance_radar_static_observer_at_r1": 3.425156641223082,
        "distance_slice_t_const": 5.110953516258432,
        "gravitational_redshift_z_inf_from_r1": 1.2360679774997902,
        "ratio_radar_over_slice": 0.6701600064111973,
        "redshift_factor_sqrt_1_minus_2M_over_r1": 0.44721359549995787
      }
    },
    {
      "causal_structure": {
        "horizon_radius_2M": 2.0,
        "note": "Radar distance uses a clock at r1 and null travel time; slice distance uses a chosen foliation. They disagree and both diverge as r1 approaches 2M.",
        "valid_domain": true
      },
      "coordinates": {
        "r1": 2.5,
        "r2": 10.0
      },
      "curvature_invariants": {
        "kretschmann_at_r1": 0.196608,
        "kretschmann_at_r2": 4.8e-05
      },
      "local_observables": {
        "delta_r_coordinate": 7.5,
        "delta_t_round_trip_coordinate": 26.090354888959126,
        "distance_radar_static_observer_at_r1": 5.833980708880658,
        "distance_slice_t_const": 9.751085221487678,
        "gravitational_redshift_z_inf_from_r1": 1.2360679774997902,
        "ratio_radar_over_slice": 0.5982904032081257,
        "redshift_factor_sqrt_1_minus_2M_over_r1": 0.44721359549995787
      }
    },
    {
      "causal_structure": {
        "horizon_radius_2M": 2.0,
        "note": "Radar distance uses a clock at r1 and null travel time; slice distance uses a chosen foliation. They disagree and both diverge as r1 approaches 2M.",
        "valid_domain": true
      },
      "coordinates": {
        "r1": 2.5,
        "r2": 20.0
      },
      "curvature_invariants": {
        "kretschmann_at_r1": 0.196608,
        "kretschmann_at_r2": 7.5e-07
      },
      "local_observables": {
        "delta_r_coordinate": 17.5,
        "delta_t_round_trip_coordinate": 49.334075753824436,
        "distance_radar_static_observer_at_r1": 11.03143469926756,
        "distance_slice_t_const": 20.53010124060531,
        "gravitational_redshift_z_inf_from_r1": 1.2360679774997902,
        "ratio_radar_over_slice": 0.5373297759218605,
        "redshift_factor_sqrt_1_minus_2M_over_r1": 0.44721359549995787
      }
    },
    {
      "causal_structure": {
        "horizon_radius_2M": 2.0,
        "note": "Radar distance uses a clock at r1 and null travel time; slice distance uses a chosen foliation. They disagree and both diverge as r1 approaches 2M.",
        "valid_domain": false
      },
      "coordinates": {
        "r1": 3.0,
        "r2": 3.0
      },
      "curvature_invariants": {
        "kretschmann_at_r1": 0.06584362139917696,
        "kretschmann_at_r2": 0.06584362139917696
      },
      "local_observables": {
        "delta_r_coordinate": 0.0,
        "delta_t_round_trip_coordinate": null,
        "distance_radar_static_observer_at_r1": null,
        "distance_slice_t_const": null,
        "gravitational_redshift_z_inf_from_r1": 0.732050807568877,
        "ratio_radar_over_slice": null,
        "redshift_factor_sqrt_1_minus_2M_over_r1": 0.5773502691896258
      }
    },
    {
      "causal_structure": {
        "horizon_radius_2M": 2.0,
        "note": "Radar distance uses a clock at r1 and null travel time; slice distance uses a chosen foliation. They disagree and both diverge as r1 approaches 2M.",
        "valid_domain": true
      },
      "coordinates": {
        "r1": 3.0,
        "r2": 4.0
      },
      "curvature_invariants": {
        "kretschmann_at_r1": 0.06584362139917696,
        "kretschmann_at_r2": 0.01171875
      },
      "local_observables": {
        "delta_r_coordinate": 1.0,
        "delta_t_round_trip_coordinate": 4.772588722239782,
        "distance_radar_static_observer_at_r1": 1.3777276917582553,
        "distance_slice_t_const": 1.5421655942915824,
        "gravitational_redshift_z_inf_from_r1": 0.732050807568877,
        "ratio_radar_over_slice": 0.8933720845919506,
        "redshift_factor_sqrt_1_minus_2M_over_r1": 0.5773502691896258
      }
    },
    {
      "causal_structure": {
        "horizon_radius_2M": 2.0,
        "note": "Radar distance uses a clock at r1 and null travel time; slice distance uses a chosen foliation. They disagree and both diverge as r1 approaches 2M.",
        "valid_domain": true
      },
      "coordinates": {
        "r1": 3.0,
        "r2": 6.0
      },
      "curvature_invariants": {
        "kretschmann_at_r1": 0.06584362139917696,
        "kretschmann_at_r2": 0.00102880658436214
      },
      "local_observables": {
        "delta_r_coordinate": 3.0,
        "delta_t_round_trip_coordinate": 11.545177444479563,
        "distance_radar_static_observer_at_r1": 3.3328056527061363,
        "distance_slice_t_const": 4.14240245063384,
        "gravitational_redshift_z_inf_from_r1": 0.732050807568877,
        "ratio_radar_over_slice": 0.8045586329247596,
        "redshift_factor_sqrt_1_minus_2M_over_r1": 0.5773502691896258
      }
    },
    {
      "causal_structure": {
        "horizon_radius_2M": 2.0,
        "note": "Radar distance uses a clock at r1 and null travel time; slice distance uses a chosen foliation. They disagree and both diverge as r1 approaches 2M.",
        "valid_domain": true
      },
      "coordinates": {
        "r1": 3.0,
        "r2": 10.0
      },
      "curvature_invariants": {
        "kretschmann_at_r1": 0.06584362139917696,
        "kretschmann_at_r2": 4.8e-05
      },
      "local_observables": {
        "delta_r_coordinate": 7.0,
        "delta_t_round_trip_coordinate": 22.317766166719345,
        "distance_radar_static_observer_at_r1": 6.442584152033269,
        "distance_slice_t_const": 8.782534155863086,
        "gravitational_redshift_z_inf_from_r1": 0.732050807568877,
        "ratio_radar_over_slice": 0.7335677878044229,
        "redshift_factor_sqrt_1_minus_2M_over_r1": 0.5773502691896258
      }
    },
    {
      "causal_structure": {
        "horizon_radius_2M": 2.0,
        "note": "Radar distance uses a clock at r1 and null travel time; slice distance uses a chosen foliation. They disagree and both diverge as r1 approaches 2M.",
        "valid_domain": true
      },
      "coordinates": {
        "r1": 3.0,
        "r2": 20.0
      },
      "curvature_invariants": {
        "kretschmann_at_r1": 0.06584362139917696,
        "kretschmann_at_r2": 7.5e-07
      },
      "local_observables": {
        "delta_r_coordinate": 17.0,
        "delta_t_round_trip_coordinate": 45.56148703158466,
        "distance_radar_static_observer_at_r1": 13.152468401182526,
        "distance_slice_t_const": 19.561550174980717,
        "gravitational_redshift_z_inf_from_r1": 0.732050807568877,
        "ratio_radar_over_slice": 0.6723632985899335,
        "redshift_factor_sqrt_1_minus_2M_over_r1": 0.5773502691896258
      }
    },
    {
      "causal_structure": {
        "horizon_radius_2M": 2.0,
        "note": "Radar distance uses a clock at r1 and null travel time; slice distance uses a chosen foliation. They disagree and both diverge as r1 approaches 2M.",
        "valid_domain": false
      },
      "coordinates": {
        "r1": 4.0,
        "r2": 3.0
      },
      "curvature_invariants": {
        "kretschmann_at_r1": 0.01171875,
        "kretschmann_at_r2": 0.06584362139917696
      },
      "local_observables": {
        "delta_r_coordinate": -1.0,
        "delta_t_round_trip_coordinate": null,
        "distance_radar_static_observer_at_r1": null,
        "distance_slice_t_const": null,
        "gravitational_redshift_z_inf_from_r1": 0.4142135623730949,
        "ratio_radar_over_slice": null,
        "redshift_factor_sqrt_1_minus_2M_over_r1": 0.7071067811865476
      }
    },
    {
      "causal_structure": {
        "horizon_radius_2M": 2.0,
        "note": "Radar distance uses a clock at r1 and null travel time; slice distance uses a chosen foliation. They disagree and both diverge as r1 approaches 2M.",
        "valid_domain": false
      },
      "coordinates": {
        "r1": 4.0,
        "r2": 4.0
      },
      "curvature_invariants": {
        "kretschmann_at_r1": 0.01171875,
        "kretschmann_at_r2": 0.01171875
      },
      "local_observables": {
        "delta_r_coordinate": 0.0,
        "delta_t_round_trip_coordinate": null,
        "distance_radar_static_observer_at_r1": null,
        "distance_slice_t_const": null,
        "gravitational_redshift_z_inf_from_r1": 0.4142135623730949,
        "ratio_radar_over_slice": null,
        "redshift_factor_sqrt_1_minus_2M_over_r1": 0.7071067811865476
      }
    },
    {
      "causal_structure": {
        "horizon_radius_2M": 2.0,
        "note": "Radar distance uses a clock at r1 and null travel time; slice distance uses a chosen foliation. They disagree and both diverge as r1 approaches 2M.",
        "valid_domain": true
      },
      "coordinates": {
        "r1": 4.0,
        "r2": 6.0
      },
      "curvature_invariants": {
        "kretschmann_at_r1": 0.01171875,
        "kretschmann_at_r2": 0.00102880658436214
      },
      "local_observables": {
        "delta_r_coordinate": 2.0,
        "delta_t_round_trip_coordinate": 6.772588722239782,
        "distance_radar_static_observer_at_r1": 2.3944717058416427,
        "distance_slice_t_const": 2.6002368563422573,
        "gravitational_redshift_z_inf_from_r1": 0.4142135623730949,
        "ratio_radar_over_slice": 0.9208667664260156,
        "redshift_factor_sqrt_1_minus_2M_over_r1": 0.7071067811865476
      }
    },
    {
      "causal_structure": {
        "horizon_radius_2M": 2.0,
        "note": "Radar distance uses a clock at r1 and null travel time; slice distance uses a chosen foliation. They disagree and both diverge as r1 approaches 2M.",
        "valid_domain": true
      },
      "coordinates": {
        "r1": 4.0,
        "r2": 10.0
      },
      "curvature_invariants": {
        "kretschmann_at_r1": 0.01171875,
        "kretschmann_at_r2": 4.8e-05
      },
      "local_observables": {
        "delta_r_coordinate": 6.0,
        "delta_t_round_trip_coordinate": 17.545177444479563,
        "distance_radar_static_observer_at_r1": 6.20315697405638,
        "distance_slice_t_const": 7.240368561571504,
        "gravitational_redshift_z_inf_from_r1": 0.4142135623730949,
        "ratio_radar_over_slice": 0.8567460235352992,
        "redshift_factor_sqrt_1_minus_2M_over_r1": 0.7071067811865476
      }
    },
    {
      "causal_structure": {
        "horizon_radius_2M": 2.0,
        "note": "Radar distance uses a clock at r1 and null travel time; slice distance uses a chosen foliation. They disagree and both diverge as r1 approaches 2M.",
        "valid_domain": true
      },
      "coordinates": {
        "r1": 4.0,
        "r2": 20.0
      },
      "curvature_invariants": {
        "kretschmann_at_r1": 0.01171875,
        "kretschmann_at_r2": 7.5e-07
      },
      "local_observables": {
        "delta_r_coordinate": 16.0,
        "delta_t_round_trip_coordinate": 40.78889830934488,
        "distance_radar_static_observer_at_r1": 14.421053295833135,
        "distance_slice_t_const": 18.019384580689135,
        "gravitational_redshift_z_inf_from_r1": 0.4142135623730949,
        "ratio_radar_over_slice": 0.8003077591943828,
        "redshift_factor_sqrt_1_minus_2M_over_r1": 0.7071067811865476
      }
    },
    {
      "causal_structure": {
        "horizon_radius_2M": 2.0,
        "note": "Radar distance uses a clock at r1 and null travel time; slice distance uses a chosen foliation. They disagree and both diverge as r1 approaches 2M.",
        "valid_domain": false
      },
      "coordinates": {
        "r1": 6.0,
        "r2": 3.0
      },
      "curvature_invariants": {
        "kretschmann_at_r1": 0.00102880658436214,
        "kretschmann_at_r2": 0.06584362139917696
      },
      "local_observables": {
        "delta_r_coordinate": -3.0,
        "delta_t_round_trip_coordinate": null,
        "distance_radar_static_observer_at_r1": null,
        "distance_slice_t_const": null,
        "gravitational_redshift_z_inf_from_r1": 0.22474487139158894,
        "ratio_radar_over_slice": null,
        "redshift_factor_sqrt_1_minus_2M_over_r1": 0.816496580927726
      }
    },
    {
      "causal_structure": {
        "horizon_radius_2M": 2.0,
        "note": "Radar distance uses a clock at r1 and null travel time; slice distance uses a chosen foliation. They disagree and both diverge as r1 approaches 2M.",
        "valid_domain": false
      },
      "coordinates": {
        "r1": 6.0,
        "r2": 4.0
      },
      "curvature_invariants": {
        "kretschmann_at_r1": 0.00102880658436214,
        "kretschmann_at_r2": 0.01171875
      },
      "local_observables": {
        "delta_r_coordinate": -2.0,
        "delta_t_round_trip_coordinate": null,
        "distance_radar_static_observer_at_r1": null,
        "distance_slice_t_const": null,
        "gravitational_redshift_z_inf_from_r1": 0.22474487139158894,
        "ratio_radar_over_slice": null,
        "redshift_factor_sqrt_1_minus_2M_over_r1": 0.816496580927726
      }
    },
    {
      "causal_structure": {
        "horizon_radius_2M": 2.0,
        "note": "Radar distance uses a clock at r1 and null travel time; slice distance uses a chosen foliation. They disagree and both diverge as r1 approaches 2M.",
        "valid_domain": false
      },
      "coordinates": {
        "r1": 6.0,
        "r2": 6.0
      },
      "curvature_invariants": {
        "kretschmann_at_r1": 0.00102880658436214,
        "kretschmann_at_r2": 0.00102880658436214
      },
      "local_observables": {
        "delta_r_coordinate": 0.0,
        "delta_t_round_trip_coordinate": null,
        "distance_radar_static_observer_at_r1": null,
        "distance_slice_t_const": null,
        "gravitational_redshift_z_inf_from_r1": 0.22474487139158894,
        "ratio_radar_over_slice": null,
        "redshift_factor_sqrt_1_minus_2M_over_r1": 0.816496580927726
      }
    },
    {
      "causal_structure": {
        "horizon_radius_2M": 2.0,
        "note": "Radar distance uses a clock at r1 and null travel time; slice distance uses a chosen foliation. They disagree and both diverge as r1 approaches 2M.",
        "valid_domain": true
      },
      "coordinates": {
        "r1": 6.0,
        "r2": 10.0
      },
      "curvature_invariants": {
        "kretschmann_at_r1": 0.00102880658436214,
        "kretschmann_at_r2": 4.8e-05
      },
      "local_observables": {
        "delta_r_coordinate": 4.0,
        "delta_t_round_trip_coordinate": 10.772588722239782,
        "distance_radar_static_observer_at_r1": 4.3978909297246815,
        "distance_slice_t_const": 4.640131705229247,
        "gravitational_redshift_z_inf_from_r1": 0.22474487139158894,
        "ratio_radar_over_slice": 0.9477944181559396,
        "redshift_factor_sqrt_1_minus_2M_over_r1": 0.816496580927726
      }
    },
    {
      "causal_structure": {
        "horizon_radius_2M": 2.0,
        "note": "Radar distance uses a clock at r1 and null travel time; slice distance uses a chosen foliation. They disagree and both diverge as r1 approaches 2M.",
        "valid_domain": true
      },
      "coordinates": {
        "r1": 6.0,
        "r2": 20.0
      },
      "curvature_invariants": {
        "kretschmann_at_r1": 0.00102880658436214,
        "kretschmann_at_r2": 7.5e-07
      },
      "local_observables": {
        "delta_r_coordinate": 14.0,
        "delta_t_round_trip_coordinate": 34.0163095871051,
        "distance_radar_static_observer_at_r1": 13.887100236825171,
        "distance_slice_t_const": 15.419147724346875,
        "gravitational_redshift_z_inf_from_r1": 0.22474487139158894,
        "ratio_radar_over_slice": 0.9006399371151625,
        "redshift_factor_sqrt_1_minus_2M_over_r1": 0.816496580927726
      }
    },
    {
      "causal_structure": {
        "horizon_radius_2M": 2.0,
        "note": "Radar distance uses a clock at r1 and null travel time; slice distance uses a chosen foliation. They disagree and both diverge as r1 approaches 2M.",
        "valid_domain": false
      },
      "coordinates": {
        "r1": 10.0,
        "r2": 3.0
      },
      "curvature_invariants": {
        "kretschmann_at_r1": 4.8e-05,
        "kretschmann_at_r2": 0.06584362139917696
      },
      "local_observables": {
        "delta_r_coordinate": -7.0,
        "delta_t_round_trip_coordinate": null,
        "distance_radar_static_observer_at_r1": null,
        "distance_slice_t_const": null,
        "gravitational_redshift_z_inf_from_r1": 0.1180339887498949,
        "ratio_radar_over_slice": null,
        "redshift_factor_sqrt_1_minus_2M_over_r1": 0.8944271909999159
      }
    },
    {
      "causal_structure": {
        "horizon_radius_2M": 2.0,
        "note": "Radar distance uses a clock at r1 and null travel time; slice distance uses a chosen foliation. They disagree and both diverge as r1 approaches 2M.",
        "valid_domain": false
      },
      "coordinates": {
        "r1": 10.0,
        "r2": 4.0
      },
      "curvature_invariants": {
        "kretschmann_at_r1": 4.8e-05,
        "kretschmann_at_r2": 0.01171875
      },
      "local_observables": {
        "delta_r_coordinate": -6.0,
        "delta_t_round_trip_coordinate": null,
        "distance_radar_static_observer_at_r1": null,
        "distance_slice_t_const": null,
        "gravitational_redshift_z_inf_from_r1": 0.1180339887498949,
        "ratio_radar_over_slice": null,
        "redshift_factor_sqrt_1_minus_2M_over_r1": 0.8944271909999159
      }
    },
    {
      "causal_structure": {
        "horizon_radius_2M": 2.0,
        "note": "Radar distance uses a clock at r1 and null travel time; slice distance uses a chosen foliation. They disagree and both diverge as r1 approaches 2M.",
        "valid_domain": false
      },
      "coordinates": {
        "r1": 10.0,
        "r2": 6.0
      },
      "curvature_invariants": {
        "kretschmann_at_r1": 4.8e-05,
        "kretschmann_at_r2": 0.00102880658436214
      },
      "local_observables": {
        "delta_r_coordinate": -4.0,
        "delta_t_round_trip_coordinate": null,
        "distance_radar_static_observer_at_r1": null,
        "distance_slice_t_const": null,
        "gravitational_redshift_z_inf_from_r1": 0.1180339887498949,
        "ratio_radar_over_slice": null,
        "redshift_factor_sqrt_1_minus_2M_over_r1": 0.8944271909999159
      }
    },
    {
      "causal_structure": {
        "horizon_radius_2M": 2.0,
        "note": "Radar distance uses a clock at r1 and null travel time; slice distance uses a chosen foliation. They disagree and both diverge as r1 approaches 2M.",
        "valid_domain": false
      },
      "coordinates": {
        "r1": 10.0,
        "r2": 10.0
      },
      "curvature_invariants": {
        "kretschmann_at_r1": 4.8e-05,
        "kretschmann_at_r2": 4.8e-05
      },
      "local_observables": {
        "delta_r_coordinate": 0.0,
        "delta_t_round_trip_coordinate": null,
        "distance_radar_static_observer_at_r1": null,
        "distance_slice_t_const": null,
        "gravitational_redshift_z_inf_from_r1": 0.1180339887498949,
        "ratio_radar_over_slice": null,
        "redshift_factor_sqrt_1_minus_2M_over_r1": 0.8944271909999159
      }
    },
    {
      "causal_structure": {
        "horizon_radius_2M": 2.0,
        "note": "Radar distance uses a clock at r1 and null travel time; slice distance uses a chosen foliation. They disagree and both diverge as r1 approaches 2M.",
        "valid_domain": true
      },
      "coordinates": {
        "r1": 10.0,
        "r2": 20.0
      },
      "curvature_invariants": {
        "kretschmann_at_r1": 4.8e-05,
        "kretschmann_at_r2": 7.5e-07
      },
      "local_observables": {
        "delta_r_coordinate": 10.0,
        "delta_t_round_trip_coordinate": 23.243720864865317,
        "distance_radar_static_observer_at_r1": 10.39490798077381,
        "distance_slice_t_const": 10.779016019117629,
        "gravitational_redshift_z_inf_from_r1": 0.1180339887498949,
        "ratio_radar_over_slice": 0.9643652038680929,
        "redshift_factor_sqrt_1_minus_2M_over_r1": 0.8944271909999159
      }
    }
  ],
  "spacetime": "Schwarzschild exterior (radar ranging vs slice distance)",
  "theory": "General Relativity (operational observables)",
  "toy_id": "056",
  "units": {
    "G": 1,
    "c": 1
  }
}