{
  "notes": {
    "domain_of_validity": "Toy uses a standard flat-space zero-point energy integral as a proxy; the mismatch does not depend on precision cosmology beyond an order-of-magnitude \u039b value.",
    "interpretation": "The catastrophe is robust to order-unity prefactors: classical GR does not supply a mechanism to cancel/renormalize vacuum energy\u2019s gravitational effect.",
    "pressure_point": "Naive vacuum energy density from QFT (with Planck-scale cutoff) is incompatible with the energy density inferred from the observed cosmological constant by an enormous factor."
  },
  "observables": {
    "summary": {
      "catastrophe_flag": true,
      "note": "catastrophe_flag is just an extreme-mismatch marker; typical ratios are far larger.",
      "ratio_range_over_samples": {
        "max": 5.510643624392865e+124,
        "min": 5.5106436243928664e+116
      },
      "rho_Lambda_obs_J_per_m3": 5.32396581716031e-10
    }
  },
  "parameters": {
    "Lambda_obs_1_over_m2": 1.1056e-52,
    "constants_SI": {
      "G_m3_kg_s2": 6.6743e-11,
      "c_m_s": 299792458.0,
      "hbar_J_s": 1.054571817e-34
    },
    "cutoff_scales_alpha": [
      0.1,
      1.0,
      10.0
    ],
    "rho_Lambda_formula": "rho_Lambda = c^4 \u039b / (8\u03c0 G)",
    "rho_vac_formula": "rho_vac = (\u0127 c / (16\u03c0^2)) * k_max^4, with k_max = \u03b1/\u2113_p and \u2113_p = sqrt(\u0127 G / c^3)"
  },
  "sample_points": [
    {
      "causal_structure": {
        "horizon_radius": null,
        "note": "No causal structure computed; this is an energy bookkeeping/coupling diagnostic.",
        "region": null
      },
      "coordinates": {
        "cutoff_scale_alpha": 0.1
      },
      "curvature_invariants": {
        "kretschmann": null,
        "note": "Not a metric toy: compares energy densities that would source curvature in semiclassical gravity.",
        "ricci_scalar": null
      },
      "local_observables": {
        "k_max_1_over_m": 6.18714240757223e+33,
        "planck_length_m": 1.61625502392855e-35,
        "ratio_rho_vac_over_rho_Lambda": 5.5106436243928664e+116,
        "rho_Lambda_obs_J_per_m3": 5.32396581716031e-10,
        "rho_vac_QFT_J_per_m3": 2.933847828682002e+107
      }
    },
    {
      "causal_structure": {
        "horizon_radius": null,
        "note": "No causal structure computed; this is an energy bookkeeping/coupling diagnostic.",
        "region": null
      },
      "coordinates": {
        "cutoff_scale_alpha": 1.0
      },
      "curvature_invariants": {
        "kretschmann": null,
        "note": "Not a metric toy: compares energy densities that would source curvature in semiclassical gravity.",
        "ricci_scalar": null
      },
      "local_observables": {
        "k_max_1_over_m": 6.18714240757223e+34,
        "planck_length_m": 1.61625502392855e-35,
        "ratio_rho_vac_over_rho_Lambda": 5.510643624392867e+120,
        "rho_Lambda_obs_J_per_m3": 5.32396581716031e-10,
        "rho_vac_QFT_J_per_m3": 2.9338478286820017e+111
      }
    },
    {
      "causal_structure": {
        "horizon_radius": null,
        "note": "No causal structure computed; this is an energy bookkeeping/coupling diagnostic.",
        "region": null
      },
      "coordinates": {
        "cutoff_scale_alpha": 10.0
      },
      "curvature_invariants": {
        "kretschmann": null,
        "note": "Not a metric toy: compares energy densities that would source curvature in semiclassical gravity.",
        "ricci_scalar": null
      },
      "local_observables": {
        "k_max_1_over_m": 6.1871424075722296e+35,
        "planck_length_m": 1.61625502392855e-35,
        "ratio_rho_vac_over_rho_Lambda": 5.510643624392865e+124,
        "rho_Lambda_obs_J_per_m3": 5.32396581716031e-10,
        "rho_vac_QFT_J_per_m3": 2.933847828682001e+115
      }
    }
  ],
  "spacetime": "N/A (energy density comparison: QFT vacuum vs observed cosmological constant)",
  "theory": "Semiclassical gravity pressure test (QFT zero-point energy + GR coupling via \u039b)",
  "toy_id": "072",
  "units": {
    "G": 1,
    "c": 1
  }
}