{
  "notes": {
    "domain_of_validity": "Finite-dimensional proxy capturing how modular flow depends on state; not a full relativistic field theory.",
    "key_definitions": {
      "modular_hamiltonian": "K = -ln \u03c1 (up to additive constant)",
      "thermal_time_alignment": "K \u2248 \u03b2 H + c I and [K,H]\u22480"
    },
    "pressure_point": "If time is defined thermally (via modular flow), then the time generator depends on the state. Only in equilibrium Gibbs states does the modular Hamiltonian align with a physical Hamiltonian H up to a constant, yielding a unique scaling."
  },
  "observables": {
    "summary": {
      "beta_fit_values": {
        "equilibrium_gibbs": 0.9999999999999998,
        "nonequilibrium_coherent": 0.8700134055851967,
        "nonequilibrium_diagonal": 1.2588482363054956
      },
      "commutator_norm_range": {
        "max": 0.6562052040666606,
        "min": 0.0
      },
      "fit_residual_rms_range": {
        "max": 0.2961464140171818,
        "min": 3.1401849173675503e-16
      },
      "note": "Equilibrium aligns; non-equilibrium does not => time-from-state is state-dependent.",
      "uniqueness_status": false
    }
  },
  "parameters": {
    "E": 1.0,
    "beta_equilibrium": 1.0,
    "eigenvalue_clip_for_log": 1e-12,
    "hamiltonian_H": "diag(0, E, 2E)",
    "tolerances": {
      "commutator": 1e-08,
      "residual": 1e-06
    }
  },
  "sample_points": [
    {
      "causal_structure": {
        "note": "Equilibrium yields unique scaling.",
        "thermal_time_defined": true
      },
      "coordinates": {
        "case": "equilibrium_gibbs"
      },
      "curvature_invariants": {
        "kretschmann": null,
        "note": "No classical geometry.",
        "ricci_scalar": null
      },
      "local_observables": {
        "beta_fit": 0.9999999999999998,
        "c_fit": 0.40760596444438024,
        "commutator_fro_norm": 0.0,
        "entropy_S": 0.8323955818399389,
        "fit_residual_rms": 3.1401849173675503e-16,
        "modular_hamiltonian_K": [
          [
            {
              "im": -0.0,
              "re": 0.40760596444438046
            },
            {
              "im": -0.0,
              "re": -0.0
            },
            {
              "im": -0.0,
              "re": -0.0
            }
          ],
          [
            {
              "im": -0.0,
              "re": -0.0
            },
            {
              "im": -0.0,
              "re": 1.4076059644443804
            },
            {
              "im": -0.0,
              "re": -0.0
            }
          ],
          [
            {
              "im": -0.0,
              "re": -0.0
            },
            {
              "im": -0.0,
              "re": -0.0
            },
            {
              "im": -0.0,
              "re": 2.40760596444438
            }
          ]
        ],
        "note": "aligned=True indicates K \u2248 \u03b2H + cI (diagonal fit) and [K,H]\u22480. If false, modular flow differs from physical H-time and depends on state.",
        "rho": [
          [
            {
              "im": 0.0,
              "re": 0.6652409557748218
            },
            {
              "im": 0.0,
              "re": 0.0
            },
            {
              "im": 0.0,
              "re": 0.0
            }
          ],
          [
            {
              "im": 0.0,
              "re": 0.0
            },
            {
              "im": 0.0,
              "re": 0.24472847105479764
            },
            {
              "im": 0.0,
              "re": 0.0
            }
          ],
          [
            {
              "im": 0.0,
              "re": 0.0
            },
            {
              "im": 0.0,
              "re": 0.0
            },
            {
              "im": 0.0,
              "re": 0.09003057317038046
            }
          ]
        ],
        "state_label": "equilibrium_gibbs",
        "thermal_time_defined_as_unique_scaling": true
      }
    },
    {
      "causal_structure": {
        "note": "Non-equilibrium diagonal breaks unique \u03b2 fit (residual>0).",
        "thermal_time_defined": false
      },
      "coordinates": {
        "case": "nonequilibrium_diagonal"
      },
      "curvature_invariants": {
        "kretschmann": null,
        "note": "No classical geometry.",
        "ricci_scalar": null
      },
      "local_observables": {
        "beta_fit": 1.2588482363054956,
        "c_fit": 0.2686286633673714,
        "commutator_fro_norm": 0.0,
        "entropy_S": 0.812027476354491,
        "fit_residual_rms": 0.2961464140171818,
        "modular_hamiltonian_K": [
          [
            {
              "im": -0.0,
              "re": 0.4780358009429998
            },
            {
              "im": -0.0,
              "re": -0.0
            },
            {
              "im": -0.0,
              "re": -0.0
            }
          ],
          [
            {
              "im": -0.0,
              "re": -0.0
            },
            {
              "im": -0.0,
              "re": 1.1086626245216111
            },
            {
              "im": -0.0,
              "re": -0.0
            }
          ],
          [
            {
              "im": -0.0,
              "re": -0.0
            },
            {
              "im": -0.0,
              "re": -0.0
            },
            {
              "im": -0.0,
              "re": 2.995732273553991
            }
          ]
        ],
        "note": "aligned=True indicates K \u2248 \u03b2H + cI (diagonal fit) and [K,H]\u22480. If false, modular flow differs from physical H-time and depends on state.",
        "rho": [
          [
            {
              "im": 0.0,
              "re": 0.62
            },
            {
              "im": 0.0,
              "re": 0.0
            },
            {
              "im": 0.0,
              "re": 0.0
            }
          ],
          [
            {
              "im": 0.0,
              "re": 0.0
            },
            {
              "im": 0.0,
              "re": 0.33
            },
            {
              "im": 0.0,
              "re": 0.0
            }
          ],
          [
            {
              "im": 0.0,
              "re": 0.0
            },
            {
              "im": 0.0,
              "re": 0.0
            },
            {
              "im": 0.0,
              "re": 0.05
            }
          ]
        ],
        "state_label": "nonequilibrium_diagonal",
        "thermal_time_defined_as_unique_scaling": false
      }
    },
    {
      "causal_structure": {
        "note": "Coherence typically yields [K,H]\u22600; modular flow differs from H-time.",
        "thermal_time_defined": false
      },
      "coordinates": {
        "case": "nonequilibrium_coherent"
      },
      "curvature_invariants": {
        "kretschmann": null,
        "note": "No classical geometry.",
        "ricci_scalar": null
      },
      "local_observables": {
        "beta_fit": 0.8700134055851967,
        "c_fit": 0.4692996714213684,
        "commutator_fro_norm": 0.6562052040666606,
        "entropy_S": 0.9127293417018032,
        "fit_residual_rms": 0.20470101561047999,
        "modular_hamiltonian_K": [
          [
            {
              "im": -0.0,
              "re": 0.614045147675312
            },
            {
              "im": -0.0,
              "re": -2.5716921844430298e-18
            },
            {
              "im": -0.0,
              "re": -0.23200357482271894
            }
          ],
          [
            {
              "im": -0.0,
              "re": -2.571692184443028e-18
            },
            {
              "im": -0.0,
              "re": 1.0498221244986774
            },
            {
              "im": -0.0,
              "re": 2.8344473949525584e-16
            }
          ],
          [
            {
              "im": -0.0,
              "re": -0.232003574822719
            },
            {
              "im": -0.0,
              "re": 2.8344473949525584e-16
            },
            {
              "im": -0.0,
              "re": 2.3540719588457053
            }
          ]
        ],
        "note": "aligned=True indicates K \u2248 \u03b2H + cI (diagonal fit) and [K,H]\u22480. If false, modular flow differs from physical H-time and depends on state.",
        "rho": [
          [
            {
              "im": 0.0,
              "re": 0.55
            },
            {
              "im": 0.0,
              "re": -5.807274998484316e-18
            },
            {
              "im": 0.0,
              "re": 0.05999999999999996
            }
          ],
          [
            {
              "im": 0.0,
              "re": -5.8072749984843176e-18
            },
            {
              "im": 0.0,
              "re": 0.35000000000000003
            },
            {
              "im": 0.0,
              "re": -3.072707077082732e-17
            }
          ],
          [
            {
              "im": 0.0,
              "re": 0.05999999999999997
            },
            {
              "im": 0.0,
              "re": -3.072707077082732e-17
            },
            {
              "im": 0.0,
              "re": 0.10000000000000002
            }
          ]
        ],
        "state_label": "nonequilibrium_coherent",
        "thermal_time_defined_as_unique_scaling": false
      }
    }
  ],
  "spacetime": "N/A (time from state via modular Hamiltonian; finite-dimensional proxy)",
  "theory": "Thermal time hypothesis diagnostic (modular flow time from state)",
  "toy_id": "079",
  "units": {
    "G": 1,
    "c": 1
  }
}