{
  "notes": {
    "pressure_point": "Curvature invariants can be small at the horizon, yet extended observers experience tidal forces that scale with size and curvature gradients.",
    "tidal_scaling": "a_tidal ~ (M / r^3) * body_size"
  },
  "observables": {
    "horizon_radius": 2.0
  },
  "parameters": {
    "M": 1.0,
    "body_size": 1.0
  },
  "sample_points": [
    {
      "causal_structure": {
        "horizon_radius": 2.0,
        "notes": "Tidal forces finite at horizon for large M, but diverge as r -> 0.",
        "region": "exterior (r>2M)"
      },
      "coordinates": {
        "phi": null,
        "r": 2.1,
        "t": null,
        "theta": null
      },
      "curvature_invariants": {
        "kretschmann": 0.5596615474774705,
        "ricci_scalar": 0.0
      },
      "local_observables": {
        "body_size": 1.0,
        "tidal_accelerations": {
          "max": 0.215959399632869,
          "radial": 0.215959399632869,
          "tangential": 0.1079796998164345
        },
        "tidal_eigenvalues": {
          "radial": 0.215959399632869,
          "tangential": -0.1079796998164345
        }
      }
    },
    {
      "causal_structure": {
        "horizon_radius": 2.0,
        "notes": "Tidal forces finite at horizon for large M, but diverge as r -> 0.",
        "region": "exterior (r>2M)"
      },
      "coordinates": {
        "phi": null,
        "r": 3.0,
        "t": null,
        "theta": null
      },
      "curvature_invariants": {
        "kretschmann": 0.06584362139917696,
        "ricci_scalar": 0.0
      },
      "local_observables": {
        "body_size": 1.0,
        "tidal_accelerations": {
          "max": 0.07407407407407407,
          "radial": 0.07407407407407407,
          "tangential": 0.037037037037037035
        },
        "tidal_eigenvalues": {
          "radial": 0.07407407407407407,
          "tangential": -0.037037037037037035
        }
      }
    },
    {
      "causal_structure": {
        "horizon_radius": 2.0,
        "notes": "Tidal forces finite at horizon for large M, but diverge as r -> 0.",
        "region": "exterior (r>2M)"
      },
      "coordinates": {
        "phi": null,
        "r": 5.0,
        "t": null,
        "theta": null
      },
      "curvature_invariants": {
        "kretschmann": 0.003072,
        "ricci_scalar": 0.0
      },
      "local_observables": {
        "body_size": 1.0,
        "tidal_accelerations": {
          "max": 0.016,
          "radial": 0.016,
          "tangential": 0.008
        },
        "tidal_eigenvalues": {
          "radial": 0.016,
          "tangential": -0.008
        }
      }
    },
    {
      "causal_structure": {
        "horizon_radius": 2.0,
        "notes": "Tidal forces finite at horizon for large M, but diverge as r -> 0.",
        "region": "exterior (r>2M)"
      },
      "coordinates": {
        "phi": null,
        "r": 10.0,
        "t": null,
        "theta": null
      },
      "curvature_invariants": {
        "kretschmann": 4.8e-05,
        "ricci_scalar": 0.0
      },
      "local_observables": {
        "body_size": 1.0,
        "tidal_accelerations": {
          "max": 0.002,
          "radial": 0.002,
          "tangential": 0.001
        },
        "tidal_eigenvalues": {
          "radial": 0.002,
          "tangential": -0.001
        }
      }
    },
    {
      "causal_structure": {
        "horizon_radius": 2.0,
        "notes": "Tidal forces finite at horizon for large M, but diverge as r -> 0.",
        "region": "exterior (r>2M)"
      },
      "coordinates": {
        "phi": null,
        "r": 20.0,
        "t": null,
        "theta": null
      },
      "curvature_invariants": {
        "kretschmann": 7.5e-07,
        "ricci_scalar": 0.0
      },
      "local_observables": {
        "body_size": 1.0,
        "tidal_accelerations": {
          "max": 0.00025,
          "radial": 0.00025,
          "tangential": 0.000125
        },
        "tidal_eigenvalues": {
          "radial": 0.00025,
          "tangential": -0.000125
        }
      }
    },
    {
      "causal_structure": {
        "horizon_radius": 2.0,
        "notes": "Tidal forces finite at horizon for large M, but diverge as r -> 0.",
        "region": "exterior (r>2M)"
      },
      "coordinates": {
        "phi": null,
        "r": 50.0,
        "t": null,
        "theta": null
      },
      "curvature_invariants": {
        "kretschmann": 3.072e-09,
        "ricci_scalar": 0.0
      },
      "local_observables": {
        "body_size": 1.0,
        "tidal_accelerations": {
          "max": 1.6e-05,
          "radial": 1.6e-05,
          "tangential": 8e-06
        },
        "tidal_eigenvalues": {
          "radial": 1.6e-05,
          "tangential": -8e-06
        }
      }
    },
    {
      "causal_structure": {
        "horizon_radius": 2.0,
        "notes": "Tidal forces finite at horizon for large M, but diverge as r -> 0.",
        "region": "exterior (r>2M)"
      },
      "coordinates": {
        "phi": null,
        "r": 100.0,
        "t": null,
        "theta": null
      },
      "curvature_invariants": {
        "kretschmann": 4.8e-11,
        "ricci_scalar": 0.0
      },
      "local_observables": {
        "body_size": 1.0,
        "tidal_accelerations": {
          "max": 2e-06,
          "radial": 2e-06,
          "tangential": 1e-06
        },
        "tidal_eigenvalues": {
          "radial": 2e-06,
          "tangential": -1e-06
        }
      }
    }
  ],
  "spacetime": "Schwarzschild (tidal forces on extended observers)",
  "theory": "General Relativity (geodesic deviation)",
  "toy_id": "021",
  "units": {
    "G": 1,
    "c": 1
  }
}