{
  "notes": {
    "definitions_used": {
      "horizons": "r_\u00b1 = M \u00b1 sqrt(M^2 - Q^2)",
      "inner_surface_gravity": "kappa_- = (r_+ - r_-)/(2 r_-^2)",
      "kretschmann_proxy": "K_proxy = 48 m_eff^2 / r_-^6",
      "mass_inflation_ansatz": "m_eff(v) = M + A (exp(kappa_- v) - 1)"
    },
    "model_limitations": "This is a simplified ansatz model capturing exponential growth scale via kappa_-. It is not a full solution of perturbed Einstein\u2013Maxwell equations.",
    "pressure_point": "Sub-extremal RN has an inner (Cauchy) horizon, a boundary of predictability. Small perturbations are exponentially blue-shifted there, producing 'mass inflation' and driving curvature large, indicating classical instability of the idealized inner horizon."
  },
  "observables": {
    "summary": {
      "growth_factor_K_proxy_over_interval": 7.251547794403078e+150,
      "growth_factor_m_eff_over_interval": 2.6928698064338498e+75,
      "kappa_minus": 3.7499999999999964,
      "key_result": "Even tiny A can produce enormous effective mass/curvature growth over advanced time due to exp(kappa_- v) blue-shift near the Cauchy horizon.",
      "kretschmann_proxy_end": 8.497907571566091e+154,
      "kretschmann_proxy_start": 11718.749999999976,
      "m_eff_end": 2.6928698064338498e+75,
      "m_eff_start": 1.0,
      "r_minus": 0.40000000000000013,
      "r_plus": 1.5999999999999999
    }
  },
  "parameters": {
    "A_perturbation_amplitude": 1e-06,
    "M": 1.0,
    "Q": 0.8,
    "n_samples": 11,
    "v_max": 50.0
  },
  "sample_points": [
    {
      "causal_structure": {
        "cauchy_horizon_r_minus": 0.40000000000000013,
        "event_horizon_r_plus": 1.5999999999999999,
        "predictability_warning": "Cauchy horizon signals breakdown of global determinism; perturbations are exponentially blue-shifted (mass inflation).",
        "region": "near inner (Cauchy) horizon"
      },
      "coordinates": {
        "r_minus": 0.40000000000000013,
        "r_plus": 1.5999999999999999,
        "r_scale": 0.40000000000000013,
        "v_advanced": 0.0
      },
      "curvature_invariants": {
        "kretschmann_proxy": 11718.749999999976,
        "ricci_scalar": 0.0
      },
      "local_observables": {
        "blueshift_factor_exp(kappa_minus*v)": 1.0,
        "charge_Q": 0.8,
        "effective_mass_m_eff": 1.0,
        "inner_surface_gravity_kappa_minus": 3.7499999999999964,
        "mass_parameter_M_background": 1.0,
        "notes": "m_eff is a mass-inflation ansatz near the Cauchy horizon; K_proxy uses Schwarzschild-like scaling at r=r_- to show blow-up scale."
      }
    },
    {
      "causal_structure": {
        "cauchy_horizon_r_minus": 0.40000000000000013,
        "event_horizon_r_plus": 1.5999999999999999,
        "predictability_warning": "Cauchy horizon signals breakdown of global determinism; perturbations are exponentially blue-shifted (mass inflation).",
        "region": "near inner (Cauchy) horizon"
      },
      "coordinates": {
        "r_minus": 0.40000000000000013,
        "r_plus": 1.5999999999999999,
        "r_scale": 0.40000000000000013,
        "v_advanced": 5.0
      },
      "curvature_invariants": {
        "kretschmann_proxy": 229694570.34265807,
        "ricci_scalar": 0.0
      },
      "local_observables": {
        "blueshift_factor_exp(kappa_minus*v)": 139002155.75451392,
        "charge_Q": 0.8,
        "effective_mass_m_eff": 140.00215475451392,
        "inner_surface_gravity_kappa_minus": 3.7499999999999964,
        "mass_parameter_M_background": 1.0,
        "notes": "m_eff is a mass-inflation ansatz near the Cauchy horizon; K_proxy uses Schwarzschild-like scaling at r=r_- to show blow-up scale."
      }
    },
    {
      "causal_structure": {
        "cauchy_horizon_r_minus": 0.40000000000000013,
        "event_horizon_r_plus": 1.5999999999999999,
        "predictability_warning": "Cauchy horizon signals breakdown of global determinism; perturbations are exponentially blue-shifted (mass inflation).",
        "region": "near inner (Cauchy) horizon"
      },
      "coordinates": {
        "r_minus": 0.40000000000000013,
        "r_plus": 1.5999999999999999,
        "r_scale": 0.40000000000000013,
        "v_advanced": 10.0
      },
      "curvature_invariants": {
        "kretschmann_proxy": 4.3748929654513586e+24,
        "ricci_scalar": 0.0
      },
      "local_observables": {
        "blueshift_factor_exp(kappa_minus*v)": 1.9321599304402148e+16,
        "charge_Q": 0.8,
        "effective_mass_m_eff": 19321599305.402145,
        "inner_surface_gravity_kappa_minus": 3.7499999999999964,
        "mass_parameter_M_background": 1.0,
        "notes": "m_eff is a mass-inflation ansatz near the Cauchy horizon; K_proxy uses Schwarzschild-like scaling at r=r_- to show blow-up scale."
      }
    },
    {
      "causal_structure": {
        "cauchy_horizon_r_minus": 0.40000000000000013,
        "event_horizon_r_plus": 1.5999999999999999,
        "predictability_warning": "Cauchy horizon signals breakdown of global determinism; perturbations are exponentially blue-shifted (mass inflation).",
        "region": "near inner (Cauchy) horizon"
      },
      "coordinates": {
        "r_minus": 0.40000000000000013,
        "r_plus": 1.5999999999999999,
        "r_scale": 0.40000000000000013,
        "v_advanced": 15.0
      },
      "curvature_invariants": {
        "kretschmann_proxy": 8.452992886934847e+40,
        "ricci_scalar": 0.0
      },
      "local_observables": {
        "blueshift_factor_exp(kappa_minus*v)": 2.685743955936806e+24,
        "charge_Q": 0.8,
        "effective_mass_m_eff": 2.685743955936806e+18,
        "inner_surface_gravity_kappa_minus": 3.7499999999999964,
        "mass_parameter_M_background": 1.0,
        "notes": "m_eff is a mass-inflation ansatz near the Cauchy horizon; K_proxy uses Schwarzschild-like scaling at r=r_- to show blow-up scale."
      }
    },
    {
      "causal_structure": {
        "cauchy_horizon_r_minus": 0.40000000000000013,
        "event_horizon_r_plus": 1.5999999999999999,
        "predictability_warning": "Cauchy horizon signals breakdown of global determinism; perturbations are exponentially blue-shifted (mass inflation).",
        "region": "near inner (Cauchy) horizon"
      },
      "coordinates": {
        "r_minus": 0.40000000000000013,
        "r_plus": 1.5999999999999999,
        "r_scale": 0.40000000000000013,
        "v_advanced": 20.0
      },
      "curvature_invariants": {
        "kretschmann_proxy": 1.6332534148431777e+57,
        "ricci_scalar": 0.0
      },
      "local_observables": {
        "blueshift_factor_exp(kappa_minus*v)": 3.733241996798736e+32,
        "charge_Q": 0.8,
        "effective_mass_m_eff": 3.733241996798736e+26,
        "inner_surface_gravity_kappa_minus": 3.7499999999999964,
        "mass_parameter_M_background": 1.0,
        "notes": "m_eff is a mass-inflation ansatz near the Cauchy horizon; K_proxy uses Schwarzschild-like scaling at r=r_- to show blow-up scale."
      }
    },
    {
      "causal_structure": {
        "cauchy_horizon_r_minus": 0.40000000000000013,
        "event_horizon_r_plus": 1.5999999999999999,
        "predictability_warning": "Cauchy horizon signals breakdown of global determinism; perturbations are exponentially blue-shifted (mass inflation).",
        "region": "near inner (Cauchy) horizon"
      },
      "coordinates": {
        "r_minus": 0.40000000000000013,
        "r_plus": 1.5999999999999999,
        "r_scale": 0.40000000000000013,
        "v_advanced": 25.0
      },
      "curvature_invariants": {
        "kretschmann_proxy": 3.1557068044146603e+73,
        "ricci_scalar": 0.0
      },
      "local_observables": {
        "blueshift_factor_exp(kappa_minus*v)": 5.189286855083124e+40,
        "charge_Q": 0.8,
        "effective_mass_m_eff": 5.189286855083123e+34,
        "inner_surface_gravity_kappa_minus": 3.7499999999999964,
        "mass_parameter_M_background": 1.0,
        "notes": "m_eff is a mass-inflation ansatz near the Cauchy horizon; K_proxy uses Schwarzschild-like scaling at r=r_- to show blow-up scale."
      }
    },
    {
      "causal_structure": {
        "cauchy_horizon_r_minus": 0.40000000000000013,
        "event_horizon_r_plus": 1.5999999999999999,
        "predictability_warning": "Cauchy horizon signals breakdown of global determinism; perturbations are exponentially blue-shifted (mass inflation).",
        "region": "near inner (Cauchy) horizon"
      },
      "coordinates": {
        "r_minus": 0.40000000000000013,
        "r_plus": 1.5999999999999999,
        "r_scale": 0.40000000000000013,
        "v_advanced": 30.0
      },
      "curvature_invariants": {
        "kretschmann_proxy": 6.097330239707412e+89,
        "ricci_scalar": 0.0
      },
      "local_observables": {
        "blueshift_factor_exp(kappa_minus*v)": 7.213220596851084e+48,
        "charge_Q": 0.8,
        "effective_mass_m_eff": 7.213220596851084e+42,
        "inner_surface_gravity_kappa_minus": 3.7499999999999964,
        "mass_parameter_M_background": 1.0,
        "notes": "m_eff is a mass-inflation ansatz near the Cauchy horizon; K_proxy uses Schwarzschild-like scaling at r=r_- to show blow-up scale."
      }
    },
    {
      "causal_structure": {
        "cauchy_horizon_r_minus": 0.40000000000000013,
        "event_horizon_r_plus": 1.5999999999999999,
        "predictability_warning": "Cauchy horizon signals breakdown of global determinism; perturbations are exponentially blue-shifted (mass inflation).",
        "region": "near inner (Cauchy) horizon"
      },
      "coordinates": {
        "r_minus": 0.40000000000000013,
        "r_plus": 1.5999999999999999,
        "r_scale": 0.40000000000000013,
        "v_advanced": 35.0
      },
      "curvature_invariants": {
        "kretschmann_proxy": 1.1781017171824515e+106,
        "ricci_scalar": 0.0
      },
      "local_observables": {
        "blueshift_factor_exp(kappa_minus*v)": 1.0026532128951802e+57,
        "charge_Q": 0.8,
        "effective_mass_m_eff": 1.0026532128951801e+51,
        "inner_surface_gravity_kappa_minus": 3.7499999999999964,
        "mass_parameter_M_background": 1.0,
        "notes": "m_eff is a mass-inflation ansatz near the Cauchy horizon; K_proxy uses Schwarzschild-like scaling at r=r_- to show blow-up scale."
      }
    },
    {
      "causal_structure": {
        "cauchy_horizon_r_minus": 0.40000000000000013,
        "event_horizon_r_plus": 1.5999999999999999,
        "predictability_warning": "Cauchy horizon signals breakdown of global determinism; perturbations are exponentially blue-shifted (mass inflation).",
        "region": "near inner (Cauchy) horizon"
      },
      "coordinates": {
        "r_minus": 0.40000000000000013,
        "r_plus": 1.5999999999999999,
        "r_scale": 0.40000000000000013,
        "v_advanced": 40.0
      },
      "curvature_invariants": {
        "kretschmann_proxy": 2.2762809319226946e+122,
        "ricci_scalar": 0.0
      },
      "local_observables": {
        "blueshift_factor_exp(kappa_minus*v)": 1.3937095806661816e+65,
        "charge_Q": 0.8,
        "effective_mass_m_eff": 1.3937095806661816e+59,
        "inner_surface_gravity_kappa_minus": 3.7499999999999964,
        "mass_parameter_M_background": 1.0,
        "notes": "m_eff is a mass-inflation ansatz near the Cauchy horizon; K_proxy uses Schwarzschild-like scaling at r=r_- to show blow-up scale."
      }
    },
    {
      "causal_structure": {
        "cauchy_horizon_r_minus": 0.40000000000000013,
        "event_horizon_r_plus": 1.5999999999999999,
        "predictability_warning": "Cauchy horizon signals breakdown of global determinism; perturbations are exponentially blue-shifted (mass inflation).",
        "region": "near inner (Cauchy) horizon"
      },
      "coordinates": {
        "r_minus": 0.40000000000000013,
        "r_plus": 1.5999999999999999,
        "r_scale": 0.40000000000000013,
        "v_advanced": 45.0
      },
      "curvature_invariants": {
        "kretschmann_proxy": 4.3981388070860473e+138,
        "ricci_scalar": 0.0
      },
      "local_observables": {
        "blueshift_factor_exp(kappa_minus*v)": 1.937286362083168e+73,
        "charge_Q": 0.8,
        "effective_mass_m_eff": 1.9372863620831678e+67,
        "inner_surface_gravity_kappa_minus": 3.7499999999999964,
        "mass_parameter_M_background": 1.0,
        "notes": "m_eff is a mass-inflation ansatz near the Cauchy horizon; K_proxy uses Schwarzschild-like scaling at r=r_- to show blow-up scale."
      }
    },
    {
      "causal_structure": {
        "cauchy_horizon_r_minus": 0.40000000000000013,
        "event_horizon_r_plus": 1.5999999999999999,
        "predictability_warning": "Cauchy horizon signals breakdown of global determinism; perturbations are exponentially blue-shifted (mass inflation).",
        "region": "near inner (Cauchy) horizon"
      },
      "coordinates": {
        "r_minus": 0.40000000000000013,
        "r_plus": 1.5999999999999999,
        "r_scale": 0.40000000000000013,
        "v_advanced": 50.0
      },
      "curvature_invariants": {
        "kretschmann_proxy": 8.497907571566091e+154,
        "ricci_scalar": 0.0
      },
      "local_observables": {
        "blueshift_factor_exp(kappa_minus*v)": 2.6928698064338497e+81,
        "charge_Q": 0.8,
        "effective_mass_m_eff": 2.6928698064338498e+75,
        "inner_surface_gravity_kappa_minus": 3.7499999999999964,
        "mass_parameter_M_background": 1.0,
        "notes": "m_eff is a mass-inflation ansatz near the Cauchy horizon; K_proxy uses Schwarzschild-like scaling at r=r_- to show blow-up scale."
      }
    }
  ],
  "spacetime": "Reissner\u2013Nordstr\u00f6m interior (mass inflation proxy near Cauchy horizon)",
  "theory": "General Relativity (black hole interiors, predictability limits)",
  "toy_id": "032",
  "units": {
    "G": 1,
    "c": 1
  }
}