{
  "notes": {
    "assumptions": [
      "Flat spacetime, expressed in Rindler coordinates",
      "Stationary observers are uniformly accelerated in Minkowski space",
      "Domain: rho > 0 (one Rindler wedge)"
    ],
    "compare_with": [
      "Toy 001 Schwarzschild: horizon has curvature effects elsewhere (singularity), and tidal field != 0",
      "Toy 003 GW: curvature invariants can be misleading even when there is a physical effect"
    ],
    "key_formulas": {
      "metric": "ds^2 = -(a0*rho)^2 d\u03b7^2 + d\u03c1^2 + dy^2 + dz^2",
      "null_slopes": "d\u03c1/d\u03b7 = \u00b1 a0*rho",
      "proper_acceleration": "a(rho) = 1/rho",
      "redshift": "1+z = rho_obs / rho_emit",
      "rindler_to_minkowski": "T=rho*sinh(a0*eta), X=rho*cosh(a0*eta)",
      "time_dilation": "d\u03c4/d\u03b7 = a0*rho"
    },
    "pressure_point": "This toy produces redshift and a horizon with ZERO curvature (R=K=0). So: 'horizon' and 'redshift' do not automatically imply spacetime curvature\u2014they can be coordinate/observer effects."
  },
  "observables": {
    "redshift_between_stationary_observers": [
      {
        "rho_emit": 1.0,
        "rho_obs": 2.0,
        "valid": true,
        "z": 1.0
      },
      {
        "rho_emit": 1.0,
        "rho_obs": 5.0,
        "valid": true,
        "z": 4.0
      },
      {
        "rho_emit": 2.0,
        "rho_obs": 10.0,
        "valid": true,
        "z": 4.0
      }
    ]
  },
  "parameters": {
    "a0": 1.0,
    "eta_for_minkowski_map": 0.0
  },
  "sample_points": [
    {
      "causal_structure": {
        "coordinate_horizon_location": "rho = 0",
        "horizon_radius": null,
        "radial_null_cone_dr_dt": null,
        "radial_null_cone_drho_deta": {
          "ingoing": -0.5,
          "outgoing": 0.5
        },
        "region": "Rindler wedge rho>0; coordinate horizon at rho=0"
      },
      "coordinates": {
        "eta": 0.0,
        "rho": 0.5,
        "t": null,
        "x": null,
        "y": null,
        "z": null
      },
      "curvature_invariants": {
        "kretschmann": 0.0,
        "ricci_scalar": 0.0
      },
      "local_observables": {
        "g_tt": -0.25,
        "minkowski_coordinates_at_eta": {
          "T": 0.0,
          "X": 0.5
        },
        "proper_acceleration_stationary": 2.0,
        "tidal_tensor_sample": {
          "R0rho0rho": 0.0,
          "R0y0y": 0.0,
          "R0z0z": 0.0
        },
        "time_dilation_dtaudeta_stationary": 0.5
      }
    },
    {
      "causal_structure": {
        "coordinate_horizon_location": "rho = 0",
        "horizon_radius": null,
        "radial_null_cone_dr_dt": null,
        "radial_null_cone_drho_deta": {
          "ingoing": -1.0,
          "outgoing": 1.0
        },
        "region": "Rindler wedge rho>0; coordinate horizon at rho=0"
      },
      "coordinates": {
        "eta": 0.0,
        "rho": 1.0,
        "t": null,
        "x": null,
        "y": null,
        "z": null
      },
      "curvature_invariants": {
        "kretschmann": 0.0,
        "ricci_scalar": 0.0
      },
      "local_observables": {
        "g_tt": -1.0,
        "minkowski_coordinates_at_eta": {
          "T": 0.0,
          "X": 1.0
        },
        "proper_acceleration_stationary": 1.0,
        "tidal_tensor_sample": {
          "R0rho0rho": 0.0,
          "R0y0y": 0.0,
          "R0z0z": 0.0
        },
        "time_dilation_dtaudeta_stationary": 1.0
      }
    },
    {
      "causal_structure": {
        "coordinate_horizon_location": "rho = 0",
        "horizon_radius": null,
        "radial_null_cone_dr_dt": null,
        "radial_null_cone_drho_deta": {
          "ingoing": -2.0,
          "outgoing": 2.0
        },
        "region": "Rindler wedge rho>0; coordinate horizon at rho=0"
      },
      "coordinates": {
        "eta": 0.0,
        "rho": 2.0,
        "t": null,
        "x": null,
        "y": null,
        "z": null
      },
      "curvature_invariants": {
        "kretschmann": 0.0,
        "ricci_scalar": 0.0
      },
      "local_observables": {
        "g_tt": -4.0,
        "minkowski_coordinates_at_eta": {
          "T": 0.0,
          "X": 2.0
        },
        "proper_acceleration_stationary": 0.5,
        "tidal_tensor_sample": {
          "R0rho0rho": 0.0,
          "R0y0y": 0.0,
          "R0z0z": 0.0
        },
        "time_dilation_dtaudeta_stationary": 2.0
      }
    },
    {
      "causal_structure": {
        "coordinate_horizon_location": "rho = 0",
        "horizon_radius": null,
        "radial_null_cone_dr_dt": null,
        "radial_null_cone_drho_deta": {
          "ingoing": -5.0,
          "outgoing": 5.0
        },
        "region": "Rindler wedge rho>0; coordinate horizon at rho=0"
      },
      "coordinates": {
        "eta": 0.0,
        "rho": 5.0,
        "t": null,
        "x": null,
        "y": null,
        "z": null
      },
      "curvature_invariants": {
        "kretschmann": 0.0,
        "ricci_scalar": 0.0
      },
      "local_observables": {
        "g_tt": -25.0,
        "minkowski_coordinates_at_eta": {
          "T": 0.0,
          "X": 5.0
        },
        "proper_acceleration_stationary": 0.2,
        "tidal_tensor_sample": {
          "R0rho0rho": 0.0,
          "R0y0y": 0.0,
          "R0z0z": 0.0
        },
        "time_dilation_dtaudeta_stationary": 5.0
      }
    },
    {
      "causal_structure": {
        "coordinate_horizon_location": "rho = 0",
        "horizon_radius": null,
        "radial_null_cone_dr_dt": null,
        "radial_null_cone_drho_deta": {
          "ingoing": -10.0,
          "outgoing": 10.0
        },
        "region": "Rindler wedge rho>0; coordinate horizon at rho=0"
      },
      "coordinates": {
        "eta": 0.0,
        "rho": 10.0,
        "t": null,
        "x": null,
        "y": null,
        "z": null
      },
      "curvature_invariants": {
        "kretschmann": 0.0,
        "ricci_scalar": 0.0
      },
      "local_observables": {
        "g_tt": -100.0,
        "minkowski_coordinates_at_eta": {
          "T": 0.0,
          "X": 10.0
        },
        "proper_acceleration_stationary": 0.1,
        "tidal_tensor_sample": {
          "R0rho0rho": 0.0,
          "R0y0y": 0.0,
          "R0z0z": 0.0
        },
        "time_dilation_dtaudeta_stationary": 10.0
      }
    }
  ],
  "spacetime": "Rindler wedge (uniform acceleration frame) \u2014 Minkowski in disguise",
  "theory": "General Relativity (flat spacetime in accelerated coordinates)",
  "toy_id": "005",
  "units": {
    "G": 1,
    "c": 1
  }
}