{
  "notes": {
    "domain_of_validity": "Exact Kerr vacuum; Boyer\u2013Lindquist coordinates. If |a|>M, horizons are absent (naked singularity regime).",
    "key_formulas": {
      "A": "A = (r^2+a^2)^2 - a^2 \u0394 sin^2\u03b8",
      "Delta": "\u0394 = r^2 - 2Mr + a^2",
      "Sigma": "\u03a3 = r^2 + a^2 cos^2\u03b8",
      "ergosurface": "r_erg(\u03b8)= M + sqrt(M^2 - a^2 cos^2\u03b8)",
      "horizons": "r_\u00b1 = M \u00b1 sqrt(M^2 - a^2)",
      "kretschmann": "K = 48 M^2 (r^6 - 15 a^2 r^4 cos^2\u03b8 + 15 a^4 r^2 cos^4\u03b8 - a^6 cos^6\u03b8)/\u03a3^6",
      "lapse": "\u03b1 = sqrt(\u0394 \u03a3 / A)",
      "omega_zamo": "\u03c9 = 2Mar / A"
    },
    "pressure_point": "Rotation introduces observer-dependence and new causal surfaces: the ergosphere forces co-rotation (no static observers) even outside the horizon. This stresses naive 'gravity as force' intuition."
  },
  "observables": {
    "spin": {
      "a": 0.5,
      "a_over_M": 0.5,
      "extremality_condition": "|a| <= M (BH); |a|=M extremal"
    },
    "surfaces": {
      "bh_kind": "subextremal (|a|<M)",
      "inner_horizon_r_minus": 0.1339745962155614,
      "outer_ergosurface_samples": [
        {
          "r_erg_outer": 1.8660254037844386,
          "theta_deg": 0.0
        },
        {
          "r_erg_outer": 1.9013878188659974,
          "theta_deg": 30.0
        },
        {
          "r_erg_outer": 1.9682458365518543,
          "theta_deg": 60.0
        },
        {
          "r_erg_outer": 2.0,
          "theta_deg": 90.0
        }
      ],
      "outer_horizon_r_plus": 1.8660254037844386
    }
  },
  "parameters": {
    "M": 1.0,
    "a": 0.5,
    "spin_dimensionless_a_over_M": 0.5
  },
  "sample_points": [
    {
      "causal_structure": {
        "key_point": "Rotation splits 'horizon' (\u0394=0) from 'static limit' (g_tt=0). Inside ergoregion (g_tt>0), no static observers exist.",
        "radial_null_cone_dr_dt": null,
        "region": {
          "Delta": -0.71,
          "between_horizons": true,
          "bh_kind": "subextremal (|a|<M)",
          "g_tt": 0.4201183431952662,
          "in_ergoregion_gtt_positive": true,
          "inner_horizon_r_minus": 0.1339745962155614,
          "inside_outer_horizon": true,
          "notes": {
            "ergosurface_condition": "g_tt(r,\u03b8)=0; outer ergosurface at r=r_erg(\u03b8)",
            "horizon_condition": "\u0394(r)=0 (BL coordinates); outer horizon at r=r_+ if |a|<=M",
            "static_observers": "require g_tt<0; impossible in ergoregion where g_tt>0"
          },
          "outer_ergosurface_r_erg": 1.8660254037844386,
          "outer_horizon_r_plus": 1.8660254037844386
        }
      },
      "coordinates": {
        "phi": null,
        "r": 1.2,
        "t": null,
        "theta_deg": 0.0
      },
      "curvature_invariants": {
        "kretschmann": -7.119502187754757,
        "note": "Kretschmann is scalar invariant; sigma is included as Kerr shorthand (not invariant).",
        "ricci_scalar": 0.0,
        "sigma": 1.69
      },
      "local_observables": {
        "frame_dragging": {
          "omega_formula": "\u03c9 = -g_t\u03c6/g_\u03c6\u03c6 = 2Mar / A",
          "omega_zamo": 0.42015335597493086,
          "sign_convention_note": "\u03c9 shares sign with a for r>0; indicates dragged rotation direction."
        },
        "kerr_functions": {
          "A": 2.8560999999999996,
          "Delta": -0.71,
          "Sigma": 1.69
        },
        "lapse": {
          "alpha": null,
          "alpha_formula": "\u03b1 = sqrt(\u0394 \u03a3 / A)",
          "note": "In BL slicing \u03b1\u21920 as r\u2192r_+ (outer horizon) for |a|<=M."
        },
        "metric_components_subset": {
          "g_phiphi": 0.0,
          "g_tphi": -0.0,
          "g_tt": 0.4201183431952662,
          "interpretation": "ergosurface at g_tt=0; frame dragging from g_tphi\u22600"
        },
        "surfaces": {
          "inner_horizon_r_minus": 0.1339745962155614,
          "outer_ergosurface_r_erg": 1.8660254037844386,
          "outer_horizon_r_plus": 1.8660254037844386
        }
      }
    },
    {
      "causal_structure": {
        "key_point": "Rotation splits 'horizon' (\u0394=0) from 'static limit' (g_tt=0). Inside ergoregion (g_tt>0), no static observers exist.",
        "radial_null_cone_dr_dt": null,
        "region": {
          "Delta": -0.71,
          "between_horizons": true,
          "bh_kind": "subextremal (|a|<M)",
          "g_tt": 0.4746543778801844,
          "in_ergoregion_gtt_positive": true,
          "inner_horizon_r_minus": 0.1339745962155614,
          "inside_outer_horizon": true,
          "notes": {
            "ergosurface_condition": "g_tt(r,\u03b8)=0; outer ergosurface at r=r_erg(\u03b8)",
            "horizon_condition": "\u0394(r)=0 (BL coordinates); outer horizon at r=r_+ if |a|<=M",
            "static_observers": "require g_tt<0; impossible in ergoregion where g_tt>0"
          },
          "outer_ergosurface_r_erg": 1.9013878188659974,
          "outer_horizon_r_plus": 1.8660254037844386
        }
      },
      "coordinates": {
        "phi": null,
        "r": 1.2,
        "t": null,
        "theta_deg": 30.0
      },
      "curvature_invariants": {
        "kretschmann": -5.4067063732283005,
        "note": "Kretschmann is scalar invariant; sigma is included as Kerr shorthand (not invariant).",
        "ricci_scalar": 0.0,
        "sigma": 1.6275
      },
      "local_observables": {
        "frame_dragging": {
          "omega_formula": "\u03c9 = -g_t\u03c6/g_\u03c6\u03c6 = 2Mar / A",
          "omega_zamo": 0.41372533809117473,
          "sign_convention_note": "\u03c9 shares sign with a for r>0; indicates dragged rotation direction."
        },
        "kerr_functions": {
          "A": 2.9004749999999997,
          "Delta": -0.71,
          "Sigma": 1.6275
        },
        "lapse": {
          "alpha": null,
          "alpha_formula": "\u03b1 = sqrt(\u0394 \u03a3 / A)",
          "note": "In BL slicing \u03b1\u21920 as r\u2192r_+ (outer horizon) for |a|<=M."
        },
        "metric_components_subset": {
          "g_phiphi": 0.44554147465437777,
          "g_tphi": -0.184331797235023,
          "g_tt": 0.4746543778801844,
          "interpretation": "ergosurface at g_tt=0; frame dragging from g_tphi\u22600"
        },
        "surfaces": {
          "inner_horizon_r_minus": 0.1339745962155614,
          "outer_ergosurface_r_erg": 1.9013878188659974,
          "outer_horizon_r_plus": 1.8660254037844386
        }
      }
    },
    {
      "causal_structure": {
        "key_point": "Rotation splits 'horizon' (\u0394=0) from 'static limit' (g_tt=0). Inside ergoregion (g_tt>0), no static observers exist.",
        "radial_null_cone_dr_dt": null,
        "region": {
          "Delta": -0.71,
          "between_horizons": true,
          "bh_kind": "subextremal (|a|<M)",
          "g_tt": 0.5973377703826954,
          "in_ergoregion_gtt_positive": true,
          "inner_horizon_r_minus": 0.1339745962155614,
          "inside_outer_horizon": true,
          "notes": {
            "ergosurface_condition": "g_tt(r,\u03b8)=0; outer ergosurface at r=r_erg(\u03b8)",
            "horizon_condition": "\u0394(r)=0 (BL coordinates); outer horizon at r=r_+ if |a|<=M",
            "static_observers": "require g_tt<0; impossible in ergoregion where g_tt>0"
          },
          "outer_ergosurface_r_erg": 1.9682458365518543,
          "outer_horizon_r_plus": 1.8660254037844386
        }
      },
      "coordinates": {
        "phi": null,
        "r": 1.2,
        "t": null,
        "theta_deg": 60.0
      },
      "curvature_invariants": {
        "kretschmann": 4.698259953041189,
        "note": "Kretschmann is scalar invariant; sigma is included as Kerr shorthand (not invariant).",
        "ricci_scalar": 0.0,
        "sigma": 1.5025
      },
      "local_observables": {
        "frame_dragging": {
          "omega_formula": "\u03c9 = -g_t\u03c6/g_\u03c6\u03c6 = 2Mar / A",
          "omega_zamo": 0.4014418452943489,
          "sign_convention_note": "\u03c9 shares sign with a for r>0; indicates dragged rotation direction."
        },
        "kerr_functions": {
          "A": 2.989225,
          "Delta": -0.71,
          "Sigma": 1.5025
        },
        "lapse": {
          "alpha": null,
          "alpha_formula": "\u03b1 = sqrt(\u0394 \u03a3 / A)",
          "note": "In BL slicing \u03b1\u21920 as r\u2192r_+ (outer horizon) for |a|<=M."
        },
        "metric_components_subset": {
          "g_phiphi": 1.4921256239600662,
          "g_tphi": -0.5990016638935107,
          "g_tt": 0.5973377703826954,
          "interpretation": "ergosurface at g_tt=0; frame dragging from g_tphi\u22600"
        },
        "surfaces": {
          "inner_horizon_r_minus": 0.1339745962155614,
          "outer_ergosurface_r_erg": 1.9682458365518543,
          "outer_horizon_r_plus": 1.8660254037844386
        }
      }
    },
    {
      "causal_structure": {
        "key_point": "Rotation splits 'horizon' (\u0394=0) from 'static limit' (g_tt=0). Inside ergoregion (g_tt>0), no static observers exist.",
        "radial_null_cone_dr_dt": null,
        "region": {
          "Delta": -0.71,
          "between_horizons": true,
          "bh_kind": "subextremal (|a|<M)",
          "g_tt": 0.6666666666666667,
          "in_ergoregion_gtt_positive": true,
          "inner_horizon_r_minus": 0.1339745962155614,
          "inside_outer_horizon": true,
          "notes": {
            "ergosurface_condition": "g_tt(r,\u03b8)=0; outer ergosurface at r=r_erg(\u03b8)",
            "horizon_condition": "\u0394(r)=0 (BL coordinates); outer horizon at r=r_+ if |a|<=M",
            "static_observers": "require g_tt<0; impossible in ergoregion where g_tt>0"
          },
          "outer_ergosurface_r_erg": 2.0,
          "outer_horizon_r_plus": 1.8660254037844386
        }
      },
      "coordinates": {
        "phi": null,
        "r": 1.2,
        "t": null,
        "theta_deg": 90.0
      },
      "curvature_invariants": {
        "kretschmann": 16.075102880658438,
        "note": "Kretschmann is scalar invariant; sigma is included as Kerr shorthand (not invariant).",
        "ricci_scalar": 0.0,
        "sigma": 1.44
      },
      "local_observables": {
        "frame_dragging": {
          "omega_formula": "\u03c9 = -g_t\u03c6/g_\u03c6\u03c6 = 2Mar / A",
          "omega_zamo": 0.39556962025316456,
          "sign_convention_note": "\u03c9 shares sign with a for r>0; indicates dragged rotation direction."
        },
        "kerr_functions": {
          "A": 3.0336,
          "Delta": -0.71,
          "Sigma": 1.44
        },
        "lapse": {
          "alpha": null,
          "alpha_formula": "\u03b1 = sqrt(\u0394 \u03a3 / A)",
          "note": "In BL slicing \u03b1\u21920 as r\u2192r_+ (outer horizon) for |a|<=M."
        },
        "metric_components_subset": {
          "g_phiphi": 2.1066666666666665,
          "g_tphi": -0.8333333333333334,
          "g_tt": 0.6666666666666667,
          "interpretation": "ergosurface at g_tt=0; frame dragging from g_tphi\u22600"
        },
        "surfaces": {
          "inner_horizon_r_minus": 0.1339745962155614,
          "outer_ergosurface_r_erg": 2.0,
          "outer_horizon_r_plus": 1.8660254037844386
        }
      }
    },
    {
      "causal_structure": {
        "key_point": "Rotation splits 'horizon' (\u0394=0) from 'static limit' (g_tt=0). Inside ergoregion (g_tt>0), no static observers exist.",
        "radial_null_cone_dr_dt": null,
        "region": {
          "Delta": -0.5,
          "between_horizons": true,
          "bh_kind": "subextremal (|a|<M)",
          "g_tt": 0.19999999999999996,
          "in_ergoregion_gtt_positive": true,
          "inner_horizon_r_minus": 0.1339745962155614,
          "inside_outer_horizon": true,
          "notes": {
            "ergosurface_condition": "g_tt(r,\u03b8)=0; outer ergosurface at r=r_erg(\u03b8)",
            "horizon_condition": "\u0394(r)=0 (BL coordinates); outer horizon at r=r_+ if |a|<=M",
            "static_observers": "require g_tt<0; impossible in ergoregion where g_tt>0"
          },
          "outer_ergosurface_r_erg": 1.8660254037844386,
          "outer_horizon_r_plus": 1.8660254037844386
        }
      },
      "coordinates": {
        "phi": null,
        "r": 1.5,
        "t": null,
        "theta_deg": 0.0
      },
      "curvature_invariants": {
        "kretschmann": -1.081344,
        "note": "Kretschmann is scalar invariant; sigma is included as Kerr shorthand (not invariant).",
        "ricci_scalar": 0.0,
        "sigma": 2.5
      },
      "local_observables": {
        "frame_dragging": {
          "omega_formula": "\u03c9 = -g_t\u03c6/g_\u03c6\u03c6 = 2Mar / A",
          "omega_zamo": 0.24,
          "sign_convention_note": "\u03c9 shares sign with a for r>0; indicates dragged rotation direction."
        },
        "kerr_functions": {
          "A": 6.25,
          "Delta": -0.5,
          "Sigma": 2.5
        },
        "lapse": {
          "alpha": null,
          "alpha_formula": "\u03b1 = sqrt(\u0394 \u03a3 / A)",
          "note": "In BL slicing \u03b1\u21920 as r\u2192r_+ (outer horizon) for |a|<=M."
        },
        "metric_components_subset": {
          "g_phiphi": 0.0,
          "g_tphi": -0.0,
          "g_tt": 0.19999999999999996,
          "interpretation": "ergosurface at g_tt=0; frame dragging from g_tphi\u22600"
        },
        "surfaces": {
          "inner_horizon_r_minus": 0.1339745962155614,
          "outer_ergosurface_r_erg": 1.8660254037844386,
          "outer_horizon_r_plus": 1.8660254037844386
        }
      }
    },
    {
      "causal_structure": {
        "key_point": "Rotation splits 'horizon' (\u0394=0) from 'static limit' (g_tt=0). Inside ergoregion (g_tt>0), no static observers exist.",
        "radial_null_cone_dr_dt": null,
        "region": {
          "Delta": -0.5,
          "between_horizons": true,
          "bh_kind": "subextremal (|a|<M)",
          "g_tt": 0.23076923076923084,
          "in_ergoregion_gtt_positive": true,
          "inner_horizon_r_minus": 0.1339745962155614,
          "inside_outer_horizon": true,
          "notes": {
            "ergosurface_condition": "g_tt(r,\u03b8)=0; outer ergosurface at r=r_erg(\u03b8)",
            "horizon_condition": "\u0394(r)=0 (BL coordinates); outer horizon at r=r_+ if |a|<=M",
            "static_observers": "require g_tt<0; impossible in ergoregion where g_tt>0"
          },
          "outer_ergosurface_r_erg": 1.9013878188659974,
          "outer_horizon_r_plus": 1.8660254037844386
        }
      },
      "coordinates": {
        "phi": null,
        "r": 1.5,
        "t": null,
        "theta_deg": 30.0
      },
      "curvature_invariants": {
        "kretschmann": -0.38167861578483403,
        "note": "Kretschmann is scalar invariant; sigma is included as Kerr shorthand (not invariant).",
        "ricci_scalar": 0.0,
        "sigma": 2.4375
      },
      "local_observables": {
        "frame_dragging": {
          "omega_formula": "\u03c9 = -g_t\u03c6/g_\u03c6\u03c6 = 2Mar / A",
          "omega_zamo": 0.23880597014925373,
          "sign_convention_note": "\u03c9 shares sign with a for r>0; indicates dragged rotation direction."
        },
        "kerr_functions": {
          "A": 6.28125,
          "Delta": -0.5,
          "Sigma": 2.4375
        },
        "lapse": {
          "alpha": null,
          "alpha_formula": "\u03b1 = sqrt(\u0394 \u03a3 / A)",
          "note": "In BL slicing \u03b1\u21920 as r\u2192r_+ (outer horizon) for |a|<=M."
        },
        "metric_components_subset": {
          "g_phiphi": 0.644230769230769,
          "g_tphi": -0.1538461538461538,
          "g_tt": 0.23076923076923084,
          "interpretation": "ergosurface at g_tt=0; frame dragging from g_tphi\u22600"
        },
        "surfaces": {
          "inner_horizon_r_minus": 0.1339745962155614,
          "outer_ergosurface_r_erg": 1.9013878188659974,
          "outer_horizon_r_plus": 1.8660254037844386
        }
      }
    },
    {
      "causal_structure": {
        "key_point": "Rotation splits 'horizon' (\u0394=0) from 'static limit' (g_tt=0). Inside ergoregion (g_tt>0), no static observers exist.",
        "radial_null_cone_dr_dt": null,
        "region": {
          "Delta": -0.5,
          "between_horizons": true,
          "bh_kind": "subextremal (|a|<M)",
          "g_tt": 0.29729729729729737,
          "in_ergoregion_gtt_positive": true,
          "inner_horizon_r_minus": 0.1339745962155614,
          "inside_outer_horizon": true,
          "notes": {
            "ergosurface_condition": "g_tt(r,\u03b8)=0; outer ergosurface at r=r_erg(\u03b8)",
            "horizon_condition": "\u0394(r)=0 (BL coordinates); outer horizon at r=r_+ if |a|<=M",
            "static_observers": "require g_tt<0; impossible in ergoregion where g_tt>0"
          },
          "outer_ergosurface_r_erg": 1.9682458365518543,
          "outer_horizon_r_plus": 1.8660254037844386
        }
      },
      "coordinates": {
        "phi": null,
        "r": 1.5,
        "t": null,
        "theta_deg": 60.0
      },
      "curvature_invariants": {
        "kretschmann": 2.1268265473896824,
        "note": "Kretschmann is scalar invariant; sigma is included as Kerr shorthand (not invariant).",
        "ricci_scalar": 0.0,
        "sigma": 2.3125
      },
      "local_observables": {
        "frame_dragging": {
          "omega_formula": "\u03c9 = -g_t\u03c6/g_\u03c6\u03c6 = 2Mar / A",
          "omega_zamo": 0.23645320197044334,
          "sign_convention_note": "\u03c9 shares sign with a for r>0; indicates dragged rotation direction."
        },
        "kerr_functions": {
          "A": 6.34375,
          "Delta": -0.5,
          "Sigma": 2.3125
        },
        "lapse": {
          "alpha": null,
          "alpha_formula": "\u03b1 = sqrt(\u0394 \u03a3 / A)",
          "note": "In BL slicing \u03b1\u21920 as r\u2192r_+ (outer horizon) for |a|<=M."
        },
        "metric_components_subset": {
          "g_phiphi": 2.057432432432432,
          "g_tphi": -0.4864864864864864,
          "g_tt": 0.29729729729729737,
          "interpretation": "ergosurface at g_tt=0; frame dragging from g_tphi\u22600"
        },
        "surfaces": {
          "inner_horizon_r_minus": 0.1339745962155614,
          "outer_ergosurface_r_erg": 1.9682458365518543,
          "outer_horizon_r_plus": 1.8660254037844386
        }
      }
    },
    {
      "causal_structure": {
        "key_point": "Rotation splits 'horizon' (\u0394=0) from 'static limit' (g_tt=0). Inside ergoregion (g_tt>0), no static observers exist.",
        "radial_null_cone_dr_dt": null,
        "region": {
          "Delta": -0.5,
          "between_horizons": true,
          "bh_kind": "subextremal (|a|<M)",
          "g_tt": 0.33333333333333326,
          "in_ergoregion_gtt_positive": true,
          "inner_horizon_r_minus": 0.1339745962155614,
          "inside_outer_horizon": true,
          "notes": {
            "ergosurface_condition": "g_tt(r,\u03b8)=0; outer ergosurface at r=r_erg(\u03b8)",
            "horizon_condition": "\u0394(r)=0 (BL coordinates); outer horizon at r=r_+ if |a|<=M",
            "static_observers": "require g_tt<0; impossible in ergoregion where g_tt>0"
          },
          "outer_ergosurface_r_erg": 2.0,
          "outer_horizon_r_plus": 1.8660254037844386
        }
      },
      "coordinates": {
        "phi": null,
        "r": 1.5,
        "t": null,
        "theta_deg": 90.0
      },
      "curvature_invariants": {
        "kretschmann": 4.2139917695473255,
        "note": "Kretschmann is scalar invariant; sigma is included as Kerr shorthand (not invariant).",
        "ricci_scalar": 0.0,
        "sigma": 2.25
      },
      "local_observables": {
        "frame_dragging": {
          "omega_formula": "\u03c9 = -g_t\u03c6/g_\u03c6\u03c6 = 2Mar / A",
          "omega_zamo": 0.23529411764705882,
          "sign_convention_note": "\u03c9 shares sign with a for r>0; indicates dragged rotation direction."
        },
        "kerr_functions": {
          "A": 6.375,
          "Delta": -0.5,
          "Sigma": 2.25
        },
        "lapse": {
          "alpha": null,
          "alpha_formula": "\u03b1 = sqrt(\u0394 \u03a3 / A)",
          "note": "In BL slicing \u03b1\u21920 as r\u2192r_+ (outer horizon) for |a|<=M."
        },
        "metric_components_subset": {
          "g_phiphi": 2.8333333333333335,
          "g_tphi": -0.6666666666666666,
          "g_tt": 0.33333333333333326,
          "interpretation": "ergosurface at g_tt=0; frame dragging from g_tphi\u22600"
        },
        "surfaces": {
          "inner_horizon_r_minus": 0.1339745962155614,
          "outer_ergosurface_r_erg": 2.0,
          "outer_horizon_r_plus": 1.8660254037844386
        }
      }
    },
    {
      "causal_structure": {
        "key_point": "Rotation splits 'horizon' (\u0394=0) from 'static limit' (g_tt=0). Inside ergoregion (g_tt>0), no static observers exist.",
        "radial_null_cone_dr_dt": null,
        "region": {
          "Delta": 0.25,
          "between_horizons": false,
          "bh_kind": "subextremal (|a|<M)",
          "g_tt": -0.05882352941176472,
          "in_ergoregion_gtt_positive": false,
          "inner_horizon_r_minus": 0.1339745962155614,
          "inside_outer_horizon": false,
          "notes": {
            "ergosurface_condition": "g_tt(r,\u03b8)=0; outer ergosurface at r=r_erg(\u03b8)",
            "horizon_condition": "\u0394(r)=0 (BL coordinates); outer horizon at r=r_+ if |a|<=M",
            "static_observers": "require g_tt<0; impossible in ergoregion where g_tt>0"
          },
          "outer_ergosurface_r_erg": 1.8660254037844386,
          "outer_horizon_r_plus": 1.8660254037844386
        }
      },
      "coordinates": {
        "phi": null,
        "r": 2.0,
        "t": null,
        "theta_deg": 0.0
      },
      "curvature_invariants": {
        "kretschmann": 0.0629988877504607,
        "note": "Kretschmann is scalar invariant; sigma is included as Kerr shorthand (not invariant).",
        "ricci_scalar": 0.0,
        "sigma": 4.25
      },
      "local_observables": {
        "frame_dragging": {
          "omega_formula": "\u03c9 = -g_t\u03c6/g_\u03c6\u03c6 = 2Mar / A",
          "omega_zamo": 0.11072664359861592,
          "sign_convention_note": "\u03c9 shares sign with a for r>0; indicates dragged rotation direction."
        },
        "kerr_functions": {
          "A": 18.0625,
          "Delta": 0.25,
          "Sigma": 4.25
        },
        "lapse": {
          "alpha": 0.24253562503633297,
          "alpha_formula": "\u03b1 = sqrt(\u0394 \u03a3 / A)",
          "note": "In BL slicing \u03b1\u21920 as r\u2192r_+ (outer horizon) for |a|<=M."
        },
        "metric_components_subset": {
          "g_phiphi": 0.0,
          "g_tphi": -0.0,
          "g_tt": -0.05882352941176472,
          "interpretation": "ergosurface at g_tt=0; frame dragging from g_tphi\u22600"
        },
        "surfaces": {
          "inner_horizon_r_minus": 0.1339745962155614,
          "outer_ergosurface_r_erg": 1.8660254037844386,
          "outer_horizon_r_plus": 1.8660254037844386
        }
      }
    },
    {
      "causal_structure": {
        "key_point": "Rotation splits 'horizon' (\u0394=0) from 'static limit' (g_tt=0). Inside ergoregion (g_tt>0), no static observers exist.",
        "radial_null_cone_dr_dt": null,
        "region": {
          "Delta": 0.25,
          "between_horizons": false,
          "bh_kind": "subextremal (|a|<M)",
          "g_tt": -0.04477611940298509,
          "in_ergoregion_gtt_positive": false,
          "inner_horizon_r_minus": 0.1339745962155614,
          "inside_outer_horizon": false,
          "notes": {
            "ergosurface_condition": "g_tt(r,\u03b8)=0; outer ergosurface at r=r_erg(\u03b8)",
            "horizon_condition": "\u0394(r)=0 (BL coordinates); outer horizon at r=r_+ if |a|<=M",
            "static_observers": "require g_tt<0; impossible in ergoregion where g_tt>0"
          },
          "outer_ergosurface_r_erg": 1.9013878188659974,
          "outer_horizon_r_plus": 1.8660254037844386
        }
      },
      "coordinates": {
        "phi": null,
        "r": 2.0,
        "t": null,
        "theta_deg": 30.0
      },
      "curvature_invariants": {
        "kretschmann": 0.18786767227663168,
        "note": "Kretschmann is scalar invariant; sigma is included as Kerr shorthand (not invariant).",
        "ricci_scalar": 0.0,
        "sigma": 4.1875
      },
      "local_observables": {
        "frame_dragging": {
          "omega_formula": "\u03c9 = -g_t\u03c6/g_\u03c6\u03c6 = 2Mar / A",
          "omega_zamo": 0.11082251082251082,
          "sign_convention_note": "\u03c9 shares sign with a for r>0; indicates dragged rotation direction."
        },
        "kerr_functions": {
          "A": 18.046875,
          "Delta": 0.25,
          "Sigma": 4.1875
        },
        "lapse": {
          "alpha": 0.24084986611716855,
          "alpha_formula": "\u03b1 = sqrt(\u0394 \u03a3 / A)",
          "note": "In BL slicing \u03b1\u21920 as r\u2192r_+ (outer horizon) for |a|<=M."
        },
        "metric_components_subset": {
          "g_phiphi": 1.0774253731343282,
          "g_tphi": -0.11940298507462684,
          "g_tt": -0.04477611940298509,
          "interpretation": "ergosurface at g_tt=0; frame dragging from g_tphi\u22600"
        },
        "surfaces": {
          "inner_horizon_r_minus": 0.1339745962155614,
          "outer_ergosurface_r_erg": 1.9013878188659974,
          "outer_horizon_r_plus": 1.8660254037844386
        }
      }
    },
    {
      "causal_structure": {
        "key_point": "Rotation splits 'horizon' (\u0394=0) from 'static limit' (g_tt=0). Inside ergoregion (g_tt>0), no static observers exist.",
        "radial_null_cone_dr_dt": null,
        "region": {
          "Delta": 0.25,
          "between_horizons": false,
          "bh_kind": "subextremal (|a|<M)",
          "g_tt": -0.01538461538461533,
          "in_ergoregion_gtt_positive": false,
          "inner_horizon_r_minus": 0.1339745962155614,
          "inside_outer_horizon": false,
          "notes": {
            "ergosurface_condition": "g_tt(r,\u03b8)=0; outer ergosurface at r=r_erg(\u03b8)",
            "horizon_condition": "\u0394(r)=0 (BL coordinates); outer horizon at r=r_+ if |a|<=M",
            "static_observers": "require g_tt<0; impossible in ergoregion where g_tt>0"
          },
          "outer_ergosurface_r_erg": 1.9682458365518543,
          "outer_horizon_r_plus": 1.8660254037844386
        }
      },
      "coordinates": {
        "phi": null,
        "r": 2.0,
        "t": null,
        "theta_deg": 60.0
      },
      "curvature_invariants": {
        "kretschmann": 0.5257112478774278,
        "note": "Kretschmann is scalar invariant; sigma is included as Kerr shorthand (not invariant).",
        "ricci_scalar": 0.0,
        "sigma": 4.0625
      },
      "local_observables": {
        "frame_dragging": {
          "omega_formula": "\u03c9 = -g_t\u03c6/g_\u03c6\u03c6 = 2Mar / A",
          "omega_zamo": 0.11101474414570685,
          "sign_convention_note": "\u03c9 shares sign with a for r>0; indicates dragged rotation direction."
        },
        "kerr_functions": {
          "A": 18.015625,
          "Delta": 0.25,
          "Sigma": 4.0625
        },
        "lapse": {
          "alpha": 0.23743351650828862,
          "alpha_formula": "\u03b1 = sqrt(\u0394 \u03a3 / A)",
          "note": "In BL slicing \u03b1\u21920 as r\u2192r_+ (outer horizon) for |a|<=M."
        },
        "metric_components_subset": {
          "g_phiphi": 3.325961538461538,
          "g_tphi": -0.3692307692307692,
          "g_tt": -0.01538461538461533,
          "interpretation": "ergosurface at g_tt=0; frame dragging from g_tphi\u22600"
        },
        "surfaces": {
          "inner_horizon_r_minus": 0.1339745962155614,
          "outer_ergosurface_r_erg": 1.9682458365518543,
          "outer_horizon_r_plus": 1.8660254037844386
        }
      }
    },
    {
      "causal_structure": {
        "key_point": "Rotation splits 'horizon' (\u0394=0) from 'static limit' (g_tt=0). Inside ergoregion (g_tt>0), no static observers exist.",
        "radial_null_cone_dr_dt": null,
        "region": {
          "Delta": 0.25,
          "between_horizons": false,
          "bh_kind": "subextremal (|a|<M)",
          "g_tt": -0.0,
          "in_ergoregion_gtt_positive": false,
          "inner_horizon_r_minus": 0.1339745962155614,
          "inside_outer_horizon": false,
          "notes": {
            "ergosurface_condition": "g_tt(r,\u03b8)=0; outer ergosurface at r=r_erg(\u03b8)",
            "horizon_condition": "\u0394(r)=0 (BL coordinates); outer horizon at r=r_+ if |a|<=M",
            "static_observers": "require g_tt<0; impossible in ergoregion where g_tt>0"
          },
          "outer_ergosurface_r_erg": 2.0,
          "outer_horizon_r_plus": 1.8660254037844386
        }
      },
      "coordinates": {
        "phi": null,
        "r": 2.0,
        "t": null,
        "theta_deg": 90.0
      },
      "curvature_invariants": {
        "kretschmann": 0.75,
        "note": "Kretschmann is scalar invariant; sigma is included as Kerr shorthand (not invariant).",
        "ricci_scalar": 0.0,
        "sigma": 4.0
      },
      "local_observables": {
        "frame_dragging": {
          "omega_formula": "\u03c9 = -g_t\u03c6/g_\u03c6\u03c6 = 2Mar / A",
          "omega_zamo": 0.1111111111111111,
          "sign_convention_note": "\u03c9 shares sign with a for r>0; indicates dragged rotation direction."
        },
        "kerr_functions": {
          "A": 18.0,
          "Delta": 0.25,
          "Sigma": 4.0
        },
        "lapse": {
          "alpha": 0.23570226039551584,
          "alpha_formula": "\u03b1 = sqrt(\u0394 \u03a3 / A)",
          "note": "In BL slicing \u03b1\u21920 as r\u2192r_+ (outer horizon) for |a|<=M."
        },
        "metric_components_subset": {
          "g_phiphi": 4.5,
          "g_tphi": -0.5,
          "g_tt": -0.0,
          "interpretation": "ergosurface at g_tt=0; frame dragging from g_tphi\u22600"
        },
        "surfaces": {
          "inner_horizon_r_minus": 0.1339745962155614,
          "outer_ergosurface_r_erg": 2.0,
          "outer_horizon_r_plus": 1.8660254037844386
        }
      }
    },
    {
      "causal_structure": {
        "key_point": "Rotation splits 'horizon' (\u0394=0) from 'static limit' (g_tt=0). Inside ergoregion (g_tt>0), no static observers exist.",
        "radial_null_cone_dr_dt": null,
        "region": {
          "Delta": 1.5,
          "between_horizons": false,
          "bh_kind": "subextremal (|a|<M)",
          "g_tt": -0.23076923076923073,
          "in_ergoregion_gtt_positive": false,
          "inner_horizon_r_minus": 0.1339745962155614,
          "inside_outer_horizon": false,
          "notes": {
            "ergosurface_condition": "g_tt(r,\u03b8)=0; outer ergosurface at r=r_erg(\u03b8)",
            "horizon_condition": "\u0394(r)=0 (BL coordinates); outer horizon at r=r_+ if |a|<=M",
            "static_observers": "require g_tt<0; impossible in ergoregion where g_tt>0"
          },
          "outer_ergosurface_r_erg": 1.8660254037844386,
          "outer_horizon_r_plus": 1.8660254037844386
        }
      },
      "coordinates": {
        "phi": null,
        "r": 2.5,
        "t": null,
        "theta_deg": 0.0
      },
      "curvature_invariants": {
        "kretschmann": 0.06587209065036549,
        "note": "Kretschmann is scalar invariant; sigma is included as Kerr shorthand (not invariant).",
        "ricci_scalar": 0.0,
        "sigma": 6.5
      },
      "local_observables": {
        "frame_dragging": {
          "omega_formula": "\u03c9 = -g_t\u03c6/g_\u03c6\u03c6 = 2Mar / A",
          "omega_zamo": 0.05917159763313609,
          "sign_convention_note": "\u03c9 shares sign with a for r>0; indicates dragged rotation direction."
        },
        "kerr_functions": {
          "A": 42.25,
          "Delta": 1.5,
          "Sigma": 6.5
        },
        "lapse": {
          "alpha": 0.4803844614152614,
          "alpha_formula": "\u03b1 = sqrt(\u0394 \u03a3 / A)",
          "note": "In BL slicing \u03b1\u21920 as r\u2192r_+ (outer horizon) for |a|<=M."
        },
        "metric_components_subset": {
          "g_phiphi": 0.0,
          "g_tphi": -0.0,
          "g_tt": -0.23076923076923073,
          "interpretation": "ergosurface at g_tt=0; frame dragging from g_tphi\u22600"
        },
        "surfaces": {
          "inner_horizon_r_minus": 0.1339745962155614,
          "outer_ergosurface_r_erg": 1.8660254037844386,
          "outer_horizon_r_plus": 1.8660254037844386
        }
      }
    },
    {
      "causal_structure": {
        "key_point": "Rotation splits 'horizon' (\u0394=0) from 'static limit' (g_tt=0). Inside ergoregion (g_tt>0), no static observers exist.",
        "radial_null_cone_dr_dt": null,
        "region": {
          "Delta": 1.5,
          "between_horizons": false,
          "bh_kind": "subextremal (|a|<M)",
          "g_tt": -0.22330097087378642,
          "in_ergoregion_gtt_positive": false,
          "inner_horizon_r_minus": 0.1339745962155614,
          "inside_outer_horizon": false,
          "notes": {
            "ergosurface_condition": "g_tt(r,\u03b8)=0; outer ergosurface at r=r_erg(\u03b8)",
            "horizon_condition": "\u0394(r)=0 (BL coordinates); outer horizon at r=r_+ if |a|<=M",
            "static_observers": "require g_tt<0; impossible in ergoregion where g_tt>0"
          },
          "outer_ergosurface_r_erg": 1.9013878188659974,
          "outer_horizon_r_plus": 1.8660254037844386
        }
      },
      "coordinates": {
        "phi": null,
        "r": 2.5,
        "t": null,
        "theta_deg": 30.0
      },
      "curvature_invariants": {
        "kretschmann": 0.09277926930506883,
        "note": "Kretschmann is scalar invariant; sigma is included as Kerr shorthand (not invariant).",
        "ricci_scalar": 0.0,
        "sigma": 6.4375
      },
      "local_observables": {
        "frame_dragging": {
          "omega_formula": "\u03c9 = -g_t\u03c6/g_\u03c6\u03c6 = 2Mar / A",
          "omega_zamo": 0.05930318754633061,
          "sign_convention_note": "\u03c9 shares sign with a for r>0; indicates dragged rotation direction."
        },
        "kerr_functions": {
          "A": 42.15625,
          "Delta": 1.5,
          "Sigma": 6.4375
        },
        "lapse": {
          "alpha": 0.47860062881039134,
          "alpha_formula": "\u03b1 = sqrt(\u0394 \u03a3 / A)",
          "note": "In BL slicing \u03b1\u21920 as r\u2192r_+ (outer horizon) for |a|<=M."
        },
        "metric_components_subset": {
          "g_phiphi": 1.6371359223300967,
          "g_tphi": -0.09708737864077668,
          "g_tt": -0.22330097087378642,
          "interpretation": "ergosurface at g_tt=0; frame dragging from g_tphi\u22600"
        },
        "surfaces": {
          "inner_horizon_r_minus": 0.1339745962155614,
          "outer_ergosurface_r_erg": 1.9013878188659974,
          "outer_horizon_r_plus": 1.8660254037844386
        }
      }
    },
    {
      "causal_structure": {
        "key_point": "Rotation splits 'horizon' (\u0394=0) from 'static limit' (g_tt=0). Inside ergoregion (g_tt>0), no static observers exist.",
        "radial_null_cone_dr_dt": null,
        "region": {
          "Delta": 1.5,
          "between_horizons": false,
          "bh_kind": "subextremal (|a|<M)",
          "g_tt": -0.20792079207920788,
          "in_ergoregion_gtt_positive": false,
          "inner_horizon_r_minus": 0.1339745962155614,
          "inside_outer_horizon": false,
          "notes": {
            "ergosurface_condition": "g_tt(r,\u03b8)=0; outer ergosurface at r=r_erg(\u03b8)",
            "horizon_condition": "\u0394(r)=0 (BL coordinates); outer horizon at r=r_+ if |a|<=M",
            "static_observers": "require g_tt<0; impossible in ergoregion where g_tt>0"
          },
          "outer_ergosurface_r_erg": 1.9682458365518543,
          "outer_horizon_r_plus": 1.8660254037844386
        }
      },
      "coordinates": {
        "phi": null,
        "r": 2.5,
        "t": null,
        "theta_deg": 60.0
      },
      "curvature_invariants": {
        "kretschmann": 0.1577092204017199,
        "note": "Kretschmann is scalar invariant; sigma is included as Kerr shorthand (not invariant).",
        "ricci_scalar": 0.0,
        "sigma": 6.3125
      },
      "local_observables": {
        "frame_dragging": {
          "omega_formula": "\u03c9 = -g_t\u03c6/g_\u03c6\u03c6 = 2Mar / A",
          "omega_zamo": 0.05956813104988831,
          "sign_convention_note": "\u03c9 shares sign with a for r>0; indicates dragged rotation direction."
        },
        "kerr_functions": {
          "A": 41.96875,
          "Delta": 1.5,
          "Sigma": 6.3125
        },
        "lapse": {
          "alpha": 0.4749887328678986,
          "alpha_formula": "\u03b1 = sqrt(\u0394 \u03a3 / A)",
          "note": "In BL slicing \u03b1\u21920 as r\u2192r_+ (outer horizon) for |a|<=M."
        },
        "metric_components_subset": {
          "g_phiphi": 4.986386138613861,
          "g_tphi": -0.297029702970297,
          "g_tt": -0.20792079207920788,
          "interpretation": "ergosurface at g_tt=0; frame dragging from g_tphi\u22600"
        },
        "surfaces": {
          "inner_horizon_r_minus": 0.1339745962155614,
          "outer_ergosurface_r_erg": 1.9682458365518543,
          "outer_horizon_r_plus": 1.8660254037844386
        }
      }
    },
    {
      "causal_structure": {
        "key_point": "Rotation splits 'horizon' (\u0394=0) from 'static limit' (g_tt=0). Inside ergoregion (g_tt>0), no static observers exist.",
        "radial_null_cone_dr_dt": null,
        "region": {
          "Delta": 1.5,
          "between_horizons": false,
          "bh_kind": "subextremal (|a|<M)",
          "g_tt": -0.19999999999999996,
          "in_ergoregion_gtt_positive": false,
          "inner_horizon_r_minus": 0.1339745962155614,
          "inside_outer_horizon": false,
          "notes": {
            "ergosurface_condition": "g_tt(r,\u03b8)=0; outer ergosurface at r=r_erg(\u03b8)",
            "horizon_condition": "\u0394(r)=0 (BL coordinates); outer horizon at r=r_+ if |a|<=M",
            "static_observers": "require g_tt<0; impossible in ergoregion where g_tt>0"
          },
          "outer_ergosurface_r_erg": 2.0,
          "outer_horizon_r_plus": 1.8660254037844386
        }
      },
      "coordinates": {
        "phi": null,
        "r": 2.5,
        "t": null,
        "theta_deg": 90.0
      },
      "curvature_invariants": {
        "kretschmann": 0.196608,
        "note": "Kretschmann is scalar invariant; sigma is included as Kerr shorthand (not invariant).",
        "ricci_scalar": 0.0,
        "sigma": 6.25
      },
      "local_observables": {
        "frame_dragging": {
          "omega_formula": "\u03c9 = -g_t\u03c6/g_\u03c6\u03c6 = 2Mar / A",
          "omega_zamo": 0.05970149253731343,
          "sign_convention_note": "\u03c9 shares sign with a for r>0; indicates dragged rotation direction."
        },
        "kerr_functions": {
          "A": 41.875,
          "Delta": 1.5,
          "Sigma": 6.25
        },
        "lapse": {
          "alpha": 0.47316022340738384,
          "alpha_formula": "\u03b1 = sqrt(\u0394 \u03a3 / A)",
          "note": "In BL slicing \u03b1\u21920 as r\u2192r_+ (outer horizon) for |a|<=M."
        },
        "metric_components_subset": {
          "g_phiphi": 6.7,
          "g_tphi": -0.4,
          "g_tt": -0.19999999999999996,
          "interpretation": "ergosurface at g_tt=0; frame dragging from g_tphi\u22600"
        },
        "surfaces": {
          "inner_horizon_r_minus": 0.1339745962155614,
          "outer_ergosurface_r_erg": 2.0,
          "outer_horizon_r_plus": 1.8660254037844386
        }
      }
    },
    {
      "causal_structure": {
        "key_point": "Rotation splits 'horizon' (\u0394=0) from 'static limit' (g_tt=0). Inside ergoregion (g_tt>0), no static observers exist.",
        "radial_null_cone_dr_dt": null,
        "region": {
          "Delta": 3.25,
          "between_horizons": false,
          "bh_kind": "subextremal (|a|<M)",
          "g_tt": -0.3513513513513513,
          "in_ergoregion_gtt_positive": false,
          "inner_horizon_r_minus": 0.1339745962155614,
          "inside_outer_horizon": false,
          "notes": {
            "ergosurface_condition": "g_tt(r,\u03b8)=0; outer ergosurface at r=r_erg(\u03b8)",
            "horizon_condition": "\u0394(r)=0 (BL coordinates); outer horizon at r=r_+ if |a|<=M",
            "static_observers": "require g_tt<0; impossible in ergoregion where g_tt>0"
          },
          "outer_ergosurface_r_erg": 1.8660254037844386,
          "outer_horizon_r_plus": 1.8660254037844386
        }
      },
      "coordinates": {
        "phi": null,
        "r": 3.0,
        "t": null,
        "theta_deg": 0.0
      },
      "curvature_invariants": {
        "kretschmann": 0.0332316648029638,
        "note": "Kretschmann is scalar invariant; sigma is included as Kerr shorthand (not invariant).",
        "ricci_scalar": 0.0,
        "sigma": 9.25
      },
      "local_observables": {
        "frame_dragging": {
          "omega_formula": "\u03c9 = -g_t\u03c6/g_\u03c6\u03c6 = 2Mar / A",
          "omega_zamo": 0.03506208911614317,
          "sign_convention_note": "\u03c9 shares sign with a for r>0; indicates dragged rotation direction."
        },
        "kerr_functions": {
          "A": 85.5625,
          "Delta": 3.25,
          "Sigma": 9.25
        },
        "lapse": {
          "alpha": 0.5927489783638191,
          "alpha_formula": "\u03b1 = sqrt(\u0394 \u03a3 / A)",
          "note": "In BL slicing \u03b1\u21920 as r\u2192r_+ (outer horizon) for |a|<=M."
        },
        "metric_components_subset": {
          "g_phiphi": 0.0,
          "g_tphi": -0.0,
          "g_tt": -0.3513513513513513,
          "interpretation": "ergosurface at g_tt=0; frame dragging from g_tphi\u22600"
        },
        "surfaces": {
          "inner_horizon_r_minus": 0.1339745962155614,
          "outer_ergosurface_r_erg": 1.8660254037844386,
          "outer_horizon_r_plus": 1.8660254037844386
        }
      }
    },
    {
      "causal_structure": {
        "key_point": "Rotation splits 'horizon' (\u0394=0) from 'static limit' (g_tt=0). Inside ergoregion (g_tt>0), no static observers exist.",
        "radial_null_cone_dr_dt": null,
        "region": {
          "Delta": 3.25,
          "between_horizons": false,
          "bh_kind": "subextremal (|a|<M)",
          "g_tt": -0.34693877551020413,
          "in_ergoregion_gtt_positive": false,
          "inner_horizon_r_minus": 0.1339745962155614,
          "inside_outer_horizon": false,
          "notes": {
            "ergosurface_condition": "g_tt(r,\u03b8)=0; outer ergosurface at r=r_erg(\u03b8)",
            "horizon_condition": "\u0394(r)=0 (BL coordinates); outer horizon at r=r_+ if |a|<=M",
            "static_observers": "require g_tt<0; impossible in ergoregion where g_tt>0"
          },
          "outer_ergosurface_r_erg": 1.9013878188659974,
          "outer_horizon_r_plus": 1.8660254037844386
        }
      },
      "coordinates": {
        "phi": null,
        "r": 3.0,
        "t": null,
        "theta_deg": 30.0
      },
      "curvature_invariants": {
        "kretschmann": 0.04037801673401042,
        "note": "Kretschmann is scalar invariant; sigma is included as Kerr shorthand (not invariant).",
        "ricci_scalar": 0.0,
        "sigma": 9.1875
      },
      "local_observables": {
        "frame_dragging": {
          "omega_formula": "\u03c9 = -g_t\u03c6/g_\u03c6\u03c6 = 2Mar / A",
          "omega_zamo": 0.03514552443712246,
          "sign_convention_note": "\u03c9 shares sign with a for r>0; indicates dragged rotation direction."
        },
        "kerr_functions": {
          "A": 85.359375,
          "Delta": 3.25,
          "Sigma": 9.1875
        },
        "lapse": {
          "alpha": 0.5914455155914486,
          "alpha_formula": "\u03b1 = sqrt(\u0394 \u03a3 / A)",
          "note": "In BL slicing \u03b1\u21920 as r\u2192r_+ (outer horizon) for |a|<=M."
        },
        "metric_components_subset": {
          "g_phiphi": 2.3227040816326525,
          "g_tphi": -0.08163265306122447,
          "g_tt": -0.34693877551020413,
          "interpretation": "ergosurface at g_tt=0; frame dragging from g_tphi\u22600"
        },
        "surfaces": {
          "inner_horizon_r_minus": 0.1339745962155614,
          "outer_ergosurface_r_erg": 1.9013878188659974,
          "outer_horizon_r_plus": 1.8660254037844386
        }
      }
    },
    {
      "causal_structure": {
        "key_point": "Rotation splits 'horizon' (\u0394=0) from 'static limit' (g_tt=0). Inside ergoregion (g_tt>0), no static observers exist.",
        "radial_null_cone_dr_dt": null,
        "region": {
          "Delta": 3.25,
          "between_horizons": false,
          "bh_kind": "subextremal (|a|<M)",
          "g_tt": -0.33793103448275863,
          "in_ergoregion_gtt_positive": false,
          "inner_horizon_r_minus": 0.1339745962155614,
          "inside_outer_horizon": false,
          "notes": {
            "ergosurface_condition": "g_tt(r,\u03b8)=0; outer ergosurface at r=r_erg(\u03b8)",
            "horizon_condition": "\u0394(r)=0 (BL coordinates); outer horizon at r=r_+ if |a|<=M",
            "static_observers": "require g_tt<0; impossible in ergoregion where g_tt>0"
          },
          "outer_ergosurface_r_erg": 1.9682458365518543,
          "outer_horizon_r_plus": 1.8660254037844386
        }
      },
      "coordinates": {
        "phi": null,
        "r": 3.0,
        "t": null,
        "theta_deg": 60.0
      },
      "curvature_invariants": {
        "kretschmann": 0.056631524479074685,
        "note": "Kretschmann is scalar invariant; sigma is included as Kerr shorthand (not invariant).",
        "ricci_scalar": 0.0,
        "sigma": 9.0625
      },
      "local_observables": {
        "frame_dragging": {
          "omega_formula": "\u03c9 = -g_t\u03c6/g_\u03c6\u03c6 = 2Mar / A",
          "omega_zamo": 0.03531359205444179,
          "sign_convention_note": "\u03c9 shares sign with a for r>0; indicates dragged rotation direction."
        },
        "kerr_functions": {
          "A": 84.953125,
          "Delta": 3.25,
          "Sigma": 9.0625
        },
        "lapse": {
          "alpha": 0.5888111301536572,
          "alpha_formula": "\u03b1 = sqrt(\u0394 \u03a3 / A)",
          "note": "In BL slicing \u03b1\u21920 as r\u2192r_+ (outer horizon) for |a|<=M."
        },
        "metric_components_subset": {
          "g_phiphi": 7.030603448275861,
          "g_tphi": -0.24827586206896546,
          "g_tt": -0.33793103448275863,
          "interpretation": "ergosurface at g_tt=0; frame dragging from g_tphi\u22600"
        },
        "surfaces": {
          "inner_horizon_r_minus": 0.1339745962155614,
          "outer_ergosurface_r_erg": 1.9682458365518543,
          "outer_horizon_r_plus": 1.8660254037844386
        }
      }
    },
    {
      "causal_structure": {
        "key_point": "Rotation splits 'horizon' (\u0394=0) from 'static limit' (g_tt=0). Inside ergoregion (g_tt>0), no static observers exist.",
        "radial_null_cone_dr_dt": null,
        "region": {
          "Delta": 3.25,
          "between_horizons": false,
          "bh_kind": "subextremal (|a|<M)",
          "g_tt": -0.33333333333333337,
          "in_ergoregion_gtt_positive": false,
          "inner_horizon_r_minus": 0.1339745962155614,
          "inside_outer_horizon": false,
          "notes": {
            "ergosurface_condition": "g_tt(r,\u03b8)=0; outer ergosurface at r=r_erg(\u03b8)",
            "horizon_condition": "\u0394(r)=0 (BL coordinates); outer horizon at r=r_+ if |a|<=M",
            "static_observers": "require g_tt<0; impossible in ergoregion where g_tt>0"
          },
          "outer_ergosurface_r_erg": 2.0,
          "outer_horizon_r_plus": 1.8660254037844386
        }
      },
      "coordinates": {
        "phi": null,
        "r": 3.0,
        "t": null,
        "theta_deg": 90.0
      },
      "curvature_invariants": {
        "kretschmann": 0.06584362139917696,
        "note": "Kretschmann is scalar invariant; sigma is included as Kerr shorthand (not invariant).",
        "ricci_scalar": 0.0,
        "sigma": 9.0
      },
      "local_observables": {
        "frame_dragging": {
          "omega_formula": "\u03c9 = -g_t\u03c6/g_\u03c6\u03c6 = 2Mar / A",
          "omega_zamo": 0.035398230088495575,
          "sign_convention_note": "\u03c9 shares sign with a for r>0; indicates dragged rotation direction."
        },
        "kerr_functions": {
          "A": 84.75,
          "Delta": 3.25,
          "Sigma": 9.0
        },
        "lapse": {
          "alpha": 0.5874799940107168,
          "alpha_formula": "\u03b1 = sqrt(\u0394 \u03a3 / A)",
          "note": "In BL slicing \u03b1\u21920 as r\u2192r_+ (outer horizon) for |a|<=M."
        },
        "metric_components_subset": {
          "g_phiphi": 9.416666666666666,
          "g_tphi": -0.3333333333333333,
          "g_tt": -0.33333333333333337,
          "interpretation": "ergosurface at g_tt=0; frame dragging from g_tphi\u22600"
        },
        "surfaces": {
          "inner_horizon_r_minus": 0.1339745962155614,
          "outer_ergosurface_r_erg": 2.0,
          "outer_horizon_r_plus": 1.8660254037844386
        }
      }
    },
    {
      "causal_structure": {
        "key_point": "Rotation splits 'horizon' (\u0394=0) from 'static limit' (g_tt=0). Inside ergoregion (g_tt>0), no static observers exist.",
        "radial_null_cone_dr_dt": null,
        "region": {
          "Delta": 8.25,
          "between_horizons": false,
          "bh_kind": "subextremal (|a|<M)",
          "g_tt": -0.5076923076923077,
          "in_ergoregion_gtt_positive": false,
          "inner_horizon_r_minus": 0.1339745962155614,
          "inside_outer_horizon": false,
          "notes": {
            "ergosurface_condition": "g_tt(r,\u03b8)=0; outer ergosurface at r=r_erg(\u03b8)",
            "horizon_condition": "\u0394(r)=0 (BL coordinates); outer horizon at r=r_+ if |a|<=M",
            "static_observers": "require g_tt<0; impossible in ergoregion where g_tt>0"
          },
          "outer_ergosurface_r_erg": 1.8660254037844386,
          "outer_horizon_r_plus": 1.8660254037844386
        }
      },
      "coordinates": {
        "phi": null,
        "r": 4.0,
        "t": null,
        "theta_deg": 0.0
      },
      "curvature_invariants": {
        "kretschmann": 0.008214238248084812,
        "note": "Kretschmann is scalar invariant; sigma is included as Kerr shorthand (not invariant).",
        "ricci_scalar": 0.0,
        "sigma": 16.25
      },
      "local_observables": {
        "frame_dragging": {
          "omega_formula": "\u03c9 = -g_t\u03c6/g_\u03c6\u03c6 = 2Mar / A",
          "omega_zamo": 0.01514792899408284,
          "sign_convention_note": "\u03c9 shares sign with a for r>0; indicates dragged rotation direction."
        },
        "kerr_functions": {
          "A": 264.0625,
          "Delta": 8.25,
          "Sigma": 16.25
        },
        "lapse": {
          "alpha": 0.7125253031944253,
          "alpha_formula": "\u03b1 = sqrt(\u0394 \u03a3 / A)",
          "note": "In BL slicing \u03b1\u21920 as r\u2192r_+ (outer horizon) for |a|<=M."
        },
        "metric_components_subset": {
          "g_phiphi": 0.0,
          "g_tphi": -0.0,
          "g_tt": -0.5076923076923077,
          "interpretation": "ergosurface at g_tt=0; frame dragging from g_tphi\u22600"
        },
        "surfaces": {
          "inner_horizon_r_minus": 0.1339745962155614,
          "outer_ergosurface_r_erg": 1.8660254037844386,
          "outer_horizon_r_plus": 1.8660254037844386
        }
      }
    },
    {
      "causal_structure": {
        "key_point": "Rotation splits 'horizon' (\u0394=0) from 'static limit' (g_tt=0). Inside ergoregion (g_tt>0), no static observers exist.",
        "radial_null_cone_dr_dt": null,
        "region": {
          "Delta": 8.25,
          "between_horizons": false,
          "bh_kind": "subextremal (|a|<M)",
          "g_tt": -0.5057915057915058,
          "in_ergoregion_gtt_positive": false,
          "inner_horizon_r_minus": 0.1339745962155614,
          "inside_outer_horizon": false,
          "notes": {
            "ergosurface_condition": "g_tt(r,\u03b8)=0; outer ergosurface at r=r_erg(\u03b8)",
            "horizon_condition": "\u0394(r)=0 (BL coordinates); outer horizon at r=r_+ if |a|<=M",
            "static_observers": "require g_tt<0; impossible in ergoregion where g_tt>0"
          },
          "outer_ergosurface_r_erg": 1.9013878188659974,
          "outer_horizon_r_plus": 1.8660254037844386
        }
      },
      "coordinates": {
        "phi": null,
        "r": 4.0,
        "t": null,
        "theta_deg": 30.0
      },
      "curvature_invariants": {
        "kretschmann": 0.0090291777228522,
        "note": "Kretschmann is scalar invariant; sigma is included as Kerr shorthand (not invariant).",
        "ricci_scalar": 0.0,
        "sigma": 16.1875
      },
      "local_observables": {
        "frame_dragging": {
          "omega_formula": "\u03c9 = -g_t\u03c6/g_\u03c6\u03c6 = 2Mar / A",
          "omega_zamo": 0.015177565660757692,
          "sign_convention_note": "\u03c9 shares sign with a for r>0; indicates dragged rotation direction."
        },
        "kerr_functions": {
          "A": 263.546875,
          "Delta": 8.25,
          "Sigma": 16.1875
        },
        "lapse": {
          "alpha": 0.7118490823379454,
          "alpha_formula": "\u03b1 = sqrt(\u0394 \u03a3 / A)",
          "note": "In BL slicing \u03b1\u21920 as r\u2192r_+ (outer horizon) for |a|<=M."
        },
        "metric_components_subset": {
          "g_phiphi": 4.070222007722007,
          "g_tphi": -0.061776061776061764,
          "g_tt": -0.5057915057915058,
          "interpretation": "ergosurface at g_tt=0; frame dragging from g_tphi\u22600"
        },
        "surfaces": {
          "inner_horizon_r_minus": 0.1339745962155614,
          "outer_ergosurface_r_erg": 1.9013878188659974,
          "outer_horizon_r_plus": 1.8660254037844386
        }
      }
    },
    {
      "causal_structure": {
        "key_point": "Rotation splits 'horizon' (\u0394=0) from 'static limit' (g_tt=0). Inside ergoregion (g_tt>0), no static observers exist.",
        "radial_null_cone_dr_dt": null,
        "region": {
          "Delta": 8.25,
          "between_horizons": false,
          "bh_kind": "subextremal (|a|<M)",
          "g_tt": -0.5019455252918288,
          "in_ergoregion_gtt_positive": false,
          "inner_horizon_r_minus": 0.1339745962155614,
          "inside_outer_horizon": false,
          "notes": {
            "ergosurface_condition": "g_tt(r,\u03b8)=0; outer ergosurface at r=r_erg(\u03b8)",
            "horizon_condition": "\u0394(r)=0 (BL coordinates); outer horizon at r=r_+ if |a|<=M",
            "static_observers": "require g_tt<0; impossible in ergoregion where g_tt>0"
          },
          "outer_ergosurface_r_erg": 1.9682458365518543,
          "outer_horizon_r_plus": 1.8660254037844386
        }
      },
      "coordinates": {
        "phi": null,
        "r": 4.0,
        "t": null,
        "theta_deg": 60.0
      },
      "curvature_invariants": {
        "kretschmann": 0.010779657621323888,
        "note": "Kretschmann is scalar invariant; sigma is included as Kerr shorthand (not invariant).",
        "ricci_scalar": 0.0,
        "sigma": 16.0625
      },
      "local_observables": {
        "frame_dragging": {
          "omega_formula": "\u03c9 = -g_t\u03c6/g_\u03c6\u03c6 = 2Mar / A",
          "omega_zamo": 0.015237188262603417,
          "sign_convention_note": "\u03c9 shares sign with a for r>0; indicates dragged rotation direction."
        },
        "kerr_functions": {
          "A": 262.515625,
          "Delta": 8.25,
          "Sigma": 16.0625
        },
        "lapse": {
          "alpha": 0.7104867215264399,
          "alpha_formula": "\u03b1 = sqrt(\u0394 \u03a3 / A)",
          "note": "In BL slicing \u03b1\u21920 as r\u2192r_+ (outer horizon) for |a|<=M."
        },
        "metric_components_subset": {
          "g_phiphi": 12.257538910505835,
          "g_tphi": -0.18677042801556418,
          "g_tt": -0.5019455252918288,
          "interpretation": "ergosurface at g_tt=0; frame dragging from g_tphi\u22600"
        },
        "surfaces": {
          "inner_horizon_r_minus": 0.1339745962155614,
          "outer_ergosurface_r_erg": 1.9682458365518543,
          "outer_horizon_r_plus": 1.8660254037844386
        }
      }
    },
    {
      "causal_structure": {
        "key_point": "Rotation splits 'horizon' (\u0394=0) from 'static limit' (g_tt=0). Inside ergoregion (g_tt>0), no static observers exist.",
        "radial_null_cone_dr_dt": null,
        "region": {
          "Delta": 8.25,
          "between_horizons": false,
          "bh_kind": "subextremal (|a|<M)",
          "g_tt": -0.5,
          "in_ergoregion_gtt_positive": false,
          "inner_horizon_r_minus": 0.1339745962155614,
          "inside_outer_horizon": false,
          "notes": {
            "ergosurface_condition": "g_tt(r,\u03b8)=0; outer ergosurface at r=r_erg(\u03b8)",
            "horizon_condition": "\u0394(r)=0 (BL coordinates); outer horizon at r=r_+ if |a|<=M",
            "static_observers": "require g_tt<0; impossible in ergoregion where g_tt>0"
          },
          "outer_ergosurface_r_erg": 2.0,
          "outer_horizon_r_plus": 1.8660254037844386
        }
      },
      "coordinates": {
        "phi": null,
        "r": 4.0,
        "t": null,
        "theta_deg": 90.0
      },
      "curvature_invariants": {
        "kretschmann": 0.01171875,
        "note": "Kretschmann is scalar invariant; sigma is included as Kerr shorthand (not invariant).",
        "ricci_scalar": 0.0,
        "sigma": 16.0
      },
      "local_observables": {
        "frame_dragging": {
          "omega_formula": "\u03c9 = -g_t\u03c6/g_\u03c6\u03c6 = 2Mar / A",
          "omega_zamo": 0.015267175572519083,
          "sign_convention_note": "\u03c9 shares sign with a for r>0; indicates dragged rotation direction."
        },
        "kerr_functions": {
          "A": 262.0,
          "Delta": 8.25,
          "Sigma": 16.0
        },
        "lapse": {
          "alpha": 0.7098005310600505,
          "alpha_formula": "\u03b1 = sqrt(\u0394 \u03a3 / A)",
          "note": "In BL slicing \u03b1\u21920 as r\u2192r_+ (outer horizon) for |a|<=M."
        },
        "metric_components_subset": {
          "g_phiphi": 16.375,
          "g_tphi": -0.25,
          "g_tt": -0.5,
          "interpretation": "ergosurface at g_tt=0; frame dragging from g_tphi\u22600"
        },
        "surfaces": {
          "inner_horizon_r_minus": 0.1339745962155614,
          "outer_ergosurface_r_erg": 2.0,
          "outer_horizon_r_plus": 1.8660254037844386
        }
      }
    },
    {
      "causal_structure": {
        "key_point": "Rotation splits 'horizon' (\u0394=0) from 'static limit' (g_tt=0). Inside ergoregion (g_tt>0), no static observers exist.",
        "radial_null_cone_dr_dt": null,
        "region": {
          "Delta": 24.25,
          "between_horizons": false,
          "bh_kind": "subextremal (|a|<M)",
          "g_tt": -0.6689655172413793,
          "in_ergoregion_gtt_positive": false,
          "inner_horizon_r_minus": 0.1339745962155614,
          "inside_outer_horizon": false,
          "notes": {
            "ergosurface_condition": "g_tt(r,\u03b8)=0; outer ergosurface at r=r_erg(\u03b8)",
            "horizon_condition": "\u0394(r)=0 (BL coordinates); outer horizon at r=r_+ if |a|<=M",
            "static_observers": "require g_tt<0; impossible in ergoregion where g_tt>0"
          },
          "outer_ergosurface_r_erg": 1.8660254037844386,
          "outer_horizon_r_plus": 1.8660254037844386
        }
      },
      "coordinates": {
        "phi": null,
        "r": 6.0,
        "t": null,
        "theta_deg": 0.0
      },
      "curvature_invariants": {
        "kretschmann": 0.000884867569985542,
        "note": "Kretschmann is scalar invariant; sigma is included as Kerr shorthand (not invariant).",
        "ricci_scalar": 0.0,
        "sigma": 36.25
      },
      "local_observables": {
        "frame_dragging": {
          "omega_formula": "\u03c9 = -g_t\u03c6/g_\u03c6\u03c6 = 2Mar / A",
          "omega_zamo": 0.0045659928656361475,
          "sign_convention_note": "\u03c9 shares sign with a for r>0; indicates dragged rotation direction."
        },
        "kerr_functions": {
          "A": 1314.0625,
          "Delta": 24.25,
          "Sigma": 36.25
        },
        "lapse": {
          "alpha": 0.8179031221614081,
          "alpha_formula": "\u03b1 = sqrt(\u0394 \u03a3 / A)",
          "note": "In BL slicing \u03b1\u21920 as r\u2192r_+ (outer horizon) for |a|<=M."
        },
        "metric_components_subset": {
          "g_phiphi": 0.0,
          "g_tphi": -0.0,
          "g_tt": -0.6689655172413793,
          "interpretation": "ergosurface at g_tt=0; frame dragging from g_tphi\u22600"
        },
        "surfaces": {
          "inner_horizon_r_minus": 0.1339745962155614,
          "outer_ergosurface_r_erg": 1.8660254037844386,
          "outer_horizon_r_plus": 1.8660254037844386
        }
      }
    },
    {
      "causal_structure": {
        "key_point": "Rotation splits 'horizon' (\u0394=0) from 'static limit' (g_tt=0). Inside ergoregion (g_tt>0), no static observers exist.",
        "radial_null_cone_dr_dt": null,
        "region": {
          "Delta": 24.25,
          "between_horizons": false,
          "bh_kind": "subextremal (|a|<M)",
          "g_tt": -0.6683937823834196,
          "in_ergoregion_gtt_positive": false,
          "inner_horizon_r_minus": 0.1339745962155614,
          "inside_outer_horizon": false,
          "notes": {
            "ergosurface_condition": "g_tt(r,\u03b8)=0; outer ergosurface at r=r_erg(\u03b8)",
            "horizon_condition": "\u0394(r)=0 (BL coordinates); outer horizon at r=r_+ if |a|<=M",
            "static_observers": "require g_tt<0; impossible in ergoregion where g_tt>0"
          },
          "outer_ergosurface_r_erg": 1.9013878188659974,
          "outer_horizon_r_plus": 1.8660254037844386
        }
      },
      "coordinates": {
        "phi": null,
        "r": 6.0,
        "t": null,
        "theta_deg": 30.0
      },
      "curvature_invariants": {
        "kretschmann": 0.0009197311015492047,
        "note": "Kretschmann is scalar invariant; sigma is included as Kerr shorthand (not invariant).",
        "ricci_scalar": 0.0,
        "sigma": 36.1875
      },
      "local_observables": {
        "frame_dragging": {
          "omega_formula": "\u03c9 = -g_t\u03c6/g_\u03c6\u03c6 = 2Mar / A",
          "omega_zamo": 0.0045712653119531444,
          "sign_convention_note": "\u03c9 shares sign with a for r>0; indicates dragged rotation direction."
        },
        "kerr_functions": {
          "A": 1312.546875,
          "Delta": 24.25,
          "Sigma": 36.1875
        },
        "lapse": {
          "alpha": 0.8176694105097714,
          "alpha_formula": "\u03b1 = sqrt(\u0394 \u03a3 / A)",
          "note": "In BL slicing \u03b1\u21920 as r\u2192r_+ (outer horizon) for |a|<=M."
        },
        "metric_components_subset": {
          "g_phiphi": 9.067681347150257,
          "g_tphi": -0.041450777202072527,
          "g_tt": -0.6683937823834196,
          "interpretation": "ergosurface at g_tt=0; frame dragging from g_tphi\u22600"
        },
        "surfaces": {
          "inner_horizon_r_minus": 0.1339745962155614,
          "outer_ergosurface_r_erg": 1.9013878188659974,
          "outer_horizon_r_plus": 1.8660254037844386
        }
      }
    },
    {
      "causal_structure": {
        "key_point": "Rotation splits 'horizon' (\u0394=0) from 'static limit' (g_tt=0). Inside ergoregion (g_tt>0), no static observers exist.",
        "radial_null_cone_dr_dt": null,
        "region": {
          "Delta": 24.25,
          "between_horizons": false,
          "bh_kind": "subextremal (|a|<M)",
          "g_tt": -0.6672443674176776,
          "in_ergoregion_gtt_positive": false,
          "inner_horizon_r_minus": 0.1339745962155614,
          "inside_outer_horizon": false,
          "notes": {
            "ergosurface_condition": "g_tt(r,\u03b8)=0; outer ergosurface at r=r_erg(\u03b8)",
            "horizon_condition": "\u0394(r)=0 (BL coordinates); outer horizon at r=r_+ if |a|<=M",
            "static_observers": "require g_tt<0; impossible in ergoregion where g_tt>0"
          },
          "outer_ergosurface_r_erg": 1.9682458365518543,
          "outer_horizon_r_plus": 1.8660254037844386
        }
      },
      "coordinates": {
        "phi": null,
        "r": 6.0,
        "t": null,
        "theta_deg": 60.0
      },
      "curvature_invariants": {
        "kretschmann": 0.0009916862500743348,
        "note": "Kretschmann is scalar invariant; sigma is included as Kerr shorthand (not invariant).",
        "ricci_scalar": 0.0,
        "sigma": 36.0625
      },
      "local_observables": {
        "frame_dragging": {
          "omega_formula": "\u03c9 = -g_t\u03c6/g_\u03c6\u03c6 = 2Mar / A",
          "omega_zamo": 0.004581846818360796,
          "sign_convention_note": "\u03c9 shares sign with a for r>0; indicates dragged rotation direction."
        },
        "kerr_functions": {
          "A": 1309.515625,
          "Delta": 24.25,
          "Sigma": 36.0625
        },
        "lapse": {
          "alpha": 0.817200162548223,
          "alpha_formula": "\u03b1 = sqrt(\u0394 \u03a3 / A)",
          "note": "In BL slicing \u03b1\u21920 as r\u2192r_+ (outer horizon) for |a|<=M."
        },
        "metric_components_subset": {
          "g_phiphi": 27.234293760831886,
          "g_tphi": -0.12478336221837086,
          "g_tt": -0.6672443674176776,
          "interpretation": "ergosurface at g_tt=0; frame dragging from g_tphi\u22600"
        },
        "surfaces": {
          "inner_horizon_r_minus": 0.1339745962155614,
          "outer_ergosurface_r_erg": 1.9682458365518543,
          "outer_horizon_r_plus": 1.8660254037844386
        }
      }
    },
    {
      "causal_structure": {
        "key_point": "Rotation splits 'horizon' (\u0394=0) from 'static limit' (g_tt=0). Inside ergoregion (g_tt>0), no static observers exist.",
        "radial_null_cone_dr_dt": null,
        "region": {
          "Delta": 24.25,
          "between_horizons": false,
          "bh_kind": "subextremal (|a|<M)",
          "g_tt": -0.6666666666666667,
          "in_ergoregion_gtt_positive": false,
          "inner_horizon_r_minus": 0.1339745962155614,
          "inside_outer_horizon": false,
          "notes": {
            "ergosurface_condition": "g_tt(r,\u03b8)=0; outer ergosurface at r=r_erg(\u03b8)",
            "horizon_condition": "\u0394(r)=0 (BL coordinates); outer horizon at r=r_+ if |a|<=M",
            "static_observers": "require g_tt<0; impossible in ergoregion where g_tt>0"
          },
          "outer_ergosurface_r_erg": 2.0,
          "outer_horizon_r_plus": 1.8660254037844386
        }
      },
      "coordinates": {
        "phi": null,
        "r": 6.0,
        "t": null,
        "theta_deg": 90.0
      },
      "curvature_invariants": {
        "kretschmann": 0.00102880658436214,
        "note": "Kretschmann is scalar invariant; sigma is included as Kerr shorthand (not invariant).",
        "ricci_scalar": 0.0,
        "sigma": 36.0
      },
      "local_observables": {
        "frame_dragging": {
          "omega_formula": "\u03c9 = -g_t\u03c6/g_\u03c6\u03c6 = 2Mar / A",
          "omega_zamo": 0.0045871559633027525,
          "sign_convention_note": "\u03c9 shares sign with a for r>0; indicates dragged rotation direction."
        },
        "kerr_functions": {
          "A": 1308.0,
          "Delta": 24.25,
          "Sigma": 36.0
        },
        "lapse": {
          "alpha": 0.8169646214252797,
          "alpha_formula": "\u03b1 = sqrt(\u0394 \u03a3 / A)",
          "note": "In BL slicing \u03b1\u21920 as r\u2192r_+ (outer horizon) for |a|<=M."
        },
        "metric_components_subset": {
          "g_phiphi": 36.333333333333336,
          "g_tphi": -0.16666666666666666,
          "g_tt": -0.6666666666666667,
          "interpretation": "ergosurface at g_tt=0; frame dragging from g_tphi\u22600"
        },
        "surfaces": {
          "inner_horizon_r_minus": 0.1339745962155614,
          "outer_ergosurface_r_erg": 2.0,
          "outer_horizon_r_plus": 1.8660254037844386
        }
      }
    },
    {
      "causal_structure": {
        "key_point": "Rotation splits 'horizon' (\u0394=0) from 'static limit' (g_tt=0). Inside ergoregion (g_tt>0), no static observers exist.",
        "radial_null_cone_dr_dt": null,
        "region": {
          "Delta": 80.25,
          "between_horizons": false,
          "bh_kind": "subextremal (|a|<M)",
          "g_tt": -0.800498753117207,
          "in_ergoregion_gtt_positive": false,
          "inner_horizon_r_minus": 0.1339745962155614,
          "inside_outer_horizon": false,
          "notes": {
            "ergosurface_condition": "g_tt(r,\u03b8)=0; outer ergosurface at r=r_erg(\u03b8)",
            "horizon_condition": "\u0394(r)=0 (BL coordinates); outer horizon at r=r_+ if |a|<=M",
            "static_observers": "require g_tt<0; impossible in ergoregion where g_tt>0"
          },
          "outer_ergosurface_r_erg": 1.8660254037844386,
          "outer_horizon_r_plus": 1.8660254037844386
        }
      },
      "coordinates": {
        "phi": null,
        "r": 10.0,
        "t": null,
        "theta_deg": 0.0
      },
      "curvature_invariants": {
        "kretschmann": 4.551745589912061e-05,
        "note": "Kretschmann is scalar invariant; sigma is included as Kerr shorthand (not invariant).",
        "ricci_scalar": 0.0,
        "sigma": 100.25
      },
      "local_observables": {
        "frame_dragging": {
          "omega_formula": "\u03c9 = -g_t\u03c6/g_\u03c6\u03c6 = 2Mar / A",
          "omega_zamo": 0.0009950186876947283,
          "sign_convention_note": "\u03c9 shares sign with a for r>0; indicates dragged rotation direction."
        },
        "kerr_functions": {
          "A": 10050.0625,
          "Delta": 80.25,
          "Sigma": 100.25
        },
        "lapse": {
          "alpha": 0.89470595902632,
          "alpha_formula": "\u03b1 = sqrt(\u0394 \u03a3 / A)",
          "note": "In BL slicing \u03b1\u21920 as r\u2192r_+ (outer horizon) for |a|<=M."
        },
        "metric_components_subset": {
          "g_phiphi": 0.0,
          "g_tphi": -0.0,
          "g_tt": -0.800498753117207,
          "interpretation": "ergosurface at g_tt=0; frame dragging from g_tphi\u22600"
        },
        "surfaces": {
          "inner_horizon_r_minus": 0.1339745962155614,
          "outer_ergosurface_r_erg": 1.8660254037844386,
          "outer_horizon_r_plus": 1.8660254037844386
        }
      }
    },
    {
      "causal_structure": {
        "key_point": "Rotation splits 'horizon' (\u0394=0) from 'static limit' (g_tt=0). Inside ergoregion (g_tt>0), no static observers exist.",
        "radial_null_cone_dr_dt": null,
        "region": {
          "Delta": 80.25,
          "between_horizons": false,
          "bh_kind": "subextremal (|a|<M)",
          "g_tt": -0.8003742981908921,
          "in_ergoregion_gtt_positive": false,
          "inner_horizon_r_minus": 0.1339745962155614,
          "inside_outer_horizon": false,
          "notes": {
            "ergosurface_condition": "g_tt(r,\u03b8)=0; outer ergosurface at r=r_erg(\u03b8)",
            "horizon_condition": "\u0394(r)=0 (BL coordinates); outer horizon at r=r_+ if |a|<=M",
            "static_observers": "require g_tt<0; impossible in ergoregion where g_tt>0"
          },
          "outer_ergosurface_r_erg": 1.9013878188659974,
          "outer_horizon_r_plus": 1.8660254037844386
        }
      },
      "coordinates": {
        "phi": null,
        "r": 10.0,
        "t": null,
        "theta_deg": 30.0
      },
      "curvature_invariants": {
        "kretschmann": 4.613111708051276e-05,
        "note": "Kretschmann is scalar invariant; sigma is included as Kerr shorthand (not invariant).",
        "ricci_scalar": 0.0,
        "sigma": 100.1875
      },
      "local_observables": {
        "frame_dragging": {
          "omega_formula": "\u03c9 = -g_t\u03c6/g_\u03c6\u03c6 = 2Mar / A",
          "omega_zamo": 0.0009955155137093374,
          "sign_convention_note": "\u03c9 shares sign with a for r>0; indicates dragged rotation direction."
        },
        "kerr_functions": {
          "A": 10045.046875,
          "Delta": 80.25,
          "Sigma": 100.1875
        },
        "lapse": {
          "alpha": 0.8946502889404764,
          "alpha_formula": "\u03b1 = sqrt(\u0394 \u03a3 / A)",
          "note": "In BL slicing \u03b1\u21920 as r\u2192r_+ (outer horizon) for |a|<=M."
        },
        "metric_components_subset": {
          "g_phiphi": 25.065619151590763,
          "g_tphi": -0.024953212726138485,
          "g_tt": -0.8003742981908921,
          "interpretation": "ergosurface at g_tt=0; frame dragging from g_tphi\u22600"
        },
        "surfaces": {
          "inner_horizon_r_minus": 0.1339745962155614,
          "outer_ergosurface_r_erg": 1.9013878188659974,
          "outer_horizon_r_plus": 1.8660254037844386
        }
      }
    },
    {
      "causal_structure": {
        "key_point": "Rotation splits 'horizon' (\u0394=0) from 'static limit' (g_tt=0). Inside ergoregion (g_tt>0), no static observers exist.",
        "radial_null_cone_dr_dt": null,
        "region": {
          "Delta": 80.25,
          "between_horizons": false,
          "bh_kind": "subextremal (|a|<M)",
          "g_tt": -0.8001249219237976,
          "in_ergoregion_gtt_positive": false,
          "inner_horizon_r_minus": 0.1339745962155614,
          "inside_outer_horizon": false,
          "notes": {
            "ergosurface_condition": "g_tt(r,\u03b8)=0; outer ergosurface at r=r_erg(\u03b8)",
            "horizon_condition": "\u0394(r)=0 (BL coordinates); outer horizon at r=r_+ if |a|<=M",
            "static_observers": "require g_tt<0; impossible in ergoregion where g_tt>0"
          },
          "outer_ergosurface_r_erg": 1.9682458365518543,
          "outer_horizon_r_plus": 1.8660254037844386
        }
      },
      "coordinates": {
        "phi": null,
        "r": 10.0,
        "t": null,
        "theta_deg": 60.0
      },
      "curvature_invariants": {
        "kretschmann": 4.737235709535004e-05,
        "note": "Kretschmann is scalar invariant; sigma is included as Kerr shorthand (not invariant).",
        "ricci_scalar": 0.0,
        "sigma": 100.0625
      },
      "local_observables": {
        "frame_dragging": {
          "omega_formula": "\u03c9 = -g_t\u03c6/g_\u03c6\u03c6 = 2Mar / A",
          "omega_zamo": 0.0009965106556573,
          "sign_convention_note": "\u03c9 shares sign with a for r>0; indicates dragged rotation direction."
        },
        "kerr_functions": {
          "A": 10035.015625,
          "Delta": 80.25,
          "Sigma": 100.0625
        },
        "lapse": {
          "alpha": 0.8945387714016153,
          "alpha_formula": "\u03b1 = sqrt(\u0394 \u03a3 / A)",
          "note": "In BL slicing \u03b1\u21920 as r\u2192r_+ (outer horizon) for |a|<=M."
        },
        "metric_components_subset": {
          "g_phiphi": 75.21560743285445,
          "g_tphi": -0.07495315427857588,
          "g_tt": -0.8001249219237976,
          "interpretation": "ergosurface at g_tt=0; frame dragging from g_tphi\u22600"
        },
        "surfaces": {
          "inner_horizon_r_minus": 0.1339745962155614,
          "outer_ergosurface_r_erg": 1.9682458365518543,
          "outer_horizon_r_plus": 1.8660254037844386
        }
      }
    },
    {
      "causal_structure": {
        "key_point": "Rotation splits 'horizon' (\u0394=0) from 'static limit' (g_tt=0). Inside ergoregion (g_tt>0), no static observers exist.",
        "radial_null_cone_dr_dt": null,
        "region": {
          "Delta": 80.25,
          "between_horizons": false,
          "bh_kind": "subextremal (|a|<M)",
          "g_tt": -0.8,
          "in_ergoregion_gtt_positive": false,
          "inner_horizon_r_minus": 0.1339745962155614,
          "inside_outer_horizon": false,
          "notes": {
            "ergosurface_condition": "g_tt(r,\u03b8)=0; outer ergosurface at r=r_erg(\u03b8)",
            "horizon_condition": "\u0394(r)=0 (BL coordinates); outer horizon at r=r_+ if |a|<=M",
            "static_observers": "require g_tt<0; impossible in ergoregion where g_tt>0"
          },
          "outer_ergosurface_r_erg": 2.0,
          "outer_horizon_r_plus": 1.8660254037844386
        }
      },
      "coordinates": {
        "phi": null,
        "r": 10.0,
        "t": null,
        "theta_deg": 90.0
      },
      "curvature_invariants": {
        "kretschmann": 4.8e-05,
        "note": "Kretschmann is scalar invariant; sigma is included as Kerr shorthand (not invariant).",
        "ricci_scalar": 0.0,
        "sigma": 100.0
      },
      "local_observables": {
        "frame_dragging": {
          "omega_formula": "\u03c9 = -g_t\u03c6/g_\u03c6\u03c6 = 2Mar / A",
          "omega_zamo": 0.0009970089730807576,
          "sign_convention_note": "\u03c9 shares sign with a for r>0; indicates dragged rotation direction."
        },
        "kerr_functions": {
          "A": 10030.0,
          "Delta": 80.25,
          "Sigma": 100.0
        },
        "lapse": {
          "alpha": 0.8944829237594802,
          "alpha_formula": "\u03b1 = sqrt(\u0394 \u03a3 / A)",
          "note": "In BL slicing \u03b1\u21920 as r\u2192r_+ (outer horizon) for |a|<=M."
        },
        "metric_components_subset": {
          "g_phiphi": 100.3,
          "g_tphi": -0.1,
          "g_tt": -0.8,
          "interpretation": "ergosurface at g_tt=0; frame dragging from g_tphi\u22600"
        },
        "surfaces": {
          "inner_horizon_r_minus": 0.1339745962155614,
          "outer_ergosurface_r_erg": 2.0,
          "outer_horizon_r_plus": 1.8660254037844386
        }
      }
    }
  ],
  "spacetime": "Kerr (Boyer\u2013Lindquist): horizons, ergosphere, and ZAMO frame dragging",
  "theory": "General Relativity (stationary axisymmetric vacuum)",
  "toy_id": "012",
  "units": {
    "G": 1,
    "c": 1
  }
}