{
  "notes": {
    "domain_of_validity": "Exact G\u00f6del chart as specified; interprets \u03c6 as periodic angle. CTC diagnosis is for \u03c6-loops specifically.",
    "key_formulas": {
      "D(r)": "D=(1/\u03a9)sinh(\u03a9r)",
      "H(r)": "H=(4/\u03a9)sinh^2(\u03a9r/2)",
      "chronology_horizon": "r_c=(2/\u03a9)asinh(1)=(2/\u03a9)ln(1+\u221a2)",
      "ctc_condition": "g_\u03c6\u03c6 < 0 \u21d2 closed timelike \u03c6-loops",
      "g_phiphi": "g_\u03c6\u03c6 = D^2 - H^2"
    },
    "pressure_point": "Chronology is not guaranteed in GR: G\u00f6del admits closed timelike curves. The onset is operationally detected by a metric sign flip for periodic \u03c6."
  },
  "observables": {
    "chronology_horizon_r_c": 1.762747174039086
  },
  "parameters": {
    "Omega": 1.0,
    "r_values": [
      0.0,
      0.2,
      0.5,
      0.8,
      1.0,
      1.2,
      1.5,
      2.0,
      3.0
    ]
  },
  "sample_points": [
    {
      "causal_structure": {
        "chronology_violation": {
          "ctc_present_via_phi_loops": false,
          "diagnostic": "\u03c6-loops at fixed (t,r,z) become timelike when g_phiphi<0"
        },
        "notes": "This toy diagnoses one explicit family of closed curves (\u03c6-loops). G\u00f6del has broader chronology issues, but this is the clean onset test.",
        "radial_null_cone_dr_dt": null,
        "region": "chronology_safe (g_phiphi>=0)"
      },
      "coordinates": {
        "phi": null,
        "r": 0.0,
        "t": null,
        "z": null
      },
      "curvature_invariants": {
        "kretschmann": null,
        "note": "G\u00f6del is homogeneous; K is constant but not computed here (null).",
        "ricci_scalar": 0.0
      },
      "local_observables": {
        "Omega": 1.0,
        "chronology_horizon": {
          "formula": "r_c=(2/\u03a9)asinh(1)=(2/\u03a9)ln(1+\u221a2)",
          "inside_chronology_safe_region": true,
          "r_c": 1.762747174039086,
          "r_minus_r_c": -1.762747174039086
        },
        "closed_phi_loop": {
          "ctc_condition": "g_phiphi(r) < 0",
          "delta_phi": 6.283185307179586,
          "interval_ds2_for_closed_loop": 0.0,
          "is_closed_timelike_curve": false
        },
        "godel_functions": {
          "D(r)": 0.0,
          "H(r)": 0.0
        },
        "metric_components_subset": {
          "g_phiphi": 0.0,
          "g_rr": 1.0,
          "g_tphi": -0.0,
          "g_tt": -1.0,
          "g_zz": 1.0,
          "interpretation": "CTCs appear when g_phiphi<0, since \u03c6 is periodic."
        }
      }
    },
    {
      "causal_structure": {
        "chronology_violation": {
          "ctc_present_via_phi_loops": false,
          "diagnostic": "\u03c6-loops at fixed (t,r,z) become timelike when g_phiphi<0"
        },
        "notes": "This toy diagnoses one explicit family of closed curves (\u03c6-loops). G\u00f6del has broader chronology issues, but this is the clean onset test.",
        "radial_null_cone_dr_dt": null,
        "region": "chronology_safe (g_phiphi>=0)"
      },
      "coordinates": {
        "phi": null,
        "r": 0.2,
        "t": null,
        "z": null
      },
      "curvature_invariants": {
        "kretschmann": null,
        "note": "G\u00f6del is homogeneous; K is constant but not computed here (null).",
        "ricci_scalar": 0.0
      },
      "local_observables": {
        "Omega": 1.0,
        "chronology_horizon": {
          "formula": "r_c=(2/\u03a9)asinh(1)=(2/\u03a9)ln(1+\u221a2)",
          "inside_chronology_safe_region": true,
          "r_c": 1.762747174039086,
          "r_minus_r_c": -1.5627471740390861
        },
        "closed_phi_loop": {
          "ctc_condition": "g_phiphi(r) < 0",
          "delta_phi": 6.283185307179586,
          "interval_ds2_for_closed_loop": 1.5367166389342994,
          "is_closed_timelike_curve": false
        },
        "godel_functions": {
          "D(r)": 0.201336002541094,
          "H(r)": 0.040133511238151696
        },
        "metric_components_subset": {
          "g_phiphi": 0.03892548719492456,
          "g_rr": 1.0,
          "g_tphi": -0.040133511238151696,
          "g_tt": -1.0,
          "g_zz": 1.0,
          "interpretation": "CTCs appear when g_phiphi<0, since \u03c6 is periodic."
        }
      }
    },
    {
      "causal_structure": {
        "chronology_violation": {
          "ctc_present_via_phi_loops": false,
          "diagnostic": "\u03c6-loops at fixed (t,r,z) become timelike when g_phiphi<0"
        },
        "notes": "This toy diagnoses one explicit family of closed curves (\u03c6-loops). G\u00f6del has broader chronology issues, but this is the clean onset test.",
        "radial_null_cone_dr_dt": null,
        "region": "chronology_safe (g_phiphi>=0)"
      },
      "coordinates": {
        "phi": null,
        "r": 0.5,
        "t": null,
        "z": null
      },
      "curvature_invariants": {
        "kretschmann": null,
        "note": "G\u00f6del is homogeneous; K is constant but not computed here (null).",
        "ricci_scalar": 0.0
      },
      "local_observables": {
        "Omega": 1.0,
        "chronology_horizon": {
          "formula": "r_c=(2/\u03a9)asinh(1)=(2/\u03a9)ln(1+\u221a2)",
          "inside_chronology_safe_region": true,
          "r_c": 1.762747174039086,
          "r_minus_r_c": -1.262747174039086
        },
        "closed_phi_loop": {
          "ctc_condition": "g_phiphi(r) < 0",
          "delta_phi": 6.283185307179586,
          "interval_ds2_for_closed_loop": 8.147823071499944,
          "is_closed_timelike_curve": false
        },
        "godel_functions": {
          "D(r)": 0.5210953054937474,
          "H(r)": 0.25525193041276156
        },
        "metric_components_subset": {
          "g_phiphi": 0.20638676942818063,
          "g_rr": 1.0,
          "g_tphi": -0.25525193041276156,
          "g_tt": -1.0,
          "g_zz": 1.0,
          "interpretation": "CTCs appear when g_phiphi<0, since \u03c6 is periodic."
        }
      }
    },
    {
      "causal_structure": {
        "chronology_violation": {
          "ctc_present_via_phi_loops": false,
          "diagnostic": "\u03c6-loops at fixed (t,r,z) become timelike when g_phiphi<0"
        },
        "notes": "This toy diagnoses one explicit family of closed curves (\u03c6-loops). G\u00f6del has broader chronology issues, but this is the clean onset test.",
        "radial_null_cone_dr_dt": null,
        "region": "chronology_safe (g_phiphi>=0)"
      },
      "coordinates": {
        "phi": null,
        "r": 0.8,
        "t": null,
        "z": null
      },
      "curvature_invariants": {
        "kretschmann": null,
        "note": "G\u00f6del is homogeneous; K is constant but not computed here (null).",
        "ricci_scalar": 0.0
      },
      "local_observables": {
        "Omega": 1.0,
        "chronology_horizon": {
          "formula": "r_c=(2/\u03a9)asinh(1)=(2/\u03a9)ln(1+\u221a2)",
          "inside_chronology_safe_region": true,
          "r_c": 1.762747174039086,
          "r_minus_r_c": -0.962747174039086
        },
        "closed_phi_loop": {
          "ctc_condition": "g_phiphi(r) < 0",
          "delta_phi": 6.283185307179586,
          "interval_ds2_for_closed_loop": 13.15748007140985,
          "is_closed_timelike_curve": false
        },
        "godel_functions": {
          "D(r)": 0.888105982187623,
          "H(r)": 0.6748698926096892
        },
        "metric_components_subset": {
          "g_phiphi": 0.33328286364642923,
          "g_rr": 1.0,
          "g_tphi": -0.6748698926096892,
          "g_tt": -1.0,
          "g_zz": 1.0,
          "interpretation": "CTCs appear when g_phiphi<0, since \u03c6 is periodic."
        }
      }
    },
    {
      "causal_structure": {
        "chronology_violation": {
          "ctc_present_via_phi_loops": false,
          "diagnostic": "\u03c6-loops at fixed (t,r,z) become timelike when g_phiphi<0"
        },
        "notes": "This toy diagnoses one explicit family of closed curves (\u03c6-loops). G\u00f6del has broader chronology issues, but this is the clean onset test.",
        "radial_null_cone_dr_dt": null,
        "region": "chronology_safe (g_phiphi>=0)"
      },
      "coordinates": {
        "phi": null,
        "r": 1.0,
        "t": null,
        "z": null
      },
      "curvature_invariants": {
        "kretschmann": null,
        "note": "G\u00f6del is homogeneous; K is constant but not computed here (null).",
        "ricci_scalar": 0.0
      },
      "local_observables": {
        "Omega": 1.0,
        "chronology_horizon": {
          "formula": "r_c=(2/\u03a9)asinh(1)=(2/\u03a9)ln(1+\u221a2)",
          "inside_chronology_safe_region": true,
          "r_c": 1.762747174039086,
          "r_minus_r_c": -0.7627471740390861
        },
        "closed_phi_loop": {
          "ctc_condition": "g_phiphi(r) < 0",
          "delta_phi": 6.283185307179586,
          "interval_ds2_for_closed_loop": 7.9490402562714015,
          "is_closed_timelike_curve": false
        },
        "godel_functions": {
          "D(r)": 1.1752011936438014,
          "H(r)": 1.0861612696304876
        },
        "metric_components_subset": {
          "g_phiphi": 0.20135154189650262,
          "g_rr": 1.0,
          "g_tphi": -1.0861612696304876,
          "g_tt": -1.0,
          "g_zz": 1.0,
          "interpretation": "CTCs appear when g_phiphi<0, since \u03c6 is periodic."
        }
      }
    },
    {
      "causal_structure": {
        "chronology_violation": {
          "ctc_present_via_phi_loops": true,
          "diagnostic": "\u03c6-loops at fixed (t,r,z) become timelike when g_phiphi<0"
        },
        "notes": "This toy diagnoses one explicit family of closed curves (\u03c6-loops). G\u00f6del has broader chronology issues, but this is the clean onset test.",
        "radial_null_cone_dr_dt": null,
        "region": "ctc_region (g_phiphi<0)"
      },
      "coordinates": {
        "phi": null,
        "r": 1.2,
        "t": null,
        "z": null
      },
      "curvature_invariants": {
        "kretschmann": null,
        "note": "G\u00f6del is homogeneous; K is constant but not computed here (null).",
        "ricci_scalar": 0.0
      },
      "local_observables": {
        "Omega": 1.0,
        "chronology_horizon": {
          "formula": "r_c=(2/\u03a9)asinh(1)=(2/\u03a9)ln(1+\u221a2)",
          "inside_chronology_safe_region": true,
          "r_c": 1.762747174039086,
          "r_minus_r_c": -0.5627471740390861
        },
        "closed_phi_loop": {
          "ctc_condition": "g_phiphi(r) < 0",
          "delta_phi": 6.283185307179586,
          "interval_ds2_for_closed_loop": -13.824402726655046,
          "is_closed_timelike_curve": true
        },
        "godel_functions": {
          "D(r)": 1.5094613554121725,
          "H(r)": 1.6213111346487497
        },
        "metric_components_subset": {
          "g_phiphi": -0.35017621185326275,
          "g_rr": 1.0,
          "g_tphi": -1.6213111346487497,
          "g_tt": -1.0,
          "g_zz": 1.0,
          "interpretation": "CTCs appear when g_phiphi<0, since \u03c6 is periodic."
        }
      }
    },
    {
      "causal_structure": {
        "chronology_violation": {
          "ctc_present_via_phi_loops": true,
          "diagnostic": "\u03c6-loops at fixed (t,r,z) become timelike when g_phiphi<0"
        },
        "notes": "This toy diagnoses one explicit family of closed curves (\u03c6-loops). G\u00f6del has broader chronology issues, but this is the clean onset test.",
        "radial_null_cone_dr_dt": null,
        "region": "ctc_region (g_phiphi<0)"
      },
      "coordinates": {
        "phi": null,
        "r": 1.5,
        "t": null,
        "z": null
      },
      "curvature_invariants": {
        "kretschmann": null,
        "note": "G\u00f6del is homogeneous; K is constant but not computed here (null).",
        "ricci_scalar": 0.0
      },
      "local_observables": {
        "Omega": 1.0,
        "chronology_horizon": {
          "formula": "r_c=(2/\u03a9)asinh(1)=(2/\u03a9)ln(1+\u221a2)",
          "inside_chronology_safe_region": true,
          "r_c": 1.762747174039086,
          "r_minus_r_c": -0.2627471740390861
        },
        "closed_phi_loop": {
          "ctc_condition": "g_phiphi(r) < 0",
          "delta_phi": 6.283185307179586,
          "interval_ds2_for_closed_loop": -109.83748794494356,
          "is_closed_timelike_curve": true
        },
        "godel_functions": {
          "D(r)": 2.1292794550948173,
          "H(r)": 2.704819230486495
        },
        "metric_components_subset": {
          "g_phiphi": -2.782216071720672,
          "g_rr": 1.0,
          "g_tphi": -2.704819230486495,
          "g_tt": -1.0,
          "g_zz": 1.0,
          "interpretation": "CTCs appear when g_phiphi<0, since \u03c6 is periodic."
        }
      }
    },
    {
      "causal_structure": {
        "chronology_violation": {
          "ctc_present_via_phi_loops": true,
          "diagnostic": "\u03c6-loops at fixed (t,r,z) become timelike when g_phiphi<0"
        },
        "notes": "This toy diagnoses one explicit family of closed curves (\u03c6-loops). G\u00f6del has broader chronology issues, but this is the clean onset test.",
        "radial_null_cone_dr_dt": null,
        "region": "ctc_region (g_phiphi<0)"
      },
      "coordinates": {
        "phi": null,
        "r": 2.0,
        "t": null,
        "z": null
      },
      "curvature_invariants": {
        "kretschmann": null,
        "note": "G\u00f6del is homogeneous; K is constant but not computed here (null).",
        "ricci_scalar": 0.0
      },
      "local_observables": {
        "Omega": 1.0,
        "chronology_horizon": {
          "formula": "r_c=(2/\u03a9)asinh(1)=(2/\u03a9)ln(1+\u221a2)",
          "inside_chronology_safe_region": false,
          "r_c": 1.762747174039086,
          "r_minus_r_c": 0.2372528259609139
        },
        "closed_phi_loop": {
          "ctc_condition": "g_phiphi(r) < 0",
          "delta_phi": 6.283185307179586,
          "interval_ds2_for_closed_loop": -685.5341835189407,
          "is_closed_timelike_curve": true
        },
        "godel_functions": {
          "D(r)": 3.6268604078470186,
          "H(r)": 5.524391382167262
        },
        "metric_components_subset": {
          "g_phiphi": -17.36478372535567,
          "g_rr": 1.0,
          "g_tphi": -5.524391382167262,
          "g_tt": -1.0,
          "g_zz": 1.0,
          "interpretation": "CTCs appear when g_phiphi<0, since \u03c6 is periodic."
        }
      }
    },
    {
      "causal_structure": {
        "chronology_violation": {
          "ctc_present_via_phi_loops": true,
          "diagnostic": "\u03c6-loops at fixed (t,r,z) become timelike when g_phiphi<0"
        },
        "notes": "This toy diagnoses one explicit family of closed curves (\u03c6-loops). G\u00f6del has broader chronology issues, but this is the clean onset test.",
        "radial_null_cone_dr_dt": null,
        "region": "ctc_region (g_phiphi<0)"
      },
      "coordinates": {
        "phi": null,
        "r": 3.0,
        "t": null,
        "z": null
      },
      "curvature_invariants": {
        "kretschmann": null,
        "note": "G\u00f6del is homogeneous; K is constant but not computed here (null).",
        "ricci_scalar": 0.0
      },
      "local_observables": {
        "Omega": 1.0,
        "chronology_horizon": {
          "formula": "r_c=(2/\u03a9)asinh(1)=(2/\u03a9)ln(1+\u221a2)",
          "inside_chronology_safe_region": false,
          "r_c": 1.762747174039086,
          "r_minus_r_c": 1.237252825960914
        },
        "closed_phi_loop": {
          "ctc_condition": "g_phiphi(r) < 0",
          "delta_phi": 6.283185307179586,
          "interval_ds2_for_closed_loop": -9022.087978134032,
          "is_closed_timelike_curve": true
        },
        "godel_functions": {
          "D(r)": 10.017874927409903,
          "H(r)": 18.135323991555527
        },
        "metric_components_subset": {
          "g_phiphi": -228.53215821746156,
          "g_rr": 1.0,
          "g_tphi": -18.135323991555527,
          "g_tt": -1.0,
          "g_zz": 1.0,
          "interpretation": "CTCs appear when g_phiphi<0, since \u03c6 is periodic."
        }
      }
    }
  ],
  "spacetime": "G\u00f6del: chronology horizon and closed timelike \u03c6-loops via sign(g_\u03c6\u03c6)",
  "theory": "General Relativity (exact rotating cosmological solution)",
  "toy_id": "016",
  "units": {
    "G": 1,
    "c": 1
  }
}