{
  "notes": {
    "domain_of_validity": "E_BY formula used here is real-valued for r>2M on standard static slices. At/inside horizon, this toy returns null for E_BY (not evaluated in this form).",
    "energies_compared": {
      "brown_york": "E_BY(r) = r * (1 - sqrt(1 - 2M/r))  (static-slice, subtracted, r>2M)",
      "misner_sharp": "M_MS(r) = M (Schwarzschild)"
    },
    "pressure_point": "Even with geometry fully specified (Schwarzschild), quasilocal energy is not unique: different standard definitions assign different energies to the same 2-sphere."
  },
  "observables": {
    "summary": {
      "energy_unique": false,
      "geometry_fully_specified": true,
      "max_abs_E_BY_minus_M_MS_over_valid_samples": 0.6417424305044159,
      "note": "Nonzero disagreement indicates non-uniqueness of quasilocal energy even in fixed Schwarzschild geometry."
    }
  },
  "parameters": {
    "M": 1.0,
    "r_samples": [
      10.0,
      6.0,
      4.0,
      3.0,
      2.5,
      2.1
    ]
  },
  "sample_points": [
    {
      "causal_structure": {
        "horizon_radius": 2.0,
        "region": "exterior (r>2M)"
      },
      "coordinates": {
        "phi": null,
        "r": 10.0,
        "t": null,
        "theta": null
      },
      "curvature_invariants": {
        "kretschmann": 4.8e-05,
        "note": "Schwarzschild vacuum: R=0; K fixed by M and r.",
        "ricci_scalar": 0.0
      },
      "local_observables": {
        "E_BY_minus_M_MS": 0.055728090000841446,
        "brown_york_energy_E_BY": 1.0557280900008414,
        "misner_sharp_mass_M_MS": 1.0,
        "note": "M_MS is constant (=M) in Schwarzschild. E_BY depends on r; comparison shows quasilocal energy is not unique even for fixed geometry."
      }
    },
    {
      "causal_structure": {
        "horizon_radius": 2.0,
        "region": "exterior (r>2M)"
      },
      "coordinates": {
        "phi": null,
        "r": 6.0,
        "t": null,
        "theta": null
      },
      "curvature_invariants": {
        "kretschmann": 0.00102880658436214,
        "note": "Schwarzschild vacuum: R=0; K fixed by M and r.",
        "ricci_scalar": 0.0
      },
      "local_observables": {
        "E_BY_minus_M_MS": 0.1010205144336438,
        "brown_york_energy_E_BY": 1.1010205144336438,
        "misner_sharp_mass_M_MS": 1.0,
        "note": "M_MS is constant (=M) in Schwarzschild. E_BY depends on r; comparison shows quasilocal energy is not unique even for fixed geometry."
      }
    },
    {
      "causal_structure": {
        "horizon_radius": 2.0,
        "region": "exterior (r>2M)"
      },
      "coordinates": {
        "phi": null,
        "r": 4.0,
        "t": null,
        "theta": null
      },
      "curvature_invariants": {
        "kretschmann": 0.01171875,
        "note": "Schwarzschild vacuum: R=0; K fixed by M and r.",
        "ricci_scalar": 0.0
      },
      "local_observables": {
        "E_BY_minus_M_MS": 0.1715728752538097,
        "brown_york_energy_E_BY": 1.1715728752538097,
        "misner_sharp_mass_M_MS": 1.0,
        "note": "M_MS is constant (=M) in Schwarzschild. E_BY depends on r; comparison shows quasilocal energy is not unique even for fixed geometry."
      }
    },
    {
      "causal_structure": {
        "horizon_radius": 2.0,
        "region": "exterior (r>2M)"
      },
      "coordinates": {
        "phi": null,
        "r": 3.0,
        "t": null,
        "theta": null
      },
      "curvature_invariants": {
        "kretschmann": 0.06584362139917696,
        "note": "Schwarzschild vacuum: R=0; K fixed by M and r.",
        "ricci_scalar": 0.0
      },
      "local_observables": {
        "E_BY_minus_M_MS": 0.26794919243112236,
        "brown_york_energy_E_BY": 1.2679491924311224,
        "misner_sharp_mass_M_MS": 1.0,
        "note": "M_MS is constant (=M) in Schwarzschild. E_BY depends on r; comparison shows quasilocal energy is not unique even for fixed geometry."
      }
    },
    {
      "causal_structure": {
        "horizon_radius": 2.0,
        "region": "exterior (r>2M)"
      },
      "coordinates": {
        "phi": null,
        "r": 2.5,
        "t": null,
        "theta": null
      },
      "curvature_invariants": {
        "kretschmann": 0.196608,
        "note": "Schwarzschild vacuum: R=0; K fixed by M and r.",
        "ricci_scalar": 0.0
      },
      "local_observables": {
        "E_BY_minus_M_MS": 0.3819660112501053,
        "brown_york_energy_E_BY": 1.3819660112501053,
        "misner_sharp_mass_M_MS": 1.0,
        "note": "M_MS is constant (=M) in Schwarzschild. E_BY depends on r; comparison shows quasilocal energy is not unique even for fixed geometry."
      }
    },
    {
      "causal_structure": {
        "horizon_radius": 2.0,
        "region": "exterior (r>2M)"
      },
      "coordinates": {
        "phi": null,
        "r": 2.1,
        "t": null,
        "theta": null
      },
      "curvature_invariants": {
        "kretschmann": 0.5596615474774705,
        "note": "Schwarzschild vacuum: R=0; K fixed by M and r.",
        "ricci_scalar": 0.0
      },
      "local_observables": {
        "E_BY_minus_M_MS": 0.6417424305044159,
        "brown_york_energy_E_BY": 1.641742430504416,
        "misner_sharp_mass_M_MS": 1.0,
        "note": "M_MS is constant (=M) in Schwarzschild. E_BY depends on r; comparison shows quasilocal energy is not unique even for fixed geometry."
      }
    }
  ],
  "spacetime": "Schwarzschild vacuum spacetime (mass parameter M fully specifies geometry)",
  "theory": "General Relativity (exact Schwarzschild; quasilocal energy diagnostics)",
  "toy_id": "065",
  "units": {
    "G": 1,
    "c": 1
  }
}