{
  "notes": {
    "domain_of_validity": "Homogeneous anisotropic cosmology; ignores inhomogeneities, anisotropic stresses, viscosity, and spatial curvature (Bianchi IX etc.).",
    "key_equations": {
      "constraint": "3H^2 = 8\u03c0\u03c1 + \u03c3^2,  \u03c3^2=(1/2)\u03a3 \u03b2dot_i^2,  \u03b2dot_i=s_i/a^3, \u03a3 s_i=0",
      "fluid_conservation": "d\u03c1/dt = -3(1+w)H\u03c1",
      "kretschmann": "K=4\u03a3(dHi/dt+Hi^2)^2 + 4\u03a3_{i<j}(Hi Hj)^2",
      "mean_scale_factor": "a=(a1 a2 a3)^(1/3),  Hi=H+\u03b2dot_i",
      "ricci_scalar": "R=8\u03c0\u03c1(1-3w)"
    },
    "pressure_point": "Dropping FLRW symmetry changes the physics: directional expansion rates differ and shear contributes to the constraint. Whether the universe isotropizes depends on matter (w) and initial shear; symmetry assumptions can hide these degrees of freedom."
  },
  "observables": {
    "summary": {
      "final_sigma_over_H": 0.006648059589967399,
      "isotropization_heuristic": "isotropized (sigma/H << 1)",
      "note": "Use sigma/H as an operational measure of how visible anisotropy remains to comoving observers."
    }
  },
  "parameters": {
    "delta_s_for_sensitivity": {
      "ds1": 0.0001,
      "ds2": -5e-05,
      "ds3": -5e-05
    },
    "dt": 0.1,
    "initial_conditions": {
      "a0": 1.0,
      "rho0": 0.001,
      "s1": 0.02,
      "s2": -0.01,
      "s3": -0.01
    },
    "sample_every": 50,
    "t_end": 200.0,
    "t_start": 0.0,
    "w": 0.0
  },
  "sample_points": [
    {
      "causal_structure": {
        "horizon_radius": null,
        "note": "No horizons in this homogeneous model; pressure point is symmetry breaking (directional expansion) rather than causal barriers.",
        "radial_null_cone_dr_dt": null,
        "region": "Bianchi I (homogeneous anisotropic expansion)"
      },
      "coordinates": {
        "t": 0.0
      },
      "curvature_invariants": {
        "kretschmann": 0.0010853944056251315,
        "note": "Ricci from fluid trace; Kretschmann from directional Hubble rates (Bianchi I tetrad formula).",
        "ricci_scalar": 0.025132741228718346
      },
      "local_observables": {
        "H_mean": 0.09207377699200127,
        "constraint_residual_3H2_minus_8pirho_minus_sigma2": 0.0,
        "directional_hubbles": {
          "H1": 0.11207377699200127,
          "H2": 0.08207377699200127,
          "H3": 0.08207377699200127
        },
        "isotropization_sigma_over_H": 0.18811553779523413,
        "mean_scale_factor_a": 1.0,
        "nearby_initial_condition": {
          "delta_s_used": {
            "ds1": 0.0001,
            "ds2": -5e-05,
            "ds3": -5e-05
          },
          "delta_sigma_over_H": 0.0009294004462368499,
          "delta_sigma_root": 8.66025403784415e-05,
          "sigma2_perturbed": 0.00030300749999999995,
          "sigma_over_H_perturbed": 0.18904493824147098
        },
        "rho": 0.001,
        "shear_sigma2": 0.00030000000000000003
      }
    },
    {
      "causal_structure": {
        "horizon_radius": null,
        "note": "No horizons in this homogeneous model; pressure point is symmetry breaking (directional expansion) rather than causal barriers.",
        "radial_null_cone_dr_dt": null,
        "region": "Bianchi I (homogeneous anisotropic expansion)"
      },
      "coordinates": {
        "t": 4.999999999999998
      },
      "curvature_invariants": {
        "kretschmann": 0.00013093091667766522,
        "note": "Ricci from fluid trace; Kretschmann from directional Hubble rates (Bianchi I tetrad formula).",
        "ricci_scalar": 0.008811254059105635
      },
      "local_observables": {
        "H_mean": 0.05430815709640126,
        "constraint_residual_3H2_minus_8pirho_minus_sigma2": 0.0,
        "directional_hubbles": {
          "H1": 0.06131993029263447,
          "H2": 0.05080227049828465,
          "H3": 0.05080227049828465
        },
        "isotropization_sigma_over_H": 0.11181328990291138,
        "mean_scale_factor_a": 1.418188780401448,
        "nearby_initial_condition": {
          "delta_s_used": {
            "ds1": 0.0001,
            "ds2": -5e-05,
            "ds3": -5e-05
          },
          "delta_sigma_over_H": 0.0005551174906564676,
          "delta_sigma_root": 3.0187162968006373e-05,
          "sigma2_perturbed": 3.724124925115379e-05,
          "sigma_over_H_perturbed": 0.11236840739356785
        },
        "rho": 0.0003505886595862973,
        "shear_sigma2": 3.687372251656084e-05
      }
    },
    {
      "causal_structure": {
        "horizon_radius": null,
        "note": "No horizons in this homogeneous model; pressure point is symmetry breaking (directional expansion) rather than causal barriers.",
        "radial_null_cone_dr_dt": null,
        "region": "Bianchi I (homogeneous anisotropic expansion)"
      },
      "coordinates": {
        "t": 9.99999999999998
      },
      "curvature_invariants": {
        "kretschmann": 3.321669355262772e-05,
        "note": "Ricci from fluid trace; Kretschmann from directional Hubble rates (Bianchi I tetrad formula).",
        "ricci_scalar": 0.0044505028537407875
      },
      "local_observables": {
        "H_mean": 0.038556927778493476,
        "constraint_residual_3H2_minus_8pirho_minus_sigma2": 8.673617379884035e-19,
        "directional_hubbles": {
          "H1": 0.042098525423078445,
          "H2": 0.036786128956200995,
          "H3": 0.036786128956200995
        },
        "isotropization_sigma_over_H": 0.07954766385470437,
        "mean_scale_factor_a": 1.7807799551738757,
        "nearby_initial_condition": {
          "delta_s_used": {
            "ds1": 0.0001,
            "ds2": -5e-05,
            "ds3": -5e-05
          },
          "delta_sigma_over_H": 0.0003957395851834078,
          "delta_sigma_root": 1.5246426258067047e-05,
          "sigma2_perturbed": 9.500942901137415e-06,
          "sigma_over_H_perturbed": 0.07994340343988778
        },
        "rho": 0.00017707988210435822,
        "shear_sigma2": 9.407185407097334e-06
      }
    },
    {
      "causal_structure": {
        "horizon_radius": null,
        "note": "No horizons in this homogeneous model; pressure point is symmetry breaking (directional expansion) rather than causal barriers.",
        "radial_null_cone_dr_dt": null,
        "region": "Bianchi I (homogeneous anisotropic expansion)"
      },
      "coordinates": {
        "t": 14.999999999999963
      },
      "curvature_invariants": {
        "kretschmann": 1.1999485185145156e-05,
        "note": "Ricci from fluid trace; Kretschmann from directional Hubble rates (Bianchi I tetrad formula).",
        "ricci_scalar": 0.002678120466198808
      },
      "local_observables": {
        "H_mean": 0.029897195599322683,
        "constraint_residual_3H2_minus_8pirho_minus_sigma2": 0.0,
        "directional_hubbles": {
          "H1": 0.03202837615280959,
          "H2": 0.02883160532257923,
          "H3": 0.02883160532257923
        },
        "isotropization_sigma_over_H": 0.06173343226255155,
        "mean_scale_factor_a": 2.1092914083015097,
        "nearby_initial_condition": {
          "delta_s_used": {
            "ds1": 0.0001,
            "ds2": -5e-05,
            "ds3": -5e-05
          },
          "delta_sigma_over_H": 0.00030746339152950414,
          "delta_sigma_root": 9.179863705183547e-06,
          "sigma2_perturbed": 3.4404179337898356e-06,
          "sigma_over_H_perturbed": 0.06204089565408105
        },
        "rho": 0.00010655902759777787,
        "shear_sigma2": 3.4064479136705657e-06
      }
    },
    {
      "causal_structure": {
        "horizon_radius": null,
        "note": "No horizons in this homogeneous model; pressure point is symmetry breaking (directional expansion) rather than causal barriers.",
        "radial_null_cone_dr_dt": null,
        "region": "Bianchi I (homogeneous anisotropic expansion)"
      },
      "coordinates": {
        "t": 20.000000000000014
      },
      "curvature_invariants": {
        "kretschmann": 5.335975332980601e-06,
        "note": "Ricci from fluid trace; Kretschmann from directional Hubble rates (Bianchi I tetrad formula).",
        "ricci_scalar": 0.0017869949050818249
      },
      "local_observables": {
        "H_mean": 0.02441660340043881,
        "constraint_residual_3H2_minus_8pirho_minus_sigma2": 0.0,
        "directional_hubbles": {
          "H1": 0.02583864876358549,
          "H2": 0.023705580718865468,
          "H3": 0.023705580718865468
        },
        "isotropization_sigma_over_H": 0.050438113345313236,
        "mean_scale_factor_a": 2.413823521895405,
        "nearby_initial_condition": {
          "delta_s_used": {
            "ds1": 0.0001,
            "ds2": -5e-05,
            "ds3": -5e-05
          },
          "delta_sigma_over_H": 0.00025138700027401567,
          "delta_sigma_root": 6.1288935030079025e-06,
          "sigma2_perturbed": 1.5317931251524338e-06,
          "sigma_over_H_perturbed": 0.05068950034558725
        },
        "rho": 7.110226810595119e-05,
        "shear_sigma2": 1.5166597611352323e-06
      }
    },
    {
      "causal_structure": {
        "horizon_radius": null,
        "note": "No horizons in this homogeneous model; pressure point is symmetry breaking (directional expansion) rather than causal barriers.",
        "radial_null_cone_dr_dt": null,
        "region": "Bianchi I (homogeneous anisotropic expansion)"
      },
      "coordinates": {
        "t": 25.000000000000085
      },
      "curvature_invariants": {
        "kretschmann": 2.7214331357463427e-06,
        "note": "Ricci from fluid trace; Kretschmann from directional Hubble rates (Bianchi I tetrad formula).",
        "ricci_scalar": 0.0012766481582748839
      },
      "local_observables": {
        "H_mean": 0.020635101445122074,
        "constraint_residual_3H2_minus_8pirho_minus_sigma2": 0.0,
        "directional_hubbles": {
          "H1": 0.021651025770750933,
          "H2": 0.020127139282307645,
          "H3": 0.020127139282307645
        },
        "isotropization_sigma_over_H": 0.04263687661807669,
        "mean_scale_factor_a": 2.7001602864681673,
        "nearby_initial_condition": {
          "delta_s_used": {
            "ds1": 0.0001,
            "ds2": -5e-05,
            "ds3": -5e-05
          },
          "delta_sigma_over_H": 0.00021261016620399004,
          "delta_sigma_root": 4.380743570603102e-06,
          "sigma2_perturbed": 7.818043664416236e-07,
          "sigma_over_H_perturbed": 0.04284948678428068
        },
        "rho": 5.0796216244653036e-05,
        "shear_sigma2": 7.740766765533385e-07
      }
    },
    {
      "causal_structure": {
        "horizon_radius": null,
        "note": "No horizons in this homogeneous model; pressure point is symmetry breaking (directional expansion) rather than causal barriers.",
        "radial_null_cone_dr_dt": null,
        "region": "Bianchi I (homogeneous anisotropic expansion)"
      },
      "coordinates": {
        "t": 30.000000000000156
      },
      "curvature_invariants": {
        "kretschmann": 1.5298107773284167e-06,
        "note": "Ricci from fluid trace; Kretschmann from directional Hubble rates (Bianchi I tetrad formula).",
        "ricci_scalar": 0.0009573925278645521
      },
      "local_observables": {
        "H_mean": 0.01786829464795252,
        "constraint_residual_3H2_minus_8pirho_minus_sigma2": 1.0842021724855044e-19,
        "directional_hubbles": {
          "H1": 0.018630163414949313,
          "H2": 0.017487360264454126,
          "H3": 0.017487360264454126
        },
        "isotropization_sigma_over_H": 0.03692561151294612,
        "mean_scale_factor_a": 2.972007779620219,
        "nearby_initial_condition": {
          "delta_s_used": {
            "ds1": 0.0001,
            "ds2": -5e-05,
            "ds3": -5e-05
          },
          "delta_sigma_over_H": 0.00018419737095923955,
          "delta_sigma_root": 3.286612911202391e-06,
          "sigma2_perturbed": 4.3968081474072096e-07,
          "sigma_over_H_perturbed": 0.03710980888390536
        },
        "rho": 3.8093438322222156e-05,
        "shear_sigma2": 4.35333013593909e-07
      }
    },
    {
      "causal_structure": {
        "horizon_radius": null,
        "note": "No horizons in this homogeneous model; pressure point is symmetry breaking (directional expansion) rather than causal barriers.",
        "radial_null_cone_dr_dt": null,
        "region": "Bianchi I (homogeneous anisotropic expansion)"
      },
      "coordinates": {
        "t": 35.00000000000023
      },
      "curvature_invariants": {
        "kretschmann": 9.247819459728409e-07,
        "note": "Ricci from fluid trace; Kretschmann from directional Hubble rates (Bianchi I tetrad formula).",
        "ricci_scalar": 0.0007444873606212159
      },
      "local_observables": {
        "H_mean": 0.015755957637613244,
        "constraint_residual_3H2_minus_8pirho_minus_sigma2": 1.0842021724855044e-19,
        "directional_hubbles": {
          "H1": 0.016348401855604506,
          "H2": 0.015459735528617614,
          "H3": 0.015459735528617614
        },
        "isotropization_sigma_over_H": 0.03256366606881528,
        "mean_scale_factor_a": 3.2319217960617905,
        "nearby_initial_condition": {
          "delta_s_used": {
            "ds1": 0.0001,
            "ds2": -5e-05,
            "ds3": -5e-05
          },
          "delta_sigma_over_H": 0.00016248338561185294,
          "delta_sigma_root": 2.5566280137251374e-06,
          "sigma2_perturbed": 2.6587261710320694e-07,
          "sigma_over_H_perturbed": 0.03272614945442713
        },
        "rho": 2.9622210878076247e-05,
        "shear_sigma2": 2.632426135734571e-07
      }
    },
    {
      "causal_structure": {
        "horizon_radius": null,
        "note": "No horizons in this homogeneous model; pressure point is symmetry breaking (directional expansion) rather than causal barriers.",
        "radial_null_cone_dr_dt": null,
        "region": "Bianchi I (homogeneous anisotropic expansion)"
      },
      "coordinates": {
        "t": 40.0000000000003
      },
      "curvature_invariants": {
        "kretschmann": 5.914502045553529e-07,
        "note": "Ricci from fluid trace; Kretschmann from directional Hubble rates (Bianchi I tetrad formula).",
        "ricci_scalar": 0.0005954476943616707
      },
      "local_observables": {
        "H_mean": 0.014090376020517069,
        "constraint_residual_3H2_minus_8pirho_minus_sigma2": -1.0842021724855044e-19,
        "directional_hubbles": {
          "H1": 0.01456421824041253,
          "H2": 0.013853454910569338,
          "H3": 0.013853454910569338
        },
        "isotropization_sigma_over_H": 0.02912338174776568,
        "mean_scale_factor_a": 3.481759322769537,
        "nearby_initial_condition": {
          "delta_s_used": {
            "ds1": 0.0001,
            "ds2": -5e-05,
            "ds3": -5e-05
          },
          "delta_sigma_over_H": 0.00014534899767983112,
          "delta_sigma_root": 2.0454141538819772e-06,
          "sigma2_perturbed": 1.7007773058477582e-07,
          "sigma_over_H_perturbed": 0.02926873074544551
        },
        "rho": 2.3692110977583e-05,
        "shear_sigma2": 1.6839483701659437e-07
      }
    },
    {
      "causal_structure": {
        "horizon_radius": null,
        "note": "No horizons in this homogeneous model; pressure point is symmetry breaking (directional expansion) rather than causal barriers.",
        "radial_null_cone_dr_dt": null,
        "region": "Bianchi I (homogeneous anisotropic expansion)"
      },
      "coordinates": {
        "t": 45.00000000000037
      },
      "curvature_invariants": {
        "kretschmann": 3.956739823617366e-07,
        "note": "Ricci from fluid trace; Kretschmann from directional Hubble rates (Bianchi I tetrad formula).",
        "ricci_scalar": 0.0004870656968840018
      },
      "local_observables": {
        "H_mean": 0.012743342955507686,
        "constraint_residual_3H2_minus_8pirho_minus_sigma2": 0.0,
        "directional_hubbles": {
          "H1": 0.013130937522136893,
          "H2": 0.012549545672193083,
          "H3": 0.012549545672193083
        },
        "isotropization_sigma_over_H": 0.02634055618228798,
        "mean_scale_factor_a": 3.722923438447024,
        "nearby_initial_condition": {
          "delta_s_used": {
            "ds1": 0.0001,
            "ds2": -5e-05,
            "ds3": -5e-05
          },
          "delta_sigma_over_H": 0.00013148362292811355,
          "delta_sigma_root": 1.6735291276430636e-06,
          "sigma2_perturbed": 1.1379845789682585e-07,
          "sigma_over_H_perturbed": 0.026472039805216094
        },
        "rho": 1.9379728317396913e-05,
        "shear_sigma2": 1.1267216106036242e-07
      }
    },
    {
      "causal_structure": {
        "horizon_radius": null,
        "note": "No horizons in this homogeneous model; pressure point is symmetry breaking (directional expansion) rather than causal barriers.",
        "radial_null_cone_dr_dt": null,
        "region": "Bianchi I (homogeneous anisotropic expansion)"
      },
      "coordinates": {
        "t": 50.00000000000044
      },
      "curvature_invariants": {
        "kretschmann": 2.7461156364254427e-07,
        "note": "Ricci from fluid trace; Kretschmann from directional Hubble rates (Bianchi I tetrad formula).",
        "ricci_scalar": 0.0004057925077587543
      },
      "local_observables": {
        "H_mean": 0.011631433208787685,
        "constraint_residual_3H2_minus_8pirho_minus_sigma2": 0.0,
        "directional_hubbles": {
          "H1": 0.011954352626419355,
          "H2": 0.01146997349997185,
          "H3": 0.01146997349997185
        },
        "isotropization_sigma_over_H": 0.024043160806100746,
        "mean_scale_factor_a": 3.956507060056388,
        "nearby_initial_condition": {
          "delta_s_used": {
            "ds1": 0.0001,
            "ds2": -5e-05,
            "ds3": -5e-05
          },
          "delta_sigma_over_H": 0.00012003320820343569,
          "delta_sigma_root": 1.3945766010747688e-06,
          "sigma2_perturbed": 7.898966215325799e-08,
          "sigma_over_H_perturbed": 0.024163194014304182
        },
        "rho": 1.614597086986551e-05,
        "shear_sigma2": 7.820771271268262e-08
      }
    },
    {
      "causal_structure": {
        "horizon_radius": null,
        "note": "No horizons in this homogeneous model; pressure point is symmetry breaking (directional expansion) rather than causal barriers.",
        "radial_null_cone_dr_dt": null,
        "region": "Bianchi I (homogeneous anisotropic expansion)"
      },
      "coordinates": {
        "t": 55.00000000000051
      },
      "curvature_invariants": {
        "kretschmann": 1.9651022065886662e-07,
        "note": "Ricci from fluid trace; Kretschmann from directional Hubble rates (Bianchi I tetrad formula).",
        "ricci_scalar": 0.0003432868086790461
      },
      "local_observables": {
        "H_mean": 0.010698018176875733,
        "constraint_residual_3H2_minus_8pirho_minus_sigma2": 0.0,
        "directional_hubbles": {
          "H1": 0.010971197139571566,
          "H2": 0.010561428695527817,
          "H3": 0.010561428695527817
        },
        "isotropization_sigma_over_H": 0.022114368994572416,
        "mean_scale_factor_a": 4.183382558048542,
        "nearby_initial_condition": {
          "delta_s_used": {
            "ds1": 0.0001,
            "ds2": -5e-05,
            "ds3": -5e-05
          },
          "delta_sigma_over_H": 0.00011041737036845967,
          "delta_sigma_root": 1.1799825471439846e-06,
          "sigma2_perturbed": 5.6529771960178226e-08,
          "sigma_over_H_perturbed": 0.022224786364940876
        },
        "rho": 1.3658948124877986e-05,
        "shear_sigma2": 5.5970059244678463e-08
      }
    },
    {
      "causal_structure": {
        "horizon_radius": null,
        "note": "No horizons in this homogeneous model; pressure point is symmetry breaking (directional expansion) rather than causal barriers.",
        "radial_null_cone_dr_dt": null,
        "region": "Bianchi I (homogeneous anisotropic expansion)"
      },
      "coordinates": {
        "t": 60.00000000000058
      },
      "curvature_invariants": {
        "kretschmann": 1.4430497904344302e-07,
        "note": "Ricci from fluid trace; Kretschmann from directional Hubble rates (Bianchi I tetrad formula).",
        "ricci_scalar": 0.0002941852589835803
      },
      "local_observables": {
        "H_mean": 0.009903305221219422,
        "constraint_residual_3H2_minus_8pirho_minus_sigma2": 5.421010862427522e-20,
        "directional_hubbles": {
          "H1": 0.010137410412149375,
          "H2": 0.009786252625754447,
          "H3": 0.009786252625754447
        },
        "isotropization_sigma_over_H": 0.020472058365800933,
        "mean_scale_factor_a": 4.40426035414626,
        "nearby_initial_condition": {
          "delta_s_used": {
            "ds1": 0.0001,
            "ds2": -5e-05,
            "ds3": -5e-05
          },
          "delta_sigma_over_H": 0.00010222790912947297,
          "delta_sigma_root": 1.0113681954323215e-06,
          "sigma2_perturbed": 4.151504486548178e-08,
          "sigma_over_H_perturbed": 0.020574286274930405
        },
        "rho": 1.1705259538001556e-05,
        "shear_sigma2": 4.110393031526211e-08
      }
    },
    {
      "causal_structure": {
        "horizon_radius": null,
        "note": "No horizons in this homogeneous model; pressure point is symmetry breaking (directional expansion) rather than causal barriers.",
        "radial_null_cone_dr_dt": null,
        "region": "Bianchi I (homogeneous anisotropic expansion)"
      },
      "coordinates": {
        "t": 65.00000000000058
      },
      "curvature_invariants": {
        "kretschmann": 1.0834158092074442e-07,
        "note": "Ricci from fluid trace; Kretschmann from directional Hubble rates (Bianchi I tetrad formula).",
        "ricci_scalar": 0.00025491208752668494
      },
      "local_observables": {
        "H_mean": 0.009218513065346176,
        "constraint_residual_3H2_minus_8pirho_minus_sigma2": 5.421010862427522e-20,
        "directional_hubbles": {
          "H1": 0.009421365659412146,
          "H2": 0.00911708676831319,
          "H3": 0.00911708676831319
        },
        "isotropization_sigma_over_H": 0.019056815176093263,
        "mean_scale_factor_a": 4.619728751724034,
        "nearby_initial_condition": {
          "delta_s_used": {
            "ds1": 0.0001,
            "ds2": -5e-05,
            "ds3": -5e-05
          },
          "delta_sigma_over_H": 9.516936382900423e-05,
          "delta_sigma_root": 8.764765806019645e-07,
          "sigma2_perturbed": 3.117060032318482e-08,
          "sigma_over_H_perturbed": 0.019151984539922267
        },
        "rho": 1.0142629695936447e-05,
        "shear_sigma2": 3.08618811894701e-08
      }
    },
    {
      "causal_structure": {
        "horizon_radius": null,
        "note": "No horizons in this homogeneous model; pressure point is symmetry breaking (directional expansion) rather than causal barriers.",
        "radial_null_cone_dr_dt": null,
        "region": "Bianchi I (homogeneous anisotropic expansion)"
      },
      "coordinates": {
        "t": 70.0000000000003
      },
      "curvature_invariants": {
        "kretschmann": 8.291605958591808e-08,
        "note": "Ricci from fluid trace; Kretschmann from directional Hubble rates (Bianchi I tetrad formula).",
        "ricci_scalar": 0.0002230090198078352
      },
      "local_observables": {
        "H_mean": 0.008622309051937603,
        "constraint_residual_3H2_minus_8pirho_minus_sigma2": 2.710505431213761e-20,
        "directional_hubbles": {
          "H1": 0.008799773991348897,
          "H2": 0.008533576582231956,
          "H3": 0.008533576582231956
        },
        "isotropization_sigma_over_H": 0.01782459256395006,
        "mean_scale_factor_a": 4.8302818944014705,
        "nearby_initial_condition": {
          "delta_s_used": {
            "ds1": 0.0001,
            "ds2": -5e-05,
            "ds3": -5e-05
          },
          "delta_sigma_over_H": 8.902260579150834e-05,
          "delta_sigma_root": 7.668789336329055e-07,
          "sigma2_perturbed": 2.3856663579990738e-08,
          "sigma_over_H_perturbed": 0.01791361516974157
        },
        "rho": 8.873246964123844e-06,
        "shear_sigma2": 2.3620353540190526e-08
      }
    },
    {
      "causal_structure": {
        "horizon_radius": null,
        "note": "No horizons in this homogeneous model; pressure point is symmetry breaking (directional expansion) rather than causal barriers.",
        "radial_null_cone_dr_dt": null,
        "region": "Bianchi I (homogeneous anisotropic expansion)"
      },
      "coordinates": {
        "t": 75.00000000000001
      },
      "curvature_invariants": {
        "kretschmann": 6.45307005320159e-08,
        "note": "Ricci from fluid trace; Kretschmann from directional Hubble rates (Bianchi I tetrad formula).",
        "ricci_scalar": 0.0001967409449947691
      },
      "local_observables": {
        "H_mean": 0.008098545725727553,
        "constraint_residual_3H2_minus_8pirho_minus_sigma2": -2.710505431213761e-20,
        "directional_hubbles": {
          "H1": 0.00825510719536364,
          "H2": 0.00802026499090951,
          "H3": 0.00802026499090951
        },
        "isotropization_sigma_over_H": 0.01674204413367017,
        "mean_scale_factor_a": 5.036339931230682,
        "nearby_initial_condition": {
          "delta_s_used": {
            "ds1": 0.0001,
            "ds2": -5e-05,
            "ds3": -5e-05
          },
          "delta_sigma_over_H": 8.362168348919827e-05,
          "delta_sigma_root": 6.766245167231307e-07,
          "sigma2_perturbed": 1.856756005927018e-08,
          "sigma_over_H_perturbed": 0.016825665817159368
        },
        "rho": 7.828073476122048e-06,
        "shear_sigma2": 1.838362033095833e-08
      }
    },
    {
      "causal_structure": {
        "horizon_radius": null,
        "note": "No horizons in this homogeneous model; pressure point is symmetry breaking (directional expansion) rather than causal barriers.",
        "radial_null_cone_dr_dt": null,
        "region": "Bianchi I (homogeneous anisotropic expansion)"
      },
      "coordinates": {
        "t": 79.99999999999973
      },
      "curvature_invariants": {
        "kretschmann": 5.097042099187857e-08,
        "note": "Ricci from fluid trace; Kretschmann from directional Hubble rates (Bianchi I tetrad formula).",
        "ricci_scalar": 0.00017485487154386296
      },
      "local_observables": {
        "H_mean": 0.007634775538285967,
        "constraint_residual_3H2_minus_8pirho_minus_sigma2": -2.710505431213761e-20,
        "directional_hubbles": {
          "H1": 0.007773920624036492,
          "H2": 0.007565202995410704,
          "H3": 0.007565202995410704
        },
        "isotropization_sigma_over_H": 0.01578346062270379,
        "mean_scale_factor_a": 5.238263902558112,
        "nearby_initial_condition": {
          "delta_s_used": {
            "ds1": 0.0001,
            "ds2": -5e-05,
            "ds3": -5e-05
          },
          "delta_sigma_over_H": 7.883861424369532e-05,
          "delta_sigma_root": 6.014150778890147e-07,
          "sigma2_perturbed": 1.4666322724141194e-08,
          "sigma_over_H_perturbed": 0.015862299236947486
        },
        "rho": 6.9572542824760455e-06,
        "shear_sigma2": 1.45210161663907e-08
      }
    },
    {
      "causal_structure": {
        "horizon_radius": null,
        "note": "No horizons in this homogeneous model; pressure point is symmetry breaking (directional expansion) rather than causal barriers.",
        "radial_null_cone_dr_dt": null,
        "region": "Bianchi I (homogeneous anisotropic expansion)"
      },
      "coordinates": {
        "t": 84.99999999999945
      },
      "curvature_invariants": {
        "kretschmann": 4.0792279241245696e-08,
        "note": "Ricci from fluid trace; Kretschmann from directional Hubble rates (Bianchi I tetrad formula).",
        "ricci_scalar": 0.00015642766703862269
      },
      "local_observables": {
        "H_mean": 0.007221248477287616,
        "constraint_residual_3H2_minus_8pirho_minus_sigma2": 0.0,
        "directional_hubbles": {
          "H1": 0.007345729659605626,
          "H2": 0.007159007886128611,
          "H3": 0.007159007886128611
        },
        "isotropization_sigma_over_H": 0.01492870194393469,
        "mean_scale_factor_a": 5.436366951858788,
        "nearby_initial_condition": {
          "delta_s_used": {
            "ds1": 0.0001,
            "ds2": -5e-05,
            "ds3": -5e-05
          },
          "delta_sigma_over_H": 7.457311289739248e-05,
          "delta_sigma_root": 5.380832441266668e-07,
          "sigma2_perturbed": 1.1737978005132492e-08,
          "sigma_over_H_perturbed": 0.015003275056832082
        },
        "rho": 6.224059111382487e-06,
        "shear_sigma2": 1.162167356346726e-08
      }
    },
    {
      "causal_structure": {
        "horizon_radius": null,
        "note": "No horizons in this homogeneous model; pressure point is symmetry breaking (directional expansion) rather than causal barriers.",
        "radial_null_cone_dr_dt": null,
        "region": "Bianchi I (homogeneous anisotropic expansion)"
      },
      "coordinates": {
        "t": 89.99999999999916
      },
      "curvature_invariants": {
        "kretschmann": 3.3032612364618545e-08,
        "note": "Ricci from fluid trace; Kretschmann from directional Hubble rates (Bianchi I tetrad formula).",
        "ricci_scalar": 0.0001407670832585704
      },
      "local_observables": {
        "H_mean": 0.006850218839123238,
        "constraint_residual_3H2_minus_8pirho_minus_sigma2": 0.0,
        "directional_hubbles": {
          "H1": 0.006962237724830702,
          "H2": 0.006794209396269506,
          "H3": 0.006794209396269506
        },
        "isotropization_sigma_over_H": 0.014161766653677575,
        "mean_scale_factor_a": 5.630922920116075,
        "nearby_initial_condition": {
          "delta_s_used": {
            "ds1": 0.0001,
            "ds2": -5e-05,
            "ds3": -5e-05
          },
          "delta_sigma_over_H": 7.074548366024953e-05,
          "delta_sigma_root": 4.842533744274817e-07,
          "sigma2_perturbed": 9.505363570304987e-09,
          "sigma_over_H_perturbed": 0.014232512137337824
        },
        "rho": 5.600944281307466e-06,
        "shear_sigma2": 9.411173066356408e-09
      }
    },
    {
      "causal_structure": {
        "horizon_radius": null,
        "note": "No horizons in this homogeneous model; pressure point is symmetry breaking (directional expansion) rather than causal barriers.",
        "radial_null_cone_dr_dt": null,
        "region": "Bianchi I (homogeneous anisotropic expansion)"
      },
      "coordinates": {
        "t": 94.99999999999888
      },
      "curvature_invariants": {
        "kretschmann": 2.7033424495003805e-08,
        "note": "Ricci from fluid trace; Kretschmann from directional Hubble rates (Bianchi I tetrad formula).",
        "ricci_scalar": 0.00012734577283258754
      },
      "local_observables": {
        "H_mean": 0.006515455342447914,
        "constraint_residual_3H2_minus_8pirho_minus_sigma2": 0.0,
        "directional_hubbles": {
          "H1": 0.006616793888662295,
          "H2": 0.0064647860693407225,
          "H3": 0.0064647860693407225
        },
        "isotropization_sigma_over_H": 0.013469780819841376,
        "mean_scale_factor_a": 5.822173036769688,
        "nearby_initial_condition": {
          "delta_s_used": {
            "ds1": 0.0001,
            "ds2": -5e-05,
            "ds3": -5e-05
          },
          "delta_sigma_over_H": 6.729159412465976e-05,
          "delta_sigma_root": 4.381154101986486e-07,
          "sigma2_perturbed": 7.7792172116833e-09,
          "sigma_over_H_perturbed": 0.013537072413966036
        },
        "rho": 5.066927307040975e-06,
        "shear_sigma2": 7.702125711633287e-09
      }
    },
    {
      "causal_structure": {
        "horizon_radius": null,
        "note": "No horizons in this homogeneous model; pressure point is symmetry breaking (directional expansion) rather than causal barriers.",
        "radial_null_cone_dr_dt": null,
        "region": "Bianchi I (homogeneous anisotropic expansion)"
      },
      "coordinates": {
        "t": 99.9999999999986
      },
      "curvature_invariants": {
        "kretschmann": 2.2336430293967645e-08,
        "note": "Ricci from fluid trace; Kretschmann from directional Hubble rates (Bianchi I tetrad formula).",
        "ricci_scalar": 0.00011575630238011936
      },
      "local_observables": {
        "H_mean": 0.006211888236538474,
        "constraint_residual_3H2_minus_8pirho_minus_sigma2": -1.3552527156068805e-20,
        "directional_hubbles": {
          "H1": 0.006304004175194522,
          "H2": 0.00616583026721045,
          "H3": 0.00616583026721045
        },
        "isotropization_sigma_over_H": 0.012842269521262462,
        "mean_scale_factor_a": 6.010331201097103,
        "nearby_initial_condition": {
          "delta_s_used": {
            "ds1": 0.0001,
            "ds2": -5e-05,
            "ds3": -5e-05
          },
          "delta_sigma_over_H": 6.415925299491955e-05,
          "delta_sigma_root": 3.982706558206369e-07,
          "sigma2_perturbed": 6.4277121137797774e-09,
          "sigma_over_H_perturbed": 0.012906428774257381
        },
        "rho": 4.605796929459032e-06,
        "shear_sigma2": 6.364009615863649e-09
      }
    },
    {
      "causal_structure": {
        "horizon_radius": null,
        "note": "No horizons in this homogeneous model; pressure point is symmetry breaking (directional expansion) rather than causal barriers.",
        "radial_null_cone_dr_dt": null,
        "region": "Bianchi I (homogeneous anisotropic expansion)"
      },
      "coordinates": {
        "t": 104.99999999999831
      },
      "curvature_invariants": {
        "kretschmann": 1.8616686440976724e-08,
        "note": "Ricci from fluid trace; Kretschmann from directional Hubble rates (Bianchi I tetrad formula).",
        "ricci_scalar": 0.00010567985943691044
      },
      "local_observables": {
        "H_mean": 0.0059353506976251086,
        "constraint_residual_3H2_minus_8pirho_minus_sigma2": -1.3552527156068805e-20,
        "directional_hubbles": {
          "H1": 0.006019448057759361,
          "H2": 0.005893302017557982,
          "H3": 0.005893302017557982
        },
        "isotropization_sigma_over_H": 0.012270622913084537,
        "mean_scale_factor_a": 6.195588202721661,
        "nearby_initial_condition": {
          "delta_s_used": {
            "ds1": 0.0001,
            "ds2": -5e-05,
            "ds3": -5e-05
          },
          "delta_sigma_over_H": 6.130555448950227e-05,
          "delta_sigma_root": 3.636244816784145e-07,
          "sigma2_perturbed": 5.357372578384065e-09,
          "sigma_over_H_perturbed": 0.01233192846757404
        },
        "rho": 4.204868003660245e-06,
        "shear_sigma2": 5.304274486162559e-09
      }
    },
    {
      "causal_structure": {
        "horizon_radius": null,
        "note": "No horizons in this homogeneous model; pressure point is symmetry breaking (directional expansion) rather than causal barriers.",
        "radial_null_cone_dr_dt": null,
        "region": "Bianchi I (homogeneous anisotropic expansion)"
      },
      "coordinates": {
        "t": 109.99999999999802
      },
      "curvature_invariants": {
        "kretschmann": 1.5640037479836444e-08,
        "note": "Ricci from fluid trace; Kretschmann from directional Hubble rates (Bianchi I tetrad formula).",
        "ricci_scalar": 9.686408847437338e-05
      },
      "local_observables": {
        "H_mean": 0.005682386373685771,
        "constraint_residual_3H2_minus_8pirho_minus_sigma2": -1.3552527156068805e-20,
        "directional_hubbles": {
          "H1": 0.005759468366185662,
          "H2": 0.005643845377435825,
          "H3": 0.005643845377435825
        },
        "isotropization_sigma_over_H": 0.011747698816884158,
        "mean_scale_factor_a": 6.378115132008166,
        "nearby_initial_condition": {
          "delta_s_used": {
            "ds1": 0.0001,
            "ds2": -5e-05,
            "ds3": -5e-05
          },
          "delta_sigma_over_H": 5.869490126116095e-05,
          "delta_sigma_root": 3.333103148141128e-07,
          "sigma2_perturbed": 4.500836507499532e-09,
          "sigma_over_H_perturbed": 0.01180639371814532
        },
        "rho": 3.854099622196803e-06,
        "shear_sigma2": 4.4562251758149166e-09
      }
    },
    {
      "causal_structure": {
        "horizon_radius": null,
        "note": "No horizons in this homogeneous model; pressure point is symmetry breaking (directional expansion) rather than causal barriers.",
        "radial_null_cone_dr_dt": null,
        "region": "Bianchi I (homogeneous anisotropic expansion)"
      },
      "coordinates": {
        "t": 114.99999999999774
      },
      "curvature_invariants": {
        "kretschmann": 1.3235248637339838e-08,
        "note": "Ricci from fluid trace; Kretschmann from directional Hubble rates (Bianchi I tetrad formula).",
        "ricci_scalar": 8.910713445001323e-05
      },
      "local_observables": {
        "H_mean": 0.005450104143851671,
        "constraint_residual_3H2_minus_8pirho_minus_sigma2": 1.3552527156068805e-20,
        "directional_hubbles": {
          "H1": 0.005521013348465513,
          "H2": 0.00541464954154475,
          "H3": 0.00541464954154475
        },
        "isotropization_sigma_over_H": 0.011267522773305682,
        "mean_scale_factor_a": 6.5580661636814765,
        "nearby_initial_condition": {
          "delta_s_used": {
            "ds1": 0.0001,
            "ds2": -5e-05,
            "ds3": -5e-05
          },
          "delta_sigma_over_H": 5.6297511837921296e-05,
          "delta_sigma_root": 3.0663490832656313e-07,
          "sigma2_perturbed": 3.808840891188149e-09,
          "sigma_over_H_perturbed": 0.011323820285143603
        },
        "rho": 3.545460228118431e-06,
        "shear_sigma2": 3.77108647422584e-09
      }
    },
    {
      "causal_structure": {
        "horizon_radius": null,
        "note": "No horizons in this homogeneous model; pressure point is symmetry breaking (directional expansion) rather than causal barriers.",
        "radial_null_cone_dr_dt": null,
        "region": "Bianchi I (homogeneous anisotropic expansion)"
      },
      "coordinates": {
        "t": 119.99999999999746
      },
      "curvature_invariants": {
        "kretschmann": 1.1275403118723218e-08,
        "note": "Ricci from fluid trace; Kretschmann from directional Hubble rates (Bianchi I tetrad formula).",
        "ricci_scalar": 8.224598361018757e-05
      },
      "local_observables": {
        "H_mean": 0.005236067109189642,
        "constraint_residual_3H2_minus_8pirho_minus_sigma2": 1.3552527156068805e-20,
        "directional_hubbles": {
          "H1": 0.005301516383442235,
          "H2": 0.0052033424720633464,
          "H3": 0.0052033424720633464
        },
        "isotropization_sigma_over_H": 0.010825058766439669,
        "mean_scale_factor_a": 6.735580849722483,
        "nearby_initial_condition": {
          "delta_s_used": {
            "ds1": 0.0001,
            "ds2": -5e-05,
            "ds3": -5e-05
          },
          "delta_sigma_over_H": 5.408827948979143e-05,
          "delta_sigma_root": 2.8303834390753434e-07,
          "sigma2_perturbed": 3.2448713781047594e-09,
          "sigma_over_H_perturbed": 0.01087914704592946
        },
        "rho": 3.27246371025409e-06,
        "shear_sigma2": 3.212705625143286e-09
      }
    },
    {
      "causal_structure": {
        "horizon_radius": null,
        "note": "No horizons in this homogeneous model; pressure point is symmetry breaking (directional expansion) rather than causal barriers.",
        "radial_null_cone_dr_dt": null,
        "region": "Bianchi I (homogeneous anisotropic expansion)"
      },
      "coordinates": {
        "t": 124.99999999999717
      },
      "curvature_invariants": {
        "kretschmann": 9.665264558401136e-09,
        "note": "Ricci from fluid trace; Kretschmann from directional Hubble rates (Bianchi I tetrad formula).",
        "ricci_scalar": 7.614782804793812e-05
      },
      "local_observables": {
        "H_mean": 0.00503820675774207,
        "constraint_residual_3H2_minus_8pirho_minus_sigma2": 0.0,
        "directional_hubbles": {
          "H1": 0.0050988032739837635,
          "H2": 0.005007908499621224,
          "H3": 0.005007908499621224
        },
        "isotropization_sigma_over_H": 0.010416031927530737,
        "mean_scale_factor_a": 6.9107860238856835,
        "nearby_initial_condition": {
          "delta_s_used": {
            "ds1": 0.0001,
            "ds2": -5e-05,
            "ds3": -5e-05
          },
          "delta_sigma_over_H": 5.2045889632319764e-05,
          "delta_sigma_root": 2.620644030622274e-07,
          "sigma2_perturbed": 2.7815273088890297e-09,
          "sigma_over_H_perturbed": 0.010468077817163057
        },
        "rho": 3.029825809885256e-06,
        "shear_sigma2": 2.7539533354723276e-09
      }
    },
    {
      "causal_structure": {
        "horizon_radius": null,
        "note": "No horizons in this homogeneous model; pressure point is symmetry breaking (directional expansion) rather than causal barriers.",
        "radial_null_cone_dr_dt": null,
        "region": "Bianchi I (homogeneous anisotropic expansion)"
      },
      "coordinates": {
        "t": 129.9999999999969
      },
      "curvature_invariants": {
        "kretschmann": 8.33255298770652e-09,
        "note": "Ricci from fluid trace; Kretschmann from directional Hubble rates (Bianchi I tetrad formula).",
        "ricci_scalar": 7.070358989198022e-05
      },
      "local_observables": {
        "H_mean": 0.004854755885766506,
        "constraint_residual_3H2_minus_8pirho_minus_sigma2": 0.0,
        "directional_hubbles": {
          "H1": 0.0049110200149356025,
          "H2": 0.004826623821181957,
          "H3": 0.004826623821181957
        },
        "isotropization_sigma_over_H": 0.010036789970244596,
        "mean_scale_factor_a": 7.083797395782143,
        "nearby_initial_condition": {
          "delta_s_used": {
            "ds1": 0.0001,
            "ds2": -5e-05,
            "ds3": -5e-05
          },
          "delta_sigma_over_H": 5.015212991607912e-05,
          "delta_sigma_root": 2.433383450294136e-07,
          "sigma2_perturbed": 2.3980122757079545e-09,
          "sigma_over_H_perturbed": 0.010086942100160675
        },
        "rho": 2.8132064564127047e-06,
        "shear_sigma2": 2.3742391733676377e-09
      }
    },
    {
      "causal_structure": {
        "horizon_radius": null,
        "note": "No horizons in this homogeneous model; pressure point is symmetry breaking (directional expansion) rather than causal barriers.",
        "radial_null_cone_dr_dt": null,
        "region": "Bianchi I (homogeneous anisotropic expansion)"
      },
      "coordinates": {
        "t": 134.99999999999662
      },
      "curvature_invariants": {
        "kretschmann": 7.221832877404491e-09,
        "note": "Ricci from fluid trace; Kretschmann from directional Hubble rates (Bianchi I tetrad formula).",
        "ricci_scalar": 6.58230092138189e-05
      },
      "local_observables": {
        "H_mean": 0.004684195661463719,
        "constraint_residual_3H2_minus_8pirho_minus_sigma2": 0.0,
        "directional_hubbles": {
          "H1": 0.004736575947929557,
          "H2": 0.004658005518230801,
          "H3": 0.004658005518230801
        },
        "isotropization_sigma_over_H": 0.009684193832916483,
        "mean_scale_factor_a": 7.254720894564694,
        "nearby_initial_condition": {
          "delta_s_used": {
            "ds1": 0.0001,
            "ds2": -5e-05,
            "ds3": -5e-05
          },
          "delta_sigma_over_H": 4.839134564802068e-05,
          "delta_sigma_root": 2.2655004844831817e-07,
          "sigma2_perturbed": 2.0783759576760036e-09,
          "sigma_over_H_perturbed": 0.009732585178564504
        },
        "rho": 2.619014321390662e-06,
        "shear_sigma2": 2.0577708076823637e-09
      }
    },
    {
      "causal_structure": {
        "horizon_radius": null,
        "note": "No horizons in this homogeneous model; pressure point is symmetry breaking (directional expansion) rather than causal barriers.",
        "radial_null_cone_dr_dt": null,
        "region": "Bianchi I (homogeneous anisotropic expansion)"
      },
      "coordinates": {
        "t": 139.99999999999633
      },
      "curvature_invariants": {
        "kretschmann": 6.290172454079033e-09,
        "note": "Ricci from fluid trace; Kretschmann from directional Hubble rates (Bianchi I tetrad formula).",
        "ricci_scalar": 6.143087854344084e-05
      },
      "local_observables": {
        "H_mean": 0.004525213470512385,
        "constraint_residual_3H2_minus_8pirho_minus_sigma2": 1.3552527156068805e-20,
        "directional_hubbles": {
          "H1": 0.004574098610441204,
          "H2": 0.004500770900547976,
          "H3": 0.004500770900547976
        },
        "isotropization_sigma_over_H": 0.009355530589172517,
        "mean_scale_factor_a": 7.423653808943318,
        "nearby_initial_condition": {
          "delta_s_used": {
            "ds1": 0.0001,
            "ds2": -5e-05,
            "ds3": -5e-05
          },
          "delta_sigma_over_H": 4.675000603869897e-05,
          "delta_sigma_root": 2.114410865808024e-07,
          "sigma2_perturbed": 1.810265430436378e-09,
          "sigma_over_H_perturbed": 0.009402280595211216
        },
        "rho": 2.4442569946666155e-06,
        "shear_sigma2": 1.7923176793951507e-09
      }
    },
    {
      "causal_structure": {
        "horizon_radius": null,
        "note": "No horizons in this homogeneous model; pressure point is symmetry breaking (directional expansion) rather than causal barriers.",
        "radial_null_cone_dr_dt": null,
        "region": "Bianchi I (homogeneous anisotropic expansion)"
      },
      "coordinates": {
        "t": 144.99999999999605
      },
      "curvature_invariants": {
        "kretschmann": 5.504021849735696e-09,
        "note": "Ricci from fluid trace; Kretschmann from directional Hubble rates (Bianchi I tetrad formula).",
        "ricci_scalar": 5.746412800417915e-05
      },
      "local_observables": {
        "H_mean": 0.004376669065471795,
        "constraint_residual_3H2_minus_8pirho_minus_sigma2": 0.0,
        "directional_hubbles": {
          "H1": 0.004422397565616643,
          "H2": 0.0043538048153993715,
          "H3": 0.0043538048153993715
        },
        "isotropization_sigma_over_H": 0.009048443510345582,
        "mean_scale_factor_a": 7.59068576025103,
        "nearby_initial_condition": {
          "delta_s_used": {
            "ds1": 0.0001,
            "ds2": -5e-05,
            "ds3": -5e-05
          },
          "delta_sigma_over_H": 4.5216355825647425e-05,
          "delta_sigma_root": 1.9779472105269715e-07,
          "sigma2_perturbed": 1.584027066893116e-09,
          "sigma_over_H_perturbed": 0.009093659866171229
        },
        "rho": 2.2864250055826306e-06,
        "shear_sigma2": 1.568321794123005e-09
      }
    },
    {
      "causal_structure": {
        "horizon_radius": null,
        "note": "No horizons in this homogeneous model; pressure point is symmetry breaking (directional expansion) rather than causal barriers.",
        "radial_null_cone_dr_dt": null,
        "region": "Bianchi I (homogeneous anisotropic expansion)"
      },
      "coordinates": {
        "t": 149.99999999999577
      },
      "curvature_invariants": {
        "kretschmann": 4.836941402437761e-09,
        "note": "Ricci from fluid trace; Kretschmann from directional Hubble rates (Bianchi I tetrad formula).",
        "ricci_scalar": 5.386954834297179e-05
      },
      "local_observables": {
        "H_mean": 0.0042375671712913095,
        "constraint_residual_3H2_minus_8pirho_minus_sigma2": 6.776263578034403e-21,
        "directional_hubbles": {
          "H1": 0.004280435195826987,
          "H2": 0.004216133159023471,
          "H3": 0.004216133159023471
        },
        "isotropization_sigma_over_H": 0.008760875463984298,
        "mean_scale_factor_a": 7.755899537674317,
        "nearby_initial_condition": {
          "delta_s_used": {
            "ds1": 0.0001,
            "ds2": -5e-05,
            "ds3": -5e-05
          },
          "delta_sigma_over_H": 4.3780133290614864e-05,
          "delta_sigma_root": 1.8542808452193807e-07,
          "sigma2_perturbed": 1.39205298972659e-09,
          "sigma_over_H_perturbed": 0.008804655597274913
        },
        "rho": 2.1434012252279452e-06,
        "shear_sigma2": 1.3782506456935903e-09
      }
    },
    {
      "causal_structure": {
        "horizon_radius": null,
        "note": "No horizons in this homogeneous model; pressure point is symmetry breaking (directional expansion) rather than causal barriers.",
        "radial_null_cone_dr_dt": null,
        "region": "Bianchi I (homogeneous anisotropic expansion)"
      },
      "coordinates": {
        "t": 154.99999999999548
      },
      "curvature_invariants": {
        "kretschmann": 4.267930473971293e-09,
        "note": "Ricci from fluid trace; Kretschmann from directional Hubble rates (Bianchi I tetrad formula).",
        "ricci_scalar": 5.0601997162101485e-05
      },
      "local_observables": {
        "H_mean": 0.004107035154596741,
        "constraint_residual_3H2_minus_8pirho_minus_sigma2": 6.776263578034403e-21,
        "directional_hubbles": {
          "H1": 0.004147302944519325,
          "H2": 0.004086901259635449,
          "H3": 0.004086901259635449
        },
        "isotropization_sigma_over_H": 0.008491022773004855,
        "mean_scale_factor_a": 7.919371818922555,
        "nearby_initial_condition": {
          "delta_s_used": {
            "ds1": 0.0001,
            "ds2": -5e-05,
            "ds3": -5e-05
          },
          "delta_sigma_over_H": 4.24323403622924e-05,
          "delta_sigma_root": 1.7418602163718982e-07,
          "sigma2_perturbed": 1.2283002732473026e-09,
          "sigma_over_H_perturbed": 0.008533455113367148
        },
        "rho": 2.013389494667628e-06,
        "shear_sigma2": 1.2161211789369966e-09
      }
    },
    {
      "causal_structure": {
        "horizon_radius": null,
        "note": "No horizons in this homogeneous model; pressure point is symmetry breaking (directional expansion) rather than causal barriers.",
        "radial_null_cone_dr_dt": null,
        "region": "Bianchi I (homogeneous anisotropic expansion)"
      },
      "coordinates": {
        "t": 159.9999999999952
      },
      "curvature_invariants": {
        "kretschmann": 3.780185466929886e-09,
        "note": "Ricci from fluid trace; Kretschmann from directional Hubble rates (Bianchi I tetrad formula).",
        "ricci_scalar": 4.762297461778011e-05
      },
      "local_observables": {
        "H_mean": 0.003984304697341858,
        "constraint_residual_3H2_minus_8pirho_minus_sigma2": -6.776263578034403e-21,
        "directional_hubbles": {
          "H1": 0.004022201856445166,
          "H2": 0.0039653561177902035,
          "H3": 0.0039653561177902035
        },
        "isotropization_sigma_over_H": 0.008237297347419596,
        "mean_scale_factor_a": 8.081173795086277,
        "nearby_initial_condition": {
          "delta_s_used": {
            "ds1": 0.0001,
            "ds2": -5e-05,
            "ds3": -5e-05
          },
          "delta_sigma_over_H": 4.1165053915815514e-05,
          "delta_sigma_root": 1.6393619810548064e-07,
          "sigma2_perturbed": 1.0879336162340491e-09,
          "sigma_over_H_perturbed": 0.008278462401335411
        },
        "rho": 1.8948579537898924e-06,
        "shear_sigma2": 1.0771460010760866e-09
      }
    },
    {
      "causal_structure": {
        "horizon_radius": null,
        "note": "No horizons in this homogeneous model; pressure point is symmetry breaking (directional expansion) rather than causal barriers.",
        "radial_null_cone_dr_dt": null,
        "region": "Bianchi I (homogeneous anisotropic expansion)"
      },
      "coordinates": {
        "t": 164.9999999999949
      },
      "curvature_invariants": {
        "kretschmann": 3.360167984508684e-09,
        "note": "Ricci from fluid trace; Kretschmann from directional Hubble rates (Bianchi I tetrad formula).",
        "ricci_scalar": 4.4899484105250554e-05
      },
      "local_observables": {
        "H_mean": 0.0038686966613742184,
        "constraint_residual_3H2_minus_8pirho_minus_sigma2": 0.0,
        "directional_hubbles": {
          "H1": 0.0039044265355882885,
          "H2": 0.0038508317242671834,
          "H3": 0.0038508317242671834
        },
        "isotropization_sigma_over_H": 0.007998295408463446,
        "mean_scale_factor_a": 8.241371714897923,
        "nearby_initial_condition": {
          "delta_s_used": {
            "ds1": 0.0001,
            "ds2": -5e-05,
            "ds3": -5e-05
          },
          "delta_sigma_over_H": 3.997126990613539e-05,
          "delta_sigma_root": 1.5456518801363776e-07,
          "sigma2_perturbed": 9.670572385666537e-10,
          "sigma_over_H_perturbed": 0.008038266678369582
        },
        "rho": 1.7864937094066528e-06,
        "shear_sigma2": 9.574679335149544e-10
      }
    },
    {
      "causal_structure": {
        "horizon_radius": null,
        "note": "No horizons in this homogeneous model; pressure point is symmetry breaking (directional expansion) rather than causal barriers.",
        "radial_null_cone_dr_dt": null,
        "region": "Bianchi I (homogeneous anisotropic expansion)"
      },
      "coordinates": {
        "t": 169.99999999999463
      },
      "curvature_invariants": {
        "kretschmann": 2.996899417699224e-09,
        "note": "Ricci from fluid trace; Kretschmann from directional Hubble rates (Bianchi I tetrad formula).",
        "ricci_scalar": 4.240311457642767e-05
      },
      "local_observables": {
        "H_mean": 0.0037596085139939843,
        "constraint_residual_3H2_minus_8pirho_minus_sigma2": 0.0,
        "directional_hubbles": {
          "H1": 0.0037933518404551316,
          "H2": 0.0037427368507634107,
          "H3": 0.0037427368507634107
        },
        "isotropization_sigma_over_H": 0.007772771503940696,
        "mean_scale_factor_a": 8.400027360822337,
        "nearby_initial_condition": {
          "delta_s_used": {
            "ds1": 0.0001,
            "ds2": -5e-05,
            "ds3": -5e-05
          },
          "delta_sigma_over_H": 3.8844773857542834e-05,
          "delta_sigma_root": 1.4597532200775375e-07,
          "sigma2_perturbed": 8.625119197368829e-10,
          "sigma_over_H_perturbed": 0.007811616277798239
        },
        "rho": 1.6871663218326158e-06,
        "shear_sigma2": 8.539590604976754e-10
      }
    },
    {
      "causal_structure": {
        "horizon_radius": null,
        "note": "No horizons in this homogeneous model; pressure point is symmetry breaking (directional expansion) rather than causal barriers.",
        "radial_null_cone_dr_dt": null,
        "region": "Bianchi I (homogeneous anisotropic expansion)"
      },
      "coordinates": {
        "t": 174.99999999999434
      },
      "curvature_invariants": {
        "kretschmann": 2.6814224439403432e-09,
        "note": "Ricci from fluid trace; Kretschmann from directional Hubble rates (Bianchi I tetrad formula).",
        "ricci_scalar": 4.010929655128653e-05
      },
      "local_observables": {
        "H_mean": 0.0036565038228071308,
        "constraint_residual_3H2_minus_8pirho_minus_sigma2": 6.776263578034403e-21,
        "directional_hubbles": {
          "H1": 0.0036884217868806807,
          "H2": 0.003640544840770356,
          "H3": 0.003640544840770356
        },
        "isotropization_sigma_over_H": 0.007559616799074565,
        "mean_scale_factor_a": 8.557198467192505,
        "nearby_initial_condition": {
          "delta_s_used": {
            "ds1": 0.0001,
            "ds2": -5e-05,
            "ds3": -5e-05
          },
          "delta_sigma_over_H": 3.7780032652787e-05,
          "delta_sigma_root": 1.3808213181650935e-07,
          "sigma2_perturbed": 7.717200580546647e-10,
          "sigma_over_H_perturbed": 0.007597396831727352
        },
        "rho": 1.5958982025189905e-06,
        "shear_sigma2": 7.640673229503108e-10
      }
    },
    {
      "causal_structure": {
        "horizon_radius": null,
        "note": "No horizons in this homogeneous model; pressure point is symmetry breaking (directional expansion) rather than causal barriers.",
        "radial_null_cone_dr_dt": null,
        "region": "Bianchi I (homogeneous anisotropic expansion)"
      },
      "coordinates": {
        "t": 179.99999999999406
      },
      "curvature_invariants": {
        "kretschmann": 2.406386685926904e-09,
        "note": "Ricci from fluid trace; Kretschmann from directional Hubble rates (Bianchi I tetrad formula).",
        "ricci_scalar": 3.799669524175238e-05
      },
      "local_observables": {
        "H_mean": 0.003558903433186168,
        "constraint_residual_3H2_minus_8pirho_minus_sigma2": 6.776263578034403e-21,
        "directional_hubbles": {
          "H1": 0.0035891402425525234,
          "H2": 0.00354378502850299,
          "H3": 0.00354378502850299
        },
        "isotropization_sigma_over_H": 0.007357840844028698,
        "mean_scale_factor_a": 8.712939088837528,
        "nearby_initial_condition": {
          "delta_s_used": {
            "ds1": 0.0001,
            "ds2": -5e-05,
            "ds3": -5e-05
          },
          "delta_sigma_over_H": 3.677210364369087e-05,
          "delta_sigma_root": 1.3081226556537628e-07,
          "sigma2_perturbed": 6.925664517728394e-10,
          "sigma_over_H_perturbed": 0.0073946129476723885
        },
        "rho": 1.5118404672202976e-06,
        "shear_sigma2": 6.856984804929941e-10
      }
    },
    {
      "causal_structure": {
        "horizon_radius": null,
        "note": "No horizons in this homogeneous model; pressure point is symmetry breaking (directional expansion) rather than causal barriers.",
        "radial_null_cone_dr_dt": null,
        "region": "Bianchi I (homogeneous anisotropic expansion)"
      },
      "coordinates": {
        "t": 184.99999999999378
      },
      "curvature_invariants": {
        "kretschmann": 2.1657275217457405e-09,
        "note": "Ricci from fluid trace; Kretschmann from directional Hubble rates (Bianchi I tetrad formula).",
        "ricci_scalar": 3.6046712651440315e-05
      },
      "local_observables": {
        "H_mean": 0.003466378022088249,
        "constraint_residual_3H2_minus_8pirho_minus_sigma2": 0.0,
        "directional_hubbles": {
          "H1": 0.003495063084612522,
          "H2": 0.003452035490826113,
          "H3": 0.003452035490826113
        },
        "isotropization_sigma_over_H": 0.00716655618540977,
        "mean_scale_factor_a": 8.867299927226536,
        "nearby_initial_condition": {
          "delta_s_used": {
            "ds1": 0.0001,
            "ds2": -5e-05,
            "ds3": -5e-05
          },
          "delta_sigma_over_H": 3.581655793271493e-05,
          "delta_sigma_root": 1.2410177730429425e-07,
          "sigma2_perturbed": 6.233058811974136e-10,
          "sigma_over_H_perturbed": 0.007202372743342485
        },
        "rho": 1.4342531251724719e-06,
        "shear_sigma2": 6.171246090160703e-10
      }
    },
    {
      "causal_structure": {
        "horizon_radius": null,
        "note": "No horizons in this homogeneous model; pressure point is symmetry breaking (directional expansion) rather than causal barriers.",
        "radial_null_cone_dr_dt": null,
        "region": "Bianchi I (homogeneous anisotropic expansion)"
      },
      "coordinates": {
        "t": 189.9999999999935
      },
      "curvature_invariants": {
        "kretschmann": 1.9544153476077653e-09,
        "note": "Ricci from fluid trace; Kretschmann from directional Hubble rates (Bianchi I tetrad formula).",
        "ricci_scalar": 3.424307684746047e-05
      },
      "local_observables": {
        "H_mean": 0.00337854178407039,
        "constraint_residual_3H2_minus_8pirho_minus_sigma2": 0.0,
        "directional_hubbles": {
          "H1": 0.003405791558824916,
          "H2": 0.0033649168966931268,
          "H3": 0.0033649168966931268
        },
        "isotropization_sigma_over_H": 0.006984965317312702,
        "mean_scale_factor_a": 9.02032861999941,
        "nearby_initial_condition": {
          "delta_s_used": {
            "ds1": 0.0001,
            "ds2": -5e-05,
            "ds3": -5e-05
          },
          "delta_sigma_over_H": 3.4909415313070895e-05,
          "delta_sigma_root": 1.1789471590141644e-07,
          "sigma2_perturbed": 5.62490961430669e-10,
          "sigma_over_H_perturbed": 0.007019874732625773
        },
        "rho": 1.3624887367372423e-06,
        "shear_sigma2": 5.569126681293053e-10
      }
    },
    {
      "causal_structure": {
        "horizon_radius": null,
        "note": "No horizons in this homogeneous model; pressure point is symmetry breaking (directional expansion) rather than causal barriers.",
        "radial_null_cone_dr_dt": null,
        "region": "Bianchi I (homogeneous anisotropic expansion)"
      },
      "coordinates": {
        "t": 194.9999999999932
      },
      "curvature_invariants": {
        "kretschmann": 1.7682585331712466e-09,
        "note": "Ricci from fluid trace; Kretschmann from directional Hubble rates (Bianchi I tetrad formula).",
        "ricci_scalar": 3.2571501388334385e-05
      },
      "local_observables": {
        "H_mean": 0.003295047053619453,
        "constraint_residual_3H2_minus_8pirho_minus_sigma2": 0.0,
        "directional_hubbles": {
          "H1": 0.0033209666308876584,
          "H2": 0.00328208726498535,
          "H3": 0.00328208726498535
        },
        "isotropization_sigma_over_H": 0.006812349567197389,
        "mean_scale_factor_a": 9.172069998815962,
        "nearby_initial_condition": {
          "delta_s_used": {
            "ds1": 0.0001,
            "ds2": -5e-05,
            "ds3": -5e-05
          },
          "delta_sigma_over_H": 3.404708885125247e-05,
          "delta_sigma_root": 1.121419548849077e-07,
          "sigma2_perturbed": 5.089154438368065e-10,
          "sigma_over_H_perturbed": 0.006846396656048642
        },
        "rho": 1.2959788624694872e-06,
        "shear_sigma2": 5.038683643218514e-10
      }
    },
    {
      "causal_structure": {
        "horizon_radius": null,
        "note": "No horizons in this homogeneous model; pressure point is symmetry breaking (directional expansion) rather than causal barriers.",
        "radial_null_cone_dr_dt": null,
        "region": "Bianchi I (homogeneous anisotropic expansion)"
      },
      "coordinates": {
        "t": 199.99999999999292
      },
      "curvature_invariants": {
        "kretschmann": 1.603747592761393e-09,
        "note": "Ricci from fluid trace; Kretschmann from directional Hubble rates (Bianchi I tetrad formula).",
        "ricci_scalar": 3.101940153960676e-05
      },
      "local_observables": {
        "H_mean": 0.0032155797057120965,
        "constraint_residual_3H2_minus_8pirho_minus_sigma2": 0.0,
        "directional_hubbles": {
          "H1": 0.0032402641611639195,
          "H2": 0.003203237477986185,
          "H3": 0.003203237477986185
        },
        "isotropization_sigma_over_H": 0.006648059589967399,
        "mean_scale_factor_a": 9.322566319685809,
        "nearby_initial_condition": {
          "delta_s_used": {
            "ds1": 0.0001,
            "ds2": -5e-05,
            "ds3": -5e-05
          },
          "delta_sigma_over_H": 3.322633748528356e-05,
          "delta_sigma_root": 1.0680021733542401e-07,
          "sigma2_perturbed": 4.6156937656408066e-10,
          "sigma_over_H_perturbed": 0.006681285927452683
        },
        "rho": 1.2342227716951912e-06,
        "shear_sigma2": 4.5699175571476925e-10
      }
    }
  ],
  "spacetime": "Bianchi I (homogeneous, anisotropic, k=0) + perfect fluid p=w\u03c1",
  "theory": "General Relativity (Bianchi I anisotropic cosmology)",
  "toy_id": "063",
  "units": {
    "G": 1,
    "c": 1
  }
}