{
  "notes": {
    "domain": "Model is locally flat for r>0; the string core at r=0 is idealized as infinitesimally thin and carries distributional curvature/stress-energy.",
    "key_formulas": {
      "alpha": "alpha = 1 - 4 mu",
      "area_disk": "A(r) = \u03c0 alpha r^2",
      "circumference": "C(r) = 2\u03c0 alpha r",
      "deficit": "delta = 2\u03c0(1-alpha) = 8\u03c0 mu",
      "holonomy": "rotation angle around axis = delta"
    },
    "pressure_point": "Local curvature invariants can vanish everywhere you sample (r>0), yet the spacetime can be globally nontrivial. The deficit angle produces measurable holonomy and lensing without local tidal gravity."
  },
  "observables": {
    "alpha": 0.8,
    "deficit_angle_delta": 1.2566370614359172,
    "flatness_outside_axis": true,
    "holonomy_rotation_angle_for_single_loop": 1.2566370614359172
  },
  "parameters": {
    "alpha": 0.8,
    "deficit_angle_delta": 1.2566370614359172,
    "metric_form": "ds^2=-dt^2+dz^2+dr^2+alpha^2 r^2 dphi^2",
    "mu_line_density": 0.05
  },
  "sample_points": [
    {
      "causal_structure": {
        "ctc_present": false,
        "distributional_curvature_at_axis": true,
        "horizon_present": false,
        "local_flat_for_r_gt_0": null,
        "region": "axis (distributional source at r=0)",
        "topology_note": "Conical identification: local curvature invariants vanish for r>0, but global deficit angle implies nontrivial holonomy around the axis."
      },
      "coordinates": {
        "phi": null,
        "r": 0.0,
        "t": 0.0,
        "z": 0.0
      },
      "curvature_invariants": {
        "kretschmann": null,
        "ricci_scalar": null
      },
      "local_observables": {
        "conical_geometry": {
          "alpha": 0.8,
          "area_ratio_A_over_A0": null,
          "circumference_C": 0.0,
          "circumference_flat_C0": 0.0,
          "circumference_ratio_C_over_C0": null,
          "deficit_angle_delta": 1.2566370614359172,
          "disk_area_A": 0.0,
          "disk_area_flat_A0": 0.0
        },
        "experiment_style": {
          "holonomy_rotation_angle": null,
          "ideal_lensing_image_separation_angle": null
        },
        "metric_components": {
          "g_phiphi": 0.0,
          "g_rr": 1.0,
          "g_tt": -1.0,
          "g_zz": 1.0
        }
      }
    },
    {
      "causal_structure": {
        "ctc_present": false,
        "distributional_curvature_at_axis": false,
        "horizon_present": false,
        "local_flat_for_r_gt_0": true,
        "region": "regular exterior (r>0)",
        "topology_note": "Conical identification: local curvature invariants vanish for r>0, but global deficit angle implies nontrivial holonomy around the axis."
      },
      "coordinates": {
        "phi": null,
        "r": 0.25,
        "t": 0.0,
        "z": 0.0
      },
      "curvature_invariants": {
        "kretschmann": 0.0,
        "ricci_scalar": 0.0
      },
      "local_observables": {
        "conical_geometry": {
          "alpha": 0.8,
          "area_ratio_A_over_A0": 0.8,
          "circumference_C": 1.2566370614359172,
          "circumference_flat_C0": 1.5707963267948966,
          "circumference_ratio_C_over_C0": 0.8,
          "deficit_angle_delta": 1.2566370614359172,
          "disk_area_A": 0.15707963267948966,
          "disk_area_flat_A0": 0.19634954084936207
        },
        "experiment_style": {
          "holonomy_rotation_angle": 1.2566370614359172,
          "ideal_lensing_image_separation_angle": 1.2566370614359172
        },
        "metric_components": {
          "g_phiphi": 0.04000000000000001,
          "g_rr": 1.0,
          "g_tt": -1.0,
          "g_zz": 1.0
        }
      }
    },
    {
      "causal_structure": {
        "ctc_present": false,
        "distributional_curvature_at_axis": false,
        "horizon_present": false,
        "local_flat_for_r_gt_0": true,
        "region": "regular exterior (r>0)",
        "topology_note": "Conical identification: local curvature invariants vanish for r>0, but global deficit angle implies nontrivial holonomy around the axis."
      },
      "coordinates": {
        "phi": null,
        "r": 0.5,
        "t": 0.0,
        "z": 0.0
      },
      "curvature_invariants": {
        "kretschmann": 0.0,
        "ricci_scalar": 0.0
      },
      "local_observables": {
        "conical_geometry": {
          "alpha": 0.8,
          "area_ratio_A_over_A0": 0.8,
          "circumference_C": 2.5132741228718345,
          "circumference_flat_C0": 3.141592653589793,
          "circumference_ratio_C_over_C0": 0.8,
          "deficit_angle_delta": 1.2566370614359172,
          "disk_area_A": 0.6283185307179586,
          "disk_area_flat_A0": 0.7853981633974483
        },
        "experiment_style": {
          "holonomy_rotation_angle": 1.2566370614359172,
          "ideal_lensing_image_separation_angle": 1.2566370614359172
        },
        "metric_components": {
          "g_phiphi": 0.16000000000000003,
          "g_rr": 1.0,
          "g_tt": -1.0,
          "g_zz": 1.0
        }
      }
    },
    {
      "causal_structure": {
        "ctc_present": false,
        "distributional_curvature_at_axis": false,
        "horizon_present": false,
        "local_flat_for_r_gt_0": true,
        "region": "regular exterior (r>0)",
        "topology_note": "Conical identification: local curvature invariants vanish for r>0, but global deficit angle implies nontrivial holonomy around the axis."
      },
      "coordinates": {
        "phi": null,
        "r": 1.0,
        "t": 0.0,
        "z": 0.0
      },
      "curvature_invariants": {
        "kretschmann": 0.0,
        "ricci_scalar": 0.0
      },
      "local_observables": {
        "conical_geometry": {
          "alpha": 0.8,
          "area_ratio_A_over_A0": 0.8,
          "circumference_C": 5.026548245743669,
          "circumference_flat_C0": 6.283185307179586,
          "circumference_ratio_C_over_C0": 0.8,
          "deficit_angle_delta": 1.2566370614359172,
          "disk_area_A": 2.5132741228718345,
          "disk_area_flat_A0": 3.141592653589793
        },
        "experiment_style": {
          "holonomy_rotation_angle": 1.2566370614359172,
          "ideal_lensing_image_separation_angle": 1.2566370614359172
        },
        "metric_components": {
          "g_phiphi": 0.6400000000000001,
          "g_rr": 1.0,
          "g_tt": -1.0,
          "g_zz": 1.0
        }
      }
    },
    {
      "causal_structure": {
        "ctc_present": false,
        "distributional_curvature_at_axis": false,
        "horizon_present": false,
        "local_flat_for_r_gt_0": true,
        "region": "regular exterior (r>0)",
        "topology_note": "Conical identification: local curvature invariants vanish for r>0, but global deficit angle implies nontrivial holonomy around the axis."
      },
      "coordinates": {
        "phi": null,
        "r": 2.0,
        "t": 0.0,
        "z": 0.0
      },
      "curvature_invariants": {
        "kretschmann": 0.0,
        "ricci_scalar": 0.0
      },
      "local_observables": {
        "conical_geometry": {
          "alpha": 0.8,
          "area_ratio_A_over_A0": 0.8,
          "circumference_C": 10.053096491487338,
          "circumference_flat_C0": 12.566370614359172,
          "circumference_ratio_C_over_C0": 0.8,
          "deficit_angle_delta": 1.2566370614359172,
          "disk_area_A": 10.053096491487338,
          "disk_area_flat_A0": 12.566370614359172
        },
        "experiment_style": {
          "holonomy_rotation_angle": 1.2566370614359172,
          "ideal_lensing_image_separation_angle": 1.2566370614359172
        },
        "metric_components": {
          "g_phiphi": 2.5600000000000005,
          "g_rr": 1.0,
          "g_tt": -1.0,
          "g_zz": 1.0
        }
      }
    },
    {
      "causal_structure": {
        "ctc_present": false,
        "distributional_curvature_at_axis": false,
        "horizon_present": false,
        "local_flat_for_r_gt_0": true,
        "region": "regular exterior (r>0)",
        "topology_note": "Conical identification: local curvature invariants vanish for r>0, but global deficit angle implies nontrivial holonomy around the axis."
      },
      "coordinates": {
        "phi": null,
        "r": 5.0,
        "t": 0.0,
        "z": 0.0
      },
      "curvature_invariants": {
        "kretschmann": 0.0,
        "ricci_scalar": 0.0
      },
      "local_observables": {
        "conical_geometry": {
          "alpha": 0.8,
          "area_ratio_A_over_A0": 0.7999999999999999,
          "circumference_C": 25.132741228718345,
          "circumference_flat_C0": 31.41592653589793,
          "circumference_ratio_C_over_C0": 0.8,
          "deficit_angle_delta": 1.2566370614359172,
          "disk_area_A": 62.83185307179586,
          "disk_area_flat_A0": 78.53981633974483
        },
        "experiment_style": {
          "holonomy_rotation_angle": 1.2566370614359172,
          "ideal_lensing_image_separation_angle": 1.2566370614359172
        },
        "metric_components": {
          "g_phiphi": 16.000000000000004,
          "g_rr": 1.0,
          "g_tt": -1.0,
          "g_zz": 1.0
        }
      }
    },
    {
      "causal_structure": {
        "ctc_present": false,
        "distributional_curvature_at_axis": false,
        "horizon_present": false,
        "local_flat_for_r_gt_0": true,
        "region": "regular exterior (r>0)",
        "topology_note": "Conical identification: local curvature invariants vanish for r>0, but global deficit angle implies nontrivial holonomy around the axis."
      },
      "coordinates": {
        "phi": null,
        "r": 10.0,
        "t": 0.0,
        "z": 0.0
      },
      "curvature_invariants": {
        "kretschmann": 0.0,
        "ricci_scalar": 0.0
      },
      "local_observables": {
        "conical_geometry": {
          "alpha": 0.8,
          "area_ratio_A_over_A0": 0.7999999999999999,
          "circumference_C": 50.26548245743669,
          "circumference_flat_C0": 62.83185307179586,
          "circumference_ratio_C_over_C0": 0.8,
          "deficit_angle_delta": 1.2566370614359172,
          "disk_area_A": 251.32741228718345,
          "disk_area_flat_A0": 314.1592653589793
        },
        "experiment_style": {
          "holonomy_rotation_angle": 1.2566370614359172,
          "ideal_lensing_image_separation_angle": 1.2566370614359172
        },
        "metric_components": {
          "g_phiphi": 64.00000000000001,
          "g_rr": 1.0,
          "g_tt": -1.0,
          "g_zz": 1.0
        }
      }
    }
  ],
  "spacetime": "Straight cosmic string (conical Minkowski: topology/holonomy without local curvature for r>0)",
  "theory": "General Relativity (exact solution with distributional source)",
  "toy_id": "087",
  "units": {
    "G": 1,
    "c": 1
  }
}