{
  "notes": {
    "domain_of_validity": "Fixed-background Schwarzschild with simple static-clock observables; the 'coherent proxy' is an intentionally minimal phase-sensitive diagnostic, not a full QFT detector calculation.",
    "key_formulas": {
      "coherent_proxy": "|(rate_A + e^{i\u03c6} rate_B)/\u221a2|^2 = 0.5(rate_A^2+rate_B^2+2 rate_A rate_B cos\u03c6)",
      "f": "f(r)=1-2M/r",
      "mixture_rule": "rate_mix = (rate_A + rate_B)/2",
      "rate": "d\u03c4/dt = sqrt(f(r)) for static observer (r>2M)",
      "redshift": "z = sqrt(f(r_obs)/f(r_emit)) - 1"
    },
    "pressure_point": "GR defines geometric observables along definite worldlines. A quantum superposition of observer locations forces a choice of reduction/measurement rule not supplied by classical GR, making 'the metric measured by the observer' operationally undefined."
  },
  "observables": {
    "summary": {
      "horizon_radius_2M": 2.0,
      "max_branch_rate_separation_over_samples": 0.1093235188448255,
      "note": "Nonzero branch separation + phase-sensitive proxy illustrates that a 'single measured geometry' is not defined without extra measurement postulates.",
      "operational_uniqueness": false
    }
  },
  "parameters": {
    "M": 1.0,
    "delta_t_coordinate": 1.0,
    "phi_phase_samples_radians": [
      0.0,
      1.57079632679,
      3.14159265359
    ],
    "r_A_samples": [
      6.0,
      10.0
    ],
    "r_B_samples": [
      8.0,
      14.0
    ],
    "r_obs": 20.0
  },
  "sample_points": [
    {
      "causal_structure": {
        "horizon_radius": 2.0,
        "note": "Both branches are chosen outside the horizon so classical clock rates are well-defined on each branch.",
        "region_A": "exterior (r>2M)",
        "region_B": "exterior (r>2M)"
      },
      "coordinates": {
        "delta_t_coordinate": 1.0,
        "phi_phase_radians": 0.0,
        "r_A": 6.0,
        "r_B": 8.0,
        "r_obs": 20.0,
        "t": null
      },
      "curvature_invariants": {
        "kretschmann_at_r_A": 0.00102880658436214,
        "note": "Curvature shown at r_A as a representative local invariant; ambiguity arises from quantum superposition, not curvature pathology.",
        "ricci_scalar": 0.0
      },
      "local_observables": {
        "ambiguity_diagnostics": {
          "branch_rate_separation_abs": 0.04952882285671256
        },
        "branch_values": {
          "proper_time_over_delta_t_A": 0.816496580927726,
          "proper_time_over_delta_t_B": 0.8660254037844386,
          "rate_dtau_over_dt_A": 0.816496580927726,
          "rate_dtau_over_dt_B": 0.8660254037844386,
          "redshift_to_r_obs_A": 0.1618950038622251,
          "redshift_to_r_obs_B": 0.09544511501033215
        },
        "schwarzschild_f_A": 0.6666666666666667,
        "schwarzschild_f_B": 0.75,
        "superposed_observer_reductions": {
          "coherent_phase_sensitive_proxy": 1.4154401145198807,
          "mixture_rate_mean": 0.8412609923560823,
          "mixture_redshift_mean": 0.12867005943627863,
          "note": "Classical GR provides branch values but not a unique rule to combine them for a superposed observer. The coherent proxy depends on phase \u03c6, illustrating measurement-model dependence.",
          "uniqueness_status": false
        }
      }
    },
    {
      "causal_structure": {
        "horizon_radius": 2.0,
        "note": "Both branches are chosen outside the horizon so classical clock rates are well-defined on each branch.",
        "region_A": "exterior (r>2M)",
        "region_B": "exterior (r>2M)"
      },
      "coordinates": {
        "delta_t_coordinate": 1.0,
        "phi_phase_radians": 1.57079632679,
        "r_A": 6.0,
        "r_B": 8.0,
        "r_obs": 20.0,
        "t": null
      },
      "curvature_invariants": {
        "kretschmann_at_r_A": 0.00102880658436214,
        "note": "Curvature shown at r_A as a representative local invariant; ambiguity arises from quantum superposition, not curvature pathology.",
        "ricci_scalar": 0.0
      },
      "local_observables": {
        "ambiguity_diagnostics": {
          "branch_rate_separation_abs": 0.04952882285671256
        },
        "branch_values": {
          "proper_time_over_delta_t_A": 0.816496580927726,
          "proper_time_over_delta_t_B": 0.8660254037844386,
          "rate_dtau_over_dt_A": 0.816496580927726,
          "rate_dtau_over_dt_B": 0.8660254037844386,
          "redshift_to_r_obs_A": 0.1618950038622251,
          "redshift_to_r_obs_B": 0.09544511501033215
        },
        "schwarzschild_f_A": 0.6666666666666667,
        "schwarzschild_f_B": 0.75,
        "superposed_observer_reductions": {
          "coherent_phase_sensitive_proxy": 0.7083333333367957,
          "mixture_rate_mean": 0.8412609923560823,
          "mixture_redshift_mean": 0.12867005943627863,
          "note": "Classical GR provides branch values but not a unique rule to combine them for a superposed observer. The coherent proxy depends on phase \u03c6, illustrating measurement-model dependence.",
          "uniqueness_status": false
        }
      }
    },
    {
      "causal_structure": {
        "horizon_radius": 2.0,
        "note": "Both branches are chosen outside the horizon so classical clock rates are well-defined on each branch.",
        "region_A": "exterior (r>2M)",
        "region_B": "exterior (r>2M)"
      },
      "coordinates": {
        "delta_t_coordinate": 1.0,
        "phi_phase_radians": 3.14159265359,
        "r_A": 6.0,
        "r_B": 8.0,
        "r_obs": 20.0,
        "t": null
      },
      "curvature_invariants": {
        "kretschmann_at_r_A": 0.00102880658436214,
        "note": "Curvature shown at r_A as a representative local invariant; ambiguity arises from quantum superposition, not curvature pathology.",
        "ricci_scalar": 0.0
      },
      "local_observables": {
        "ambiguity_diagnostics": {
          "branch_rate_separation_abs": 0.04952882285671256
        },
        "branch_values": {
          "proper_time_over_delta_t_A": 0.816496580927726,
          "proper_time_over_delta_t_B": 0.8660254037844386,
          "rate_dtau_over_dt_A": 0.816496580927726,
          "rate_dtau_over_dt_B": 0.8660254037844386,
          "redshift_to_r_obs_A": 0.1618950038622251,
          "redshift_to_r_obs_B": 0.09544511501033215
        },
        "schwarzschild_f_A": 0.6666666666666667,
        "schwarzschild_f_B": 0.75,
        "superposed_observer_reductions": {
          "coherent_phase_sensitive_proxy": 0.0012265521467857976,
          "mixture_rate_mean": 0.8412609923560823,
          "mixture_redshift_mean": 0.12867005943627863,
          "note": "Classical GR provides branch values but not a unique rule to combine them for a superposed observer. The coherent proxy depends on phase \u03c6, illustrating measurement-model dependence.",
          "uniqueness_status": false
        }
      }
    },
    {
      "causal_structure": {
        "horizon_radius": 2.0,
        "note": "Both branches are chosen outside the horizon so classical clock rates are well-defined on each branch.",
        "region_A": "exterior (r>2M)",
        "region_B": "exterior (r>2M)"
      },
      "coordinates": {
        "delta_t_coordinate": 1.0,
        "phi_phase_radians": 0.0,
        "r_A": 6.0,
        "r_B": 14.0,
        "r_obs": 20.0,
        "t": null
      },
      "curvature_invariants": {
        "kretschmann_at_r_A": 0.00102880658436214,
        "note": "Curvature shown at r_A as a representative local invariant; ambiguity arises from quantum superposition, not curvature pathology.",
        "ricci_scalar": 0.0
      },
      "local_observables": {
        "ambiguity_diagnostics": {
          "branch_rate_separation_abs": 0.1093235188448255
        },
        "branch_values": {
          "proper_time_over_delta_t_A": 0.816496580927726,
          "proper_time_over_delta_t_B": 0.9258200997725515,
          "rate_dtau_over_dt_A": 0.816496580927726,
          "rate_dtau_over_dt_B": 0.9258200997725515,
          "redshift_to_r_obs_A": 0.1618950038622251,
          "redshift_to_r_obs_B": 0.02469507659595993
        },
        "schwarzschild_f_A": 0.6666666666666667,
        "schwarzschild_f_B": 0.8571428571428572,
        "superposed_observer_reductions": {
          "coherent_phase_sensitive_proxy": 1.5178337079232165,
          "mixture_rate_mean": 0.8711583403501388,
          "mixture_redshift_mean": 0.09329504022909252,
          "note": "Classical GR provides branch values but not a unique rule to combine them for a superposed observer. The coherent proxy depends on phase \u03c6, illustrating measurement-model dependence.",
          "uniqueness_status": false
        }
      }
    },
    {
      "causal_structure": {
        "horizon_radius": 2.0,
        "note": "Both branches are chosen outside the horizon so classical clock rates are well-defined on each branch.",
        "region_A": "exterior (r>2M)",
        "region_B": "exterior (r>2M)"
      },
      "coordinates": {
        "delta_t_coordinate": 1.0,
        "phi_phase_radians": 1.57079632679,
        "r_A": 6.0,
        "r_B": 14.0,
        "r_obs": 20.0,
        "t": null
      },
      "curvature_invariants": {
        "kretschmann_at_r_A": 0.00102880658436214,
        "note": "Curvature shown at r_A as a representative local invariant; ambiguity arises from quantum superposition, not curvature pathology.",
        "ricci_scalar": 0.0
      },
      "local_observables": {
        "ambiguity_diagnostics": {
          "branch_rate_separation_abs": 0.1093235188448255
        },
        "branch_values": {
          "proper_time_over_delta_t_A": 0.816496580927726,
          "proper_time_over_delta_t_B": 0.9258200997725515,
          "rate_dtau_over_dt_A": 0.816496580927726,
          "rate_dtau_over_dt_B": 0.9258200997725515,
          "redshift_to_r_obs_A": 0.1618950038622251,
          "redshift_to_r_obs_B": 0.02469507659595993
        },
        "schwarzschild_f_A": 0.6666666666666667,
        "schwarzschild_f_B": 0.8571428571428572,
        "superposed_observer_reductions": {
          "coherent_phase_sensitive_proxy": 0.7619047619084635,
          "mixture_rate_mean": 0.8711583403501388,
          "mixture_redshift_mean": 0.09329504022909252,
          "note": "Classical GR provides branch values but not a unique rule to combine them for a superposed observer. The coherent proxy depends on phase \u03c6, illustrating measurement-model dependence.",
          "uniqueness_status": false
        }
      }
    },
    {
      "causal_structure": {
        "horizon_radius": 2.0,
        "note": "Both branches are chosen outside the horizon so classical clock rates are well-defined on each branch.",
        "region_A": "exterior (r>2M)",
        "region_B": "exterior (r>2M)"
      },
      "coordinates": {
        "delta_t_coordinate": 1.0,
        "phi_phase_radians": 3.14159265359,
        "r_A": 6.0,
        "r_B": 14.0,
        "r_obs": 20.0,
        "t": null
      },
      "curvature_invariants": {
        "kretschmann_at_r_A": 0.00102880658436214,
        "note": "Curvature shown at r_A as a representative local invariant; ambiguity arises from quantum superposition, not curvature pathology.",
        "ricci_scalar": 0.0
      },
      "local_observables": {
        "ambiguity_diagnostics": {
          "branch_rate_separation_abs": 0.1093235188448255
        },
        "branch_values": {
          "proper_time_over_delta_t_A": 0.816496580927726,
          "proper_time_over_delta_t_B": 0.9258200997725515,
          "rate_dtau_over_dt_A": 0.816496580927726,
          "rate_dtau_over_dt_B": 0.9258200997725515,
          "redshift_to_r_obs_A": 0.1618950038622251,
          "redshift_to_r_obs_B": 0.02469507659595993
        },
        "schwarzschild_f_A": 0.6666666666666667,
        "schwarzschild_f_B": 0.8571428571428572,
        "superposed_observer_reductions": {
          "coherent_phase_sensitive_proxy": 0.005975815886307467,
          "mixture_rate_mean": 0.8711583403501388,
          "mixture_redshift_mean": 0.09329504022909252,
          "note": "Classical GR provides branch values but not a unique rule to combine them for a superposed observer. The coherent proxy depends on phase \u03c6, illustrating measurement-model dependence.",
          "uniqueness_status": false
        }
      }
    },
    {
      "causal_structure": {
        "horizon_radius": 2.0,
        "note": "Both branches are chosen outside the horizon so classical clock rates are well-defined on each branch.",
        "region_A": "exterior (r>2M)",
        "region_B": "exterior (r>2M)"
      },
      "coordinates": {
        "delta_t_coordinate": 1.0,
        "phi_phase_radians": 0.0,
        "r_A": 10.0,
        "r_B": 8.0,
        "r_obs": 20.0,
        "t": null
      },
      "curvature_invariants": {
        "kretschmann_at_r_A": 4.8e-05,
        "note": "Curvature shown at r_A as a representative local invariant; ambiguity arises from quantum superposition, not curvature pathology.",
        "ricci_scalar": 0.0
      },
      "local_observables": {
        "ambiguity_diagnostics": {
          "branch_rate_separation_abs": 0.02840178721547726
        },
        "branch_values": {
          "proper_time_over_delta_t_A": 0.8944271909999159,
          "proper_time_over_delta_t_B": 0.8660254037844386,
          "rate_dtau_over_dt_A": 0.8944271909999159,
          "rate_dtau_over_dt_B": 0.8660254037844386,
          "redshift_to_r_obs_A": 0.06066017177982119,
          "redshift_to_r_obs_B": 0.09544511501033215
        },
        "schwarzschild_f_A": 0.8,
        "schwarzschild_f_B": 0.75,
        "superposed_observer_reductions": {
          "coherent_phase_sensitive_proxy": 1.5495966692414833,
          "mixture_rate_mean": 0.8802262973921773,
          "mixture_redshift_mean": 0.07805264339507667,
          "note": "Classical GR provides branch values but not a unique rule to combine them for a superposed observer. The coherent proxy depends on phase \u03c6, illustrating measurement-model dependence.",
          "uniqueness_status": false
        }
      }
    },
    {
      "causal_structure": {
        "horizon_radius": 2.0,
        "note": "Both branches are chosen outside the horizon so classical clock rates are well-defined on each branch.",
        "region_A": "exterior (r>2M)",
        "region_B": "exterior (r>2M)"
      },
      "coordinates": {
        "delta_t_coordinate": 1.0,
        "phi_phase_radians": 1.57079632679,
        "r_A": 10.0,
        "r_B": 8.0,
        "r_obs": 20.0,
        "t": null
      },
      "curvature_invariants": {
        "kretschmann_at_r_A": 4.8e-05,
        "note": "Curvature shown at r_A as a representative local invariant; ambiguity arises from quantum superposition, not curvature pathology.",
        "ricci_scalar": 0.0
      },
      "local_observables": {
        "ambiguity_diagnostics": {
          "branch_rate_separation_abs": 0.02840178721547726
        },
        "branch_values": {
          "proper_time_over_delta_t_A": 0.8944271909999159,
          "proper_time_over_delta_t_B": 0.8660254037844386,
          "rate_dtau_over_dt_A": 0.8944271909999159,
          "rate_dtau_over_dt_B": 0.8660254037844386,
          "redshift_to_r_obs_A": 0.06066017177982119,
          "redshift_to_r_obs_B": 0.09544511501033215
        },
        "schwarzschild_f_A": 0.8,
        "schwarzschild_f_B": 0.75,
        "superposed_observer_reductions": {
          "coherent_phase_sensitive_proxy": 0.7750000000037928,
          "mixture_rate_mean": 0.8802262973921773,
          "mixture_redshift_mean": 0.07805264339507667,
          "note": "Classical GR provides branch values but not a unique rule to combine them for a superposed observer. The coherent proxy depends on phase \u03c6, illustrating measurement-model dependence.",
          "uniqueness_status": false
        }
      }
    },
    {
      "causal_structure": {
        "horizon_radius": 2.0,
        "note": "Both branches are chosen outside the horizon so classical clock rates are well-defined on each branch.",
        "region_A": "exterior (r>2M)",
        "region_B": "exterior (r>2M)"
      },
      "coordinates": {
        "delta_t_coordinate": 1.0,
        "phi_phase_radians": 3.14159265359,
        "r_A": 10.0,
        "r_B": 8.0,
        "r_obs": 20.0,
        "t": null
      },
      "curvature_invariants": {
        "kretschmann_at_r_A": 4.8e-05,
        "note": "Curvature shown at r_A as a representative local invariant; ambiguity arises from quantum superposition, not curvature pathology.",
        "ricci_scalar": 0.0
      },
      "local_observables": {
        "ambiguity_diagnostics": {
          "branch_rate_separation_abs": 0.02840178721547726
        },
        "branch_values": {
          "proper_time_over_delta_t_A": 0.8944271909999159,
          "proper_time_over_delta_t_B": 0.8660254037844386,
          "rate_dtau_over_dt_A": 0.8944271909999159,
          "rate_dtau_over_dt_B": 0.8660254037844386,
          "redshift_to_r_obs_A": 0.06066017177982119,
          "redshift_to_r_obs_B": 0.09544511501033215
        },
        "schwarzschild_f_A": 0.8,
        "schwarzschild_f_B": 0.75,
        "superposed_observer_reductions": {
          "coherent_phase_sensitive_proxy": 0.0004033307585166179,
          "mixture_rate_mean": 0.8802262973921773,
          "mixture_redshift_mean": 0.07805264339507667,
          "note": "Classical GR provides branch values but not a unique rule to combine them for a superposed observer. The coherent proxy depends on phase \u03c6, illustrating measurement-model dependence.",
          "uniqueness_status": false
        }
      }
    },
    {
      "causal_structure": {
        "horizon_radius": 2.0,
        "note": "Both branches are chosen outside the horizon so classical clock rates are well-defined on each branch.",
        "region_A": "exterior (r>2M)",
        "region_B": "exterior (r>2M)"
      },
      "coordinates": {
        "delta_t_coordinate": 1.0,
        "phi_phase_radians": 0.0,
        "r_A": 10.0,
        "r_B": 14.0,
        "r_obs": 20.0,
        "t": null
      },
      "curvature_invariants": {
        "kretschmann_at_r_A": 4.8e-05,
        "note": "Curvature shown at r_A as a representative local invariant; ambiguity arises from quantum superposition, not curvature pathology.",
        "ricci_scalar": 0.0
      },
      "local_observables": {
        "ambiguity_diagnostics": {
          "branch_rate_separation_abs": 0.031392908772635675
        },
        "branch_values": {
          "proper_time_over_delta_t_A": 0.8944271909999159,
          "proper_time_over_delta_t_B": 0.9258200997725515,
          "rate_dtau_over_dt_A": 0.8944271909999159,
          "rate_dtau_over_dt_B": 0.9258200997725515,
          "redshift_to_r_obs_A": 0.06066017177982119,
          "redshift_to_r_obs_B": 0.02469507659595993
        },
        "schwarzschild_f_A": 0.8,
        "schwarzschild_f_B": 0.8571428571428572,
        "superposed_observer_reductions": {
          "coherent_phase_sensitive_proxy": 1.6566500997822537,
          "mixture_rate_mean": 0.9101236453862337,
          "mixture_redshift_mean": 0.04267762418789056,
          "note": "Classical GR provides branch values but not a unique rule to combine them for a superposed observer. The coherent proxy depends on phase \u03c6, illustrating measurement-model dependence.",
          "uniqueness_status": false
        }
      }
    },
    {
      "causal_structure": {
        "horizon_radius": 2.0,
        "note": "Both branches are chosen outside the horizon so classical clock rates are well-defined on each branch.",
        "region_A": "exterior (r>2M)",
        "region_B": "exterior (r>2M)"
      },
      "coordinates": {
        "delta_t_coordinate": 1.0,
        "phi_phase_radians": 1.57079632679,
        "r_A": 10.0,
        "r_B": 14.0,
        "r_obs": 20.0,
        "t": null
      },
      "curvature_invariants": {
        "kretschmann_at_r_A": 4.8e-05,
        "note": "Curvature shown at r_A as a representative local invariant; ambiguity arises from quantum superposition, not curvature pathology.",
        "ricci_scalar": 0.0
      },
      "local_observables": {
        "ambiguity_diagnostics": {
          "branch_rate_separation_abs": 0.031392908772635675
        },
        "branch_values": {
          "proper_time_over_delta_t_A": 0.8944271909999159,
          "proper_time_over_delta_t_B": 0.9258200997725515,
          "rate_dtau_over_dt_A": 0.8944271909999159,
          "rate_dtau_over_dt_B": 0.9258200997725515,
          "redshift_to_r_obs_A": 0.06066017177982119,
          "redshift_to_r_obs_B": 0.02469507659595993
        },
        "schwarzschild_f_A": 0.8,
        "schwarzschild_f_B": 0.8571428571428572,
        "superposed_observer_reductions": {
          "coherent_phase_sensitive_proxy": 0.8285714285754834,
          "mixture_rate_mean": 0.9101236453862337,
          "mixture_redshift_mean": 0.04267762418789056,
          "note": "Classical GR provides branch values but not a unique rule to combine them for a superposed observer. The coherent proxy depends on phase \u03c6, illustrating measurement-model dependence.",
          "uniqueness_status": false
        }
      }
    },
    {
      "causal_structure": {
        "horizon_radius": 2.0,
        "note": "Both branches are chosen outside the horizon so classical clock rates are well-defined on each branch.",
        "region_A": "exterior (r>2M)",
        "region_B": "exterior (r>2M)"
      },
      "coordinates": {
        "delta_t_coordinate": 1.0,
        "phi_phase_radians": 3.14159265359,
        "r_A": 10.0,
        "r_B": 14.0,
        "r_obs": 20.0,
        "t": null
      },
      "curvature_invariants": {
        "kretschmann_at_r_A": 4.8e-05,
        "note": "Curvature shown at r_A as a representative local invariant; ambiguity arises from quantum superposition, not curvature pathology.",
        "ricci_scalar": 0.0
      },
      "local_observables": {
        "ambiguity_diagnostics": {
          "branch_rate_separation_abs": 0.031392908772635675
        },
        "branch_values": {
          "proper_time_over_delta_t_A": 0.8944271909999159,
          "proper_time_over_delta_t_B": 0.9258200997725515,
          "rate_dtau_over_dt_A": 0.8944271909999159,
          "rate_dtau_over_dt_B": 0.9258200997725515,
          "redshift_to_r_obs_A": 0.06066017177982119,
          "redshift_to_r_obs_B": 0.02469507659595993
        },
        "schwarzschild_f_A": 0.8,
        "schwarzschild_f_B": 0.8571428571428572,
        "superposed_observer_reductions": {
          "coherent_phase_sensitive_proxy": 0.0004927573606035018,
          "mixture_rate_mean": 0.9101236453862337,
          "mixture_redshift_mean": 0.04267762418789056,
          "note": "Classical GR provides branch values but not a unique rule to combine them for a superposed observer. The coherent proxy depends on phase \u03c6, illustrating measurement-model dependence.",
          "uniqueness_status": false
        }
      }
    }
  ],
  "spacetime": "Schwarzschild (static observers) with observer location superposition (|r_A>+e^{i\u03c6}|r_B>)/\u221a2",
  "theory": "General Relativity (fixed Schwarzschild) + quantum-superposed observer (operational diagnostic)",
  "toy_id": "074",
  "units": {
    "G": 1,
    "c": 1
  }
}