{
  "notes": {
    "assumptions": [
      "Vacuum Schwarzschild, geometric units G=c=1",
      "Static observer outside the horizon (r > 2M)",
      "Finite-size instrument approximated as a rod of length L aligned radially",
      "Operational failure threshold: a_diff = |E_rr|*L > a_max"
    ],
    "key_formulas": {
      "diff_accel": "a_diff \u2248 |E_rr| * L",
      "tidal_E_rr": "E_rr = 2M / r^3 (static orthonormal frame)",
      "tidal_transverse": "E_\u03b8\u03b8 = E_\u03c6\u03c6 = -M / r^3"
    },
    "pressure_point": "Extended bodies feel tidal gradients; the equivalence principle does not protect finite instruments. Operational validity becomes scale-dependent (depends on L and tolerance a_max), even where curvature is modest."
  },
  "observables": {
    "summary": {
      "horizon_radius_2M": 2.0,
      "min_r_where_operational_outside_horizon": 2.001,
      "note": "Inside r<=2M, the 'static observer' model is undefined; observables are null there by design.",
      "num_operational": 10,
      "num_samples": 13,
      "num_static_defined": 10
    }
  },
  "parameters": {
    "L": 0.001,
    "M": 1.0,
    "a_max": 0.01,
    "r_samples": [
      100.0,
      20.0,
      10.0,
      6.0,
      4.0,
      3.0,
      2.5,
      2.1,
      2.01,
      2.001,
      1.9,
      1.0,
      0.5
    ]
  },
  "sample_points": [
    {
      "causal_structure": {
        "at_horizon": false,
        "horizon_radius_2M": 2.0,
        "inside_horizon": false,
        "static_region_defined": true
      },
      "coordinates": {
        "r": 100.0
      },
      "curvature_invariants": {
        "kretschmann_K": 4.8e-11,
        "ricci_scalar_R": 0.0
      },
      "local_observables": {
        "differential_accel_across_L": 2e-09,
        "instrument_length_L": 0.001,
        "instrument_operational": true,
        "max_tolerable_diff_accel_a_max": 0.01,
        "static_observer_defined": true,
        "tidal_E_phi_phi": -1e-06,
        "tidal_E_rr": 2e-06,
        "tidal_E_theta_theta": -1e-06
      }
    },
    {
      "causal_structure": {
        "at_horizon": false,
        "horizon_radius_2M": 2.0,
        "inside_horizon": false,
        "static_region_defined": true
      },
      "coordinates": {
        "r": 20.0
      },
      "curvature_invariants": {
        "kretschmann_K": 7.5e-07,
        "ricci_scalar_R": 0.0
      },
      "local_observables": {
        "differential_accel_across_L": 2.5e-07,
        "instrument_length_L": 0.001,
        "instrument_operational": true,
        "max_tolerable_diff_accel_a_max": 0.01,
        "static_observer_defined": true,
        "tidal_E_phi_phi": -0.000125,
        "tidal_E_rr": 0.00025,
        "tidal_E_theta_theta": -0.000125
      }
    },
    {
      "causal_structure": {
        "at_horizon": false,
        "horizon_radius_2M": 2.0,
        "inside_horizon": false,
        "static_region_defined": true
      },
      "coordinates": {
        "r": 10.0
      },
      "curvature_invariants": {
        "kretschmann_K": 4.8e-05,
        "ricci_scalar_R": 0.0
      },
      "local_observables": {
        "differential_accel_across_L": 2e-06,
        "instrument_length_L": 0.001,
        "instrument_operational": true,
        "max_tolerable_diff_accel_a_max": 0.01,
        "static_observer_defined": true,
        "tidal_E_phi_phi": -0.001,
        "tidal_E_rr": 0.002,
        "tidal_E_theta_theta": -0.001
      }
    },
    {
      "causal_structure": {
        "at_horizon": false,
        "horizon_radius_2M": 2.0,
        "inside_horizon": false,
        "static_region_defined": true
      },
      "coordinates": {
        "r": 6.0
      },
      "curvature_invariants": {
        "kretschmann_K": 0.00102880658436214,
        "ricci_scalar_R": 0.0
      },
      "local_observables": {
        "differential_accel_across_L": 9.259259259259259e-06,
        "instrument_length_L": 0.001,
        "instrument_operational": true,
        "max_tolerable_diff_accel_a_max": 0.01,
        "static_observer_defined": true,
        "tidal_E_phi_phi": -0.004629629629629629,
        "tidal_E_rr": 0.009259259259259259,
        "tidal_E_theta_theta": -0.004629629629629629
      }
    },
    {
      "causal_structure": {
        "at_horizon": false,
        "horizon_radius_2M": 2.0,
        "inside_horizon": false,
        "static_region_defined": true
      },
      "coordinates": {
        "r": 4.0
      },
      "curvature_invariants": {
        "kretschmann_K": 0.01171875,
        "ricci_scalar_R": 0.0
      },
      "local_observables": {
        "differential_accel_across_L": 3.125e-05,
        "instrument_length_L": 0.001,
        "instrument_operational": true,
        "max_tolerable_diff_accel_a_max": 0.01,
        "static_observer_defined": true,
        "tidal_E_phi_phi": -0.015625,
        "tidal_E_rr": 0.03125,
        "tidal_E_theta_theta": -0.015625
      }
    },
    {
      "causal_structure": {
        "at_horizon": false,
        "horizon_radius_2M": 2.0,
        "inside_horizon": false,
        "static_region_defined": true
      },
      "coordinates": {
        "r": 3.0
      },
      "curvature_invariants": {
        "kretschmann_K": 0.06584362139917696,
        "ricci_scalar_R": 0.0
      },
      "local_observables": {
        "differential_accel_across_L": 7.407407407407407e-05,
        "instrument_length_L": 0.001,
        "instrument_operational": true,
        "max_tolerable_diff_accel_a_max": 0.01,
        "static_observer_defined": true,
        "tidal_E_phi_phi": -0.037037037037037035,
        "tidal_E_rr": 0.07407407407407407,
        "tidal_E_theta_theta": -0.037037037037037035
      }
    },
    {
      "causal_structure": {
        "at_horizon": false,
        "horizon_radius_2M": 2.0,
        "inside_horizon": false,
        "static_region_defined": true
      },
      "coordinates": {
        "r": 2.5
      },
      "curvature_invariants": {
        "kretschmann_K": 0.196608,
        "ricci_scalar_R": 0.0
      },
      "local_observables": {
        "differential_accel_across_L": 0.000128,
        "instrument_length_L": 0.001,
        "instrument_operational": true,
        "max_tolerable_diff_accel_a_max": 0.01,
        "static_observer_defined": true,
        "tidal_E_phi_phi": -0.064,
        "tidal_E_rr": 0.128,
        "tidal_E_theta_theta": -0.064
      }
    },
    {
      "causal_structure": {
        "at_horizon": false,
        "horizon_radius_2M": 2.0,
        "inside_horizon": false,
        "static_region_defined": true
      },
      "coordinates": {
        "r": 2.1
      },
      "curvature_invariants": {
        "kretschmann_K": 0.5596615474774705,
        "ricci_scalar_R": 0.0
      },
      "local_observables": {
        "differential_accel_across_L": 0.000215959399632869,
        "instrument_length_L": 0.001,
        "instrument_operational": true,
        "max_tolerable_diff_accel_a_max": 0.01,
        "static_observer_defined": true,
        "tidal_E_phi_phi": -0.1079796998164345,
        "tidal_E_rr": 0.215959399632869,
        "tidal_E_theta_theta": -0.1079796998164345
      }
    },
    {
      "causal_structure": {
        "at_horizon": false,
        "horizon_radius_2M": 2.0,
        "inside_horizon": false,
        "static_region_defined": true
      },
      "coordinates": {
        "r": 2.01
      },
      "curvature_invariants": {
        "kretschmann_K": 0.7278885584772434,
        "ricci_scalar_R": 0.0
      },
      "local_observables": {
        "differential_accel_across_L": 0.0002462871898274525,
        "instrument_length_L": 0.001,
        "instrument_operational": true,
        "max_tolerable_diff_accel_a_max": 0.01,
        "static_observer_defined": true,
        "tidal_E_phi_phi": -0.12314359491372626,
        "tidal_E_rr": 0.2462871898274525,
        "tidal_E_theta_theta": -0.12314359491372626
      }
    },
    {
      "causal_structure": {
        "at_horizon": false,
        "horizon_radius_2M": 2.0,
        "inside_horizon": false,
        "static_region_defined": true
      },
      "coordinates": {
        "r": 2.001
      },
      "curvature_invariants": {
        "kretschmann_K": 0.7477539322559006,
        "ricci_scalar_R": 0.0
      },
      "local_observables": {
        "differential_accel_across_L": 0.0002496253746877343,
        "instrument_length_L": 0.001,
        "instrument_operational": true,
        "max_tolerable_diff_accel_a_max": 0.01,
        "static_observer_defined": true,
        "tidal_E_phi_phi": -0.12481268734386713,
        "tidal_E_rr": 0.24962537468773427,
        "tidal_E_theta_theta": -0.12481268734386713
      }
    },
    {
      "causal_structure": {
        "at_horizon": false,
        "horizon_radius_2M": 2.0,
        "inside_horizon": true,
        "static_region_defined": false
      },
      "coordinates": {
        "r": 1.9
      },
      "curvature_invariants": {
        "kretschmann_K": 1.020280606499855,
        "ricci_scalar_R": 0.0
      },
      "local_observables": {
        "differential_accel_across_L": null,
        "instrument_length_L": 0.001,
        "instrument_operational": null,
        "max_tolerable_diff_accel_a_max": 0.01,
        "static_observer_defined": false,
        "tidal_E_phi_phi": null,
        "tidal_E_rr": null,
        "tidal_E_theta_theta": null
      }
    },
    {
      "causal_structure": {
        "at_horizon": false,
        "horizon_radius_2M": 2.0,
        "inside_horizon": true,
        "static_region_defined": false
      },
      "coordinates": {
        "r": 1.0
      },
      "curvature_invariants": {
        "kretschmann_K": 48.0,
        "ricci_scalar_R": 0.0
      },
      "local_observables": {
        "differential_accel_across_L": null,
        "instrument_length_L": 0.001,
        "instrument_operational": null,
        "max_tolerable_diff_accel_a_max": 0.01,
        "static_observer_defined": false,
        "tidal_E_phi_phi": null,
        "tidal_E_rr": null,
        "tidal_E_theta_theta": null
      }
    },
    {
      "causal_structure": {
        "at_horizon": false,
        "horizon_radius_2M": 2.0,
        "inside_horizon": true,
        "static_region_defined": false
      },
      "coordinates": {
        "r": 0.5
      },
      "curvature_invariants": {
        "kretschmann_K": 3072.0,
        "ricci_scalar_R": 0.0
      },
      "local_observables": {
        "differential_accel_across_L": null,
        "instrument_length_L": 0.001,
        "instrument_operational": null,
        "max_tolerable_diff_accel_a_max": 0.01,
        "static_observer_defined": false,
        "tidal_E_phi_phi": null,
        "tidal_E_rr": null,
        "tidal_E_theta_theta": null
      }
    }
  ],
  "spacetime": "Schwarzschild (finite-size observer tidal limits)",
  "theory": "General Relativity",
  "toy_id": "044",
  "units": {
    "G": 1,
    "c": 1
  }
}