{
  "notes": {
    "caution": "This toy is an explicit proxy: it does not claim to integrate exact GR geodesics. Curvature invariants are therefore set to null.",
    "diagnostic": "Finite-time Lyapunov proxy \u03bb(t) = (1/t) ln(||\u03b4(t)||/||\u03b4(0)||) computed in phase space.",
    "pressure_point": "Even in smooth, time-independent systems with no horizon/singularity encountered, deterministic motion can be practically unpredictable due to exponential sensitivity to initial conditions (positive Lyapunov exponent)."
  },
  "observables": {
    "summary": {
      "chaos_detected": true,
      "energy_drift_abs_A": 142.28791403044872,
      "energy_drift_abs_B": 143.3123994397074,
      "escape_time": 3.947999999999787,
      "escaped": true,
      "lambda_proxy_last": 0.04318180850704503,
      "lambda_proxy_max_over_samples": 3.114677806620481,
      "min_distance_to_centers_over_run": 0.005330703273546177,
      "separation_efolds_ln_dend_over_d0": 17.272723402869048,
      "t_end": 400.00000000118183
    }
  },
  "parameters": {
    "centers": {
      "M1": 1.0,
      "M2": 1.0,
      "separation": 2.0,
      "softening_eps": 0.001,
      "x1": -1.0,
      "x2": 1.0
    },
    "chaos_thresholds": {
      "efolds_min": 5.0,
      "lambda_min": 0.01
    },
    "initial_conditions": {
      "vx0": 0.6,
      "vy0": 0.0,
      "x0": 0.1,
      "y0": 0.6
    },
    "integration": {
      "dt": 0.002,
      "escape_radius": 50.0,
      "method": "RK4",
      "n_steps": 200000,
      "sample_every": 2000
    },
    "perturbation": {
      "applied_to": "y position of copy trajectory",
      "delta0_phase_space_L2": 1e-06
    }
  },
  "sample_points": [
    {
      "causal_structure": {},
      "coordinates": {
        "t": 0.0
      },
      "curvature_invariants": {
        "kretschmann": null,
        "ricci_scalar": null
      },
      "local_observables": {
        "energy_A": -1.542586562256638,
        "energy_B": -1.5425857831533383,
        "finite_time_lyapunov_proxy": null,
        "separation_phase_space_L2": 1.0000000000287557e-06,
        "state_A": {
          "vx": 0.6,
          "vy": 0.0,
          "x": 0.1,
          "y": 0.6
        },
        "state_B": {
          "vx": 0.6,
          "vy": 0.0,
          "x": 0.1,
          "y": 0.600001
        }
      }
    },
    {
      "causal_structure": {},
      "coordinates": {
        "t": 3.999999999999781
      },
      "curvature_invariants": {
        "kretschmann": null,
        "ricci_scalar": null
      },
      "local_observables": {
        "energy_A": 140.74532746818656,
        "energy_B": 141.769813656557,
        "finite_time_lyapunov_proxy": 3.114677806620481,
        "separation_phase_space_L2": 0.2574835790853049,
        "state_A": {
          "vx": -15.515722736290769,
          "vy": -6.389961369914555,
          "x": -46.912163614357326,
          "y": -19.759148249180868
        },
        "state_B": {
          "vx": -15.552517513969404,
          "vy": -6.460428687933404,
          "x": -47.0253943084154,
          "y": -19.976305116096274
        }
      }
    },
    {
      "causal_structure": {},
      "coordinates": {
        "t": 7.999999999999341
      },
      "curvature_invariants": {
        "kretschmann": null,
        "ricci_scalar": null
      },
      "local_observables": {
        "energy_A": 140.7453274681865,
        "energy_B": 141.76981365655678,
        "finite_time_lyapunov_proxy": 1.6563412158600161,
        "separation_phase_space_L2": 0.568484727302038,
        "state_A": {
          "vx": -15.514493869120969,
          "vy": -6.38944673326116,
          "x": -108.97192425340978,
          "y": -45.31768060625388
        },
        "state_B": {
          "vx": -15.551299232501117,
          "vy": -6.459914110125622,
          "x": -109.23236106846966,
          "y": -45.81670692275576
        }
      }
    },
    {
      "causal_structure": {},
      "coordinates": {
        "t": 12.000000000000677
      },
      "curvature_invariants": {
        "kretschmann": null,
        "ricci_scalar": null
      },
      "local_observables": {
        "energy_A": 140.74532746818588,
        "energy_B": 141.7698136565563,
        "finite_time_lyapunov_proxy": 1.1410631767832502,
        "separation_phase_space_L2": 0.8844826010359046,
        "state_A": {
          "vx": -15.514155674881458,
          "vy": -6.389306316515467,
          "x": -171.02912256148812,
          "y": -70.87514469510147
        },
        "state_B": {
          "vx": -15.550963926475664,
          "vy": -6.459773694389709,
          "x": -171.43678747058505,
          "y": -71.65604052342708
        }
      }
    },
    {
      "causal_structure": {},
      "coordinates": {
        "t": 16.00000000000201
      },
      "curvature_invariants": {
        "kretschmann": null,
        "ricci_scalar": null
      },
      "local_observables": {
        "energy_A": 140.74532746818528,
        "energy_B": 141.76981365655627,
        "finite_time_lyapunov_proxy": 0.8749448239174125,
        "separation_phase_space_L2": 1.2015430728054137,
        "state_A": {
          "vx": -15.513997390303995,
          "vy": -6.389240772504661,
          "x": -233.08539616551494,
          "y": -96.43222536773203
        },
        "state_B": {
          "vx": -15.550806990100304,
          "vy": -6.45970814872362,
          "x": -233.6402970551808,
          "y": -97.49499070434513
        }
      }
    },
    {
      "causal_structure": {},
      "coordinates": {
        "t": 19.999999999999794
      },
      "curvature_invariants": {
        "kretschmann": null,
        "ricci_scalar": null
      },
      "local_observables": {
        "energy_A": 140.74532746818548,
        "energy_B": 141.76981365655666,
        "finite_time_lyapunov_proxy": 0.7116781872834038,
        "separation_phase_space_L2": 1.5190014644971255,
        "state_A": {
          "vx": -15.513905616316219,
          "vy": -6.389202820450098,
          "x": -295.1411877758451,
          "y": -121.98910658521683
        },
        "state_B": {
          "vx": -15.550715996781348,
          "vy": -6.459670195100887,
          "x": -295.8433287487981,
          "y": -123.33374142347026
        }
      }
    },
    {
      "causal_structure": {},
      "coordinates": {
        "t": 23.999999999997577
      },
      "curvature_invariants": {
        "kretschmann": null,
        "ricci_scalar": null
      },
      "local_observables": {
        "energy_A": 140.74532746818562,
        "energy_B": 141.76981365655567,
        "finite_time_lyapunov_proxy": 0.60097728121088,
        "separation_phase_space_L2": 1.836651710066613,
        "state_A": {
          "vx": -15.513845709790749,
          "vy": -6.389178066742318,
          "x": -357.196682821209,
          "y": -147.54586521119023
        },
        "state_B": {
          "vx": -15.550656599445004,
          "vy": -6.459645440131396,
          "x": -358.04606639916096,
          "y": -149.17236954542565
        }
      }
    },
    {
      "causal_structure": {},
      "coordinates": {
        "t": 27.99999999999536
      },
      "curvature_invariants": {
        "kretschmann": null,
        "ricci_scalar": null
      },
      "local_observables": {
        "energy_A": 140.745327468186,
        "energy_B": 141.76981365655598,
        "finite_time_lyapunov_proxy": 0.5208223942922151,
        "separation_phase_space_L2": 2.154409091002988,
        "state_A": {
          "vx": -15.513803527704953,
          "vy": -6.389160646285921,
          "x": -419.25197679806143,
          "y": -173.10254077701128
        },
        "state_B": {
          "vx": -15.550614775706594,
          "vy": -6.459628018674656,
          "x": -420.24860468958906,
          "y": -175.01091460272644
        }
      }
    },
    {
      "causal_structure": {},
      "coordinates": {
        "t": 31.999999999993143
      },
      "curvature_invariants": {
        "kretschmann": null,
        "ricci_scalar": null
      },
      "local_observables": {
        "energy_A": 140.7453274681867,
        "energy_B": 141.76981365655564,
        "finite_time_lyapunov_proxy": 0.4600197531033138,
        "separation_phase_space_L2": 2.472232383302245,
        "state_A": {
          "vx": -15.513772217581481,
          "vy": -6.389147720777166,
          "x": -481.3071254106979,
          "y": -198.65915632163964
        },
        "state_B": {
          "vx": -15.550583731469985,
          "vy": -6.459615092363949,
          "x": -482.4509988504728,
          "y": -200.8493996352495
        }
      }
    },
    {
      "causal_structure": {},
      "coordinates": {
        "t": 35.99999999999803
      },
      "curvature_invariants": {
        "kretschmann": null,
        "ricci_scalar": null
      },
      "local_observables": {
        "energy_A": 140.74532746818636,
        "energy_B": 141.76981365655567,
        "finite_time_lyapunov_proxy": 0.41226632443792816,
        "separation_phase_space_L2": 2.790099119288956,
        "state_A": {
          "vx": -15.513748056039235,
          "vy": -6.389137749278883,
          "x": -543.3621640063831,
          "y": -224.2157264554962
        },
        "state_B": {
          "vx": -15.550559775050388,
          "vy": -6.459605120212333,
          "x": -544.6532839285424,
          "y": -226.6878392541034
        }
      }
    },
    {
      "causal_structure": {},
      "coordinates": {
        "t": 40.00000000000292
      },
      "curvature_invariants": {
        "kretschmann": null,
        "ricci_scalar": null
      },
      "local_observables": {
        "energy_A": 140.74532746818574,
        "energy_B": 141.76981365655521,
        "finite_time_lyapunov_proxy": 0.37373721765370393,
        "separation_phase_space_L2": 3.1079960084240468,
        "state_A": {
          "vx": -15.51372884571728,
          "vy": -6.389129822967402,
          "x": -605.4171164260301,
          "y": -249.7722610284632
        },
        "state_B": {
          "vx": -15.550540727780954,
          "vy": -6.459597193360034,
          "x": -606.8554835620986,
          "y": -252.52624330968922
        }
      }
    },
    {
      "causal_structure": {},
      "coordinates": {
        "t": 44.00000000000781
      },
      "curvature_invariants": {
        "kretschmann": null,
        "ricci_scalar": null
      },
      "local_observables": {
        "energy_A": 140.7453274681863,
        "energy_B": 141.7698136565552,
        "finite_time_lyapunov_proxy": 0.34197452398293066,
        "separation_phase_space_L2": 3.4259146848032405,
        "state_A": {
          "vx": -15.513713206137266,
          "vy": -6.389123371152835,
          "x": -667.4719995130268,
          "y": -275.32876699692315
        },
        "state_B": {
          "vx": -15.550525220922292,
          "vy": -6.459590741091247,
          "x": -669.0576144514273,
          "y": -278.36461875878723
        }
      }
    },
    {
      "causal_structure": {},
      "coordinates": {
        "t": 48.0000000000127
      },
      "curvature_invariants": {
        "kretschmann": null,
        "ricci_scalar": null
      },
      "local_observables": {
        "energy_A": 140.74532746818656,
        "energy_B": 141.7698136565554,
        "finite_time_lyapunov_proxy": 0.31532551978840506,
        "separation_phase_space_L2": 3.743849618882585,
        "state_A": {
          "vx": -15.513700226380712,
          "vy": -6.38911801740483,
          "x": -729.5268256092611,
          "y": -300.88524945668837
        },
        "state_B": {
          "vx": -15.550512351299197,
          "vy": -6.459585386956814,
          "x": -731.2596888335979,
          "y": -304.2029706975155
        }
      }
    },
    {
      "causal_structure": {},
      "coordinates": {
        "t": 52.000000000017586
      },
      "curvature_invariants": {
        "kretschmann": null,
        "ricci_scalar": null
      },
      "local_observables": {
        "energy_A": 140.7453274681863,
        "energy_B": 141.76981365655553,
        "finite_time_lyapunov_proxy": 0.292637231666194,
        "separation_phase_space_L2": 4.061797008870637,
        "state_A": {
          "vx": -15.51368928108857,
          "vy": -6.38911350337855,
          "x": -791.5816040288188,
          "y": -326.44171225253774
        },
        "state_B": {
          "vx": -15.55050149886682,
          "vy": -6.459580872598019,
          "x": -793.4617159436052,
          "y": -330.0413029708898
        }
      }
    },
    {
      "causal_structure": {},
      "coordinates": {
        "t": 56.000000000022474
      },
      "curvature_invariants": {
        "kretschmann": null,
        "ricci_scalar": null
      },
      "local_observables": {
        "energy_A": 140.74532746818628,
        "energy_B": 141.76981365655573,
        "finite_time_lyapunov_proxy": 0.2730804134219752,
        "separation_phase_space_L2": 4.379754154490196,
        "state_A": {
          "vx": -15.513679926695023,
          "vy": -6.389109645877853,
          "x": -853.6363419739441,
          "y": -351.998158356926
        },
        "state_B": {
          "vx": -15.550492223827716,
          "vy": -6.459577014808328,
          "x": -855.6637029225435,
          "y": -355.87961855156465
        }
      }
    },
    {
      "causal_structure": {},
      "coordinates": {
        "t": 60.00000000002736
      },
      "curvature_invariants": {
        "kretschmann": null,
        "ricci_scalar": null
      },
      "local_observables": {
        "energy_A": 140.7453274681864,
        "energy_B": 141.7698136565557,
        "finite_time_lyapunov_proxy": 0.2560431274621866,
        "separation_phase_space_L2": 4.697719084751841,
        "state_A": {
          "vx": -15.51367183984334,
          "vy": -6.389106311383046,
          "x": -915.6910451288577,
          "y": -377.55459011542325
        },
        "state_B": {
          "vx": -15.55048420557172,
          "vy": -6.459573680060074,
          "x": -917.8656554063872,
          "y": -381.71791978526517
        }
      }
    },
    {
      "causal_structure": {},
      "coordinates": {
        "t": 64.00000000003224
      },
      "curvature_invariants": {
        "kretschmann": null,
        "ricci_scalar": null
      },
      "local_observables": {
        "energy_A": 140.74532746818696,
        "energy_B": 141.76981365655527,
        "finite_time_lyapunov_proxy": 0.24106377534911336,
        "separation_phase_space_L2": 5.015690327161338,
        "state_A": {
          "vx": -15.513664779248018,
          "vy": -6.389103400281659,
          "x": -977.745718058514,
          "y": -403.1110094114737
        },
        "state_B": {
          "vx": -15.550477204862364,
          "vy": -6.459570768734711,
          "x": -980.0675779213467,
          "y": -407.5562085555672
        }
      }
    },
    {
      "causal_structure": {},
      "coordinates": {
        "t": 68.00000000002292
      },
      "curvature_invariants": {
        "kretschmann": null,
        "ricci_scalar": null
      },
      "local_observables": {
        "energy_A": 140.74532746818699,
        "energy_B": 141.769813656555,
        "finite_time_lyapunov_proxy": 0.22778749274896515,
        "separation_phase_space_L2": 5.333666759369554,
        "state_A": {
          "vx": -15.513658561210086,
          "vy": -6.389100836747653,
          "x": -1039.8003644844373,
          "y": -428.66741778035197
        },
        "state_B": {
          "vx": -15.550471039560588,
          "vy": -6.4595682050013465,
          "x": -1042.2694741573623,
          "y": -433.39448639784854
        }
      }
    },
    {
      "causal_structure": {},
      "coordinates": {
        "t": 72.0000000000136
      },
      "curvature_invariants": {
        "kretschmann": null,
        "ricci_scalar": null
      },
      "local_observables": {
        "energy_A": 140.74532746818684,
        "energy_B": 141.7698136565556,
        "finite_time_lyapunov_proxy": 0.21593691188095876,
        "separation_phase_space_L2": 5.651647510866414,
        "state_A": {
          "vx": -15.513653043404688,
          "vy": -6.389098562041343,
          "x": -1101.8549874805099,
          "y": -454.2238164900106
        },
        "state_B": {
          "vx": -15.550465568549857,
          "vy": -6.459565930116535,
          "x": -1104.4713471622372,
          "y": -459.2327545801594
        }
      }
    },
    {
      "causal_structure": {},
      "coordinates": {
        "t": 76.00000000000428
      },
      "curvature_invariants": {
        "kretschmann": null,
        "ricci_scalar": null
      },
      "local_observables": {
        "energy_A": 140.7453274681871,
        "energy_B": 141.76981365655547,
        "finite_time_lyapunov_proxy": 0.205292050322085,
        "separation_phase_space_L2": 5.9696318960105925,
        "state_A": {
          "vx": -15.513648113853693,
          "vy": -6.389096529953372,
          "x": -1163.9095896150243,
          "y": -479.78020659976255
        },
        "state_B": {
          "vx": -15.550460680802477,
          "vy": -6.459563897867789,
          "x": -1166.6731994824686,
          "y": -485.07101416188436
        }
      }
    },
    {
      "causal_structure": {},
      "coordinates": {
        "t": 79.99999999999496
      },
      "curvature_invariants": {
        "kretschmann": null,
        "ricci_scalar": null
      },
      "local_observables": {
        "energy_A": 140.74532746818704,
        "energy_B": 141.76981365655524,
        "finite_time_lyapunov_proxy": 0.19567616347570285,
        "separation_phase_space_L2": 6.287619367395753,
        "state_A": {
          "vx": -15.513643683246682,
          "vy": -6.389094703632699,
          "x": -1225.96417305584,
          "y": -505.3365890036811
        },
        "state_B": {
          "vx": -15.55045628776618,
          "vy": -6.459562071401573,
          "x": -1228.8750332675236,
          "y": -510.9092660371648
        }
      }
    },
    {
      "causal_structure": {},
      "coordinates": {
        "t": 83.99999999998563
      },
      "curvature_invariants": {
        "kretschmann": null,
        "ricci_scalar": null
      },
      "local_observables": {
        "energy_A": 140.745327468187,
        "energy_B": 141.76981365655513,
        "finite_time_lyapunov_proxy": 0.18694559247147569,
        "separation_phase_space_L2": 6.605609482640701,
        "state_A": {
          "vx": -15.51363967948159,
          "vy": -6.389093053331654,
          "x": -1288.018739649533,
          "y": -530.892964463274
        },
        "state_B": {
          "vx": -15.550452317950834,
          "vy": -6.45956042096816,
          "x": -1291.0768503483107,
          "y": -536.7475109675663
        }
      }
    },
    {
      "causal_structure": {},
      "coordinates": {
        "t": 87.99999999997631
      },
      "curvature_invariants": {
        "kretschmann": null,
        "ricci_scalar": null
      },
      "local_observables": {
        "energy_A": 140.7453274681875,
        "energy_B": 141.76981365655547,
        "finite_time_lyapunov_proxy": 0.17898234880786212,
        "separation_phase_space_L2": 6.9236018803254,
        "state_A": {
          "vx": -15.513636043710495,
          "vy": -6.389091554773117,
          "x": -1350.0732909818937,
          "y": -556.44933363247
        },
        "state_B": {
          "vx": -15.550448713007919,
          "vy": -6.459558922288706,
          "x": -1353.2786522971771,
          "y": -562.5857496070618
        }
      }
    },
    {
      "causal_structure": {},
      "coordinates": {
        "t": 91.99999999996699
      },
      "curvature_invariants": {
        "kretschmann": null,
        "ricci_scalar": null
      },
      "local_observables": {
        "energy_A": 140.74532746818812,
        "energy_B": 141.76981365655502,
        "finite_time_lyapunov_proxy": 0.17168861106793046,
        "separation_phase_space_L2": 7.24159626225878,
        "state_A": {
          "vx": -15.513632727427822,
          "vy": -6.389090187948235,
          "x": -1412.1278284248442,
          "y": -582.0056970769566
        },
        "state_B": {
          "vx": -15.550445424843414,
          "vy": -6.45955755535294,
          "x": -1415.4804404743963,
          "y": -588.4239825213879
        }
      }
    },
    {
      "causal_structure": {},
      "coordinates": {
        "t": 95.99999999995767
      },
      "curvature_invariants": {
        "kretschmann": null,
        "ricci_scalar": null
      },
      "local_observables": {
        "energy_A": 140.7453274681879,
        "energy_B": 141.76981365655504,
        "finite_time_lyapunov_proxy": 0.16498258154915346,
        "separation_phase_space_L2": 7.5595923802104075,
        "state_A": {
          "vx": -15.513629690293943,
          "vy": -6.389088936217829,
          "x": -1474.1823531732286,
          "y": -607.5620552893947
        },
        "state_B": {
          "vx": -15.550442413460107,
          "vy": -6.459556303520506,
          "x": -1477.682216064685,
          "y": -614.2622102032382
        }
      }
    },
    {
      "causal_structure": {},
      "coordinates": {
        "t": 99.99999999994834
      },
      "curvature_invariants": {
        "kretschmann": null,
        "ricci_scalar": null
      },
      "local_observables": {
        "energy_A": 140.7453274681884,
        "energy_B": 141.76981365655462,
        "finite_time_lyapunov_proxy": 0.15879532580753897,
        "separation_phase_space_L2": 7.877590025851755,
        "state_A": {
          "vx": -15.513626898486276,
          "vy": -6.389087785631835,
          "x": -1536.2368662740648,
          "y": -633.1184087014642
        },
        "state_B": {
          "vx": -15.55043964532223,
          "vy": -6.459555152840323,
          "x": -1539.883980106174,
          "y": -640.1004330843252
        }
      }
    },
    {
      "causal_structure": {},
      "coordinates": {
        "t": 103.99999999993902
      },
      "curvature_invariants": {
        "kretschmann": null,
        "ricci_scalar": null
      },
      "local_observables": {
        "energy_A": 140.74532746818818,
        "energy_B": 141.76981365655448,
        "finite_time_lyapunov_proxy": 0.153068333110228,
        "separation_phase_space_L2": 8.195589023049783,
        "state_A": {
          "vx": -15.513624323434072,
          "vy": -6.3890867244069875,
          "x": -1598.2913686499408,
          "y": -658.6747576935212
        },
        "state_B": {
          "vx": -15.550437092101555,
          "vy": -6.459554091528298,
          "x": -1602.08573351363,
          "y": -665.9386515450425
        }
      }
    },
    {
      "causal_structure": {},
      "coordinates": {
        "t": 107.9999999999297
      },
      "curvature_invariants": {
        "kretschmann": null,
        "ricci_scalar": null
      },
      "local_observables": {
        "energy_A": 140.74532746818807,
        "energy_B": 141.76981365655445,
        "finite_time_lyapunov_proxy": 0.14775161274826729,
        "separation_phase_space_L2": 8.513589221848775,
        "state_A": {
          "vx": -15.51362194083736,
          "vy": -6.389085742522023,
          "x": -1660.345861117992,
          "y": -684.2311026024411
        },
        "state_B": {
          "vx": -15.55043472970424,
          "vy": -6.459553109562327,
          "x": -1664.287477097262,
          "y": -691.776865922285
        }
      }
    },
    {
      "causal_structure": {},
      "coordinates": {
        "t": 111.99999999992038
      },
      "curvature_invariants": {
        "kretschmann": null,
        "ricci_scalar": null
      },
      "local_observables": {
        "energy_A": 140.745327468188,
        "energy_B": 141.76981365655502,
        "finite_time_lyapunov_proxy": 0.14280219357333487,
        "separation_phase_space_L2": 8.831590493781869,
        "state_A": {
          "vx": -15.513619729897604,
          "vy": -6.389084831400027,
          "x": -1722.4003444053894,
          "y": -709.7874437279969
        },
        "state_B": {
          "vx": -15.550432537508186,
          "vy": -6.459552198364929,
          "x": -1726.4892115780713,
          "y": -717.6150765158461
        }
      }
    },
    {
      "causal_structure": {},
      "coordinates": {
        "t": 115.99999999991105
      },
      "curvature_invariants": {
        "kretschmann": null,
        "ricci_scalar": null
      },
      "local_observables": {
        "energy_A": 140.74532746818804,
        "energy_B": 141.76981365655476,
        "finite_time_lyapunov_proxy": 0.13818293039362936,
        "separation_phase_space_L2": 9.149592728159993,
        "state_A": {
          "vx": -15.513617672708957,
          "vy": -6.389083983657394,
          "x": -1784.454819162069,
          "y": -735.3437813381062
        },
        "state_B": {
          "vx": -15.550430497759365,
          "vy": -6.459551350551913,
          "x": -1788.690937600486,
          "y": -743.4532835936714
        }
      }
    },
    {
      "causal_structure": {},
      "coordinates": {
        "t": 119.99999999990173
      },
      "curvature_invariants": {
        "kretschmann": null,
        "ricci_scalar": null
      },
      "local_observables": {
        "energy_A": 140.7453274681879,
        "energy_B": 141.7698136565538,
        "finite_time_lyapunov_proxy": 0.13386154633825015,
        "separation_phase_space_L2": 9.467595829076464,
        "state_A": {
          "vx": -15.513615753772278,
          "vy": -6.3890831929032155,
          "x": -1846.5092859713077,
          "y": -760.9001156732043
        },
        "state_B": {
          "vx": -15.550428595090121,
          "vy": -6.45955055973188,
          "x": -1850.8926557428342,
          "y": -769.2914873962147
        }
      }
    },
    {
      "causal_structure": {},
      "coordinates": {
        "t": 123.99999999989241
      },
      "curvature_invariants": {
        "kretschmann": null,
        "ricci_scalar": null
      },
      "local_observables": {
        "energy_A": 140.74532746818798,
        "energy_B": 141.76981365655422,
        "finite_time_lyapunov_proxy": 0.12980985843496623,
        "separation_phase_space_L2": 9.7855997130253,
        "state_A": {
          "vx": -15.513613959603953,
          "vy": -6.389082453577884,
          "x": -1908.5637453585248,
          "y": -786.4564469498714
        },
        "state_B": {
          "vx": -15.55042681613132,
          "vy": -6.459549820344819,
          "x": -1913.0943665260872,
          "y": -795.1296881400731
        }
      }
    },
    {
      "causal_structure": {},
      "coordinates": {
        "t": 127.99999999988309
      },
      "curvature_invariants": {
        "kretschmann": null,
        "ricci_scalar": null
      },
      "local_observables": {
        "energy_A": 140.74532746818767,
        "energy_B": 141.76981365655362,
        "finite_time_lyapunov_proxy": 0.1260031467203923,
        "separation_phase_space_L2": 10.103604306936035,
        "state_A": {
          "vx": -15.513612278418503,
          "vy": -6.389081760822194,
          "x": -1970.6181977987133,
          "y": -812.0127753638968
        },
        "state_B": {
          "vx": -15.550425149197338,
          "vy": -6.45954912753113,
          "x": -1975.2960704211962,
          "y": -820.9678860210431
        }
      }
    },
    {
      "causal_structure": {},
      "coordinates": {
        "t": 131.99999999990217
      },
      "curvature_invariants": {
        "kretschmann": null,
        "ricci_scalar": null
      },
      "local_observables": {
        "energy_A": 140.74532746818818,
        "energy_B": 141.7698136565539,
        "finite_time_lyapunov_proxy": 0.12241963673780752,
        "separation_phase_space_L2": 10.421609546626456,
        "state_A": {
          "vx": -15.513610699869574,
          "vy": -6.389081110370398,
          "x": -2032.6726437226694,
          "y": -837.5691010928356
        },
        "state_B": {
          "vx": -15.550423584029605,
          "vy": -6.459548477024751,
          "x": -2037.4977678553016,
          "y": -846.8060812167084
        }
      }
    },
    {
      "causal_structure": {},
      "coordinates": {
        "t": 135.99999999992127
      },
      "curvature_invariants": {
        "kretschmann": null,
        "ricci_scalar": null
      },
      "local_observables": {
        "energy_A": 140.74532746818883,
        "energy_B": 141.7698136565539,
        "finite_time_lyapunov_proxy": 0.11904007230914329,
        "separation_phase_space_L2": 10.739615375459332,
        "state_A": {
          "vx": -15.51360921483657,
          "vy": -6.389080498462302,
          "x": -2094.7270835223117,
          "y": -863.1254242982308
        },
        "state_B": {
          "vx": -15.550422111584865,
          "vy": -6.459547865065173,
          "x": -2099.6994592170167,
          "y": -872.6442738886165
        }
      }
    },
    {
      "causal_structure": {},
      "coordinates": {
        "t": 139.99999999994037
      },
      "curvature_invariants": {
        "kretschmann": null,
        "ricci_scalar": null
      },
      "local_observables": {
        "energy_A": 140.74532746818886,
        "energy_B": 141.7698136565538,
        "finite_time_lyapunov_proxy": 0.11584736070471865,
        "separation_phase_space_L2": 11.057621743279013,
        "state_A": {
          "vx": -15.513607815248458,
          "vy": -6.389079921770497,
          "x": -2156.781517555238,
          "y": -888.6817451274691
        },
        "state_B": {
          "vx": -15.550420723860569,
          "vy": -6.459547288324773,
          "x": -2161.9011448609167,
          "y": -898.4824641841709
        }
      }
    },
    {
      "causal_structure": {},
      "coordinates": {
        "t": 143.99999999995947
      },
      "curvature_invariants": {
        "kretschmann": null,
        "ricci_scalar": null
      },
      "local_observables": {
        "energy_A": 140.7453274681891,
        "energy_B": 141.76981365655365,
        "finite_time_lyapunov_proxy": 0.11282627627270454,
        "separation_phase_space_L2": 11.375628605468819,
        "state_A": {
          "vx": -15.513606493937067,
          "vy": -6.38907937733991,
          "x": -2218.8359461486257,
          "y": -914.2380637153944
        },
        "state_B": {
          "vx": -15.550419413749312,
          "vy": -6.459546743848198,
          "x": -2224.1028251113653,
          "y": -924.3206522382195
        }
      }
    },
    {
      "causal_structure": {},
      "coordinates": {
        "t": 147.99999999997857
      },
      "curvature_invariants": {
        "kretschmann": null,
        "ricci_scalar": null
      },
      "local_observables": {
        "energy_A": 140.74532746818883,
        "energy_B": 141.76981365655314,
        "finite_time_lyapunov_proxy": 0.10996321157760866,
        "separation_phase_space_L2": 11.693635922271199,
        "state_A": {
          "vx": -15.51360524451416,
          "vy": -6.38907886253706,
          "x": -2280.8903696025554,
          "y": -939.7943801856803
        },
        "state_B": {
          "vx": -15.55041817491705,
          "vy": -6.459546229001772,
          "x": -2286.304500265928,
          "y": -950.1588381744505
        }
      }
    },
    {
      "causal_structure": {},
      "coordinates": {
        "t": 151.99999999999767
      },
      "curvature_invariants": {
        "kretschmann": null,
        "ricci_scalar": null
      },
      "local_observables": {
        "energy_A": 140.74532746818932,
        "energy_B": 141.7698136565534,
        "finite_time_lyapunov_proxy": 0.10724596738238701,
        "separation_phase_space_L2": 12.011643658086088,
        "state_A": {
          "vx": -15.513604061268333,
          "vy": -6.389078375007502,
          "x": -2342.944788192948,
          "y": -965.3506946520444
        },
        "state_B": {
          "vx": -15.550417001700792,
          "vy": -6.459545741430903,
          "x": -2348.5061705981725,
          "y": -975.9970221065888
        }
      }
    },
    {
      "causal_structure": {},
      "coordinates": {
        "t": 156.00000000001677
      },
      "curvature_invariants": {
        "kretschmann": null,
        "ricci_scalar": null
      },
      "local_observables": {
        "energy_A": 140.7453274681894,
        "energy_B": 141.76981365655382,
        "finite_time_lyapunov_proxy": 0.10466357457117229,
        "separation_phase_space_L2": 12.329651780969193,
        "state_A": {
          "vx": -15.513602939077446,
          "vy": -6.389077912639836,
          "x": -2404.99920217408,
          "y": -990.9070072192804
        },
        "state_B": {
          "vx": -15.550415889021874,
          "vy": -6.459545279024008,
          "x": -2410.7078363602263,
          "y": -1001.8352041394365
        }
      }
    },
    {
      "causal_structure": {},
      "coordinates": {
        "t": 160.00000000003587
      },
      "curvature_invariants": {
        "kretschmann": null,
        "ricci_scalar": null
      },
      "local_observables": {
        "energy_A": 140.74532746818977,
        "energy_B": 141.7698136565539,
        "finite_time_lyapunov_proxy": 0.1022061424780361,
        "separation_phase_space_L2": 12.647660262167044,
        "state_A": {
          "vx": -15.513601873334776,
          "vy": -6.389077473535124,
          "x": -2467.0536117808065,
          "y": -1016.4633179841724
        },
        "state_B": {
          "vx": -15.550414832312567,
          "vy": -6.459544839881978,
          "x": -2472.9094977849522,
          "y": -1027.6733843697912
        }
      }
    },
    {
      "causal_structure": {},
      "coordinates": {
        "t": 164.00000000005497
      },
      "curvature_invariants": {
        "kretschmann": null,
        "ricci_scalar": null
      },
      "local_observables": {
        "energy_A": 140.74532746818886,
        "energy_B": 141.76981365655377,
        "finite_time_lyapunov_proxy": 0.09986472915787627,
        "separation_phase_space_L2": 12.965669075713306,
        "state_A": {
          "vx": -15.513600859885539,
          "vy": -6.3890770559808265,
          "x": -2529.108017230469,
          "y": -1042.0196270362906
        },
        "state_B": {
          "vx": -15.550413827453436,
          "vy": -6.459544422292119,
          "x": -2535.111155087843,
          "y": -1053.5115628872243
        }
      }
    },
    {
      "causal_structure": {},
      "coordinates": {
        "t": 168.00000000007407
      },
      "curvature_invariants": {
        "kretschmann": null,
        "ricci_scalar": null
      },
      "local_observables": {
        "energy_A": 140.74532746818883,
        "energy_B": 141.76981365655416,
        "finite_time_lyapunov_proxy": 0.09763122997843716,
        "separation_phase_space_L2": 13.283678198129813,
        "state_A": {
          "vx": -15.513599894973167,
          "vy": -6.389076658428433,
          "x": -2591.162418724594,
          "y": -1067.5759344586822
        },
        "state_B": {
          "vx": -15.550412870719667,
          "vy": -6.459544024705824,
          "x": -2597.312808468735,
          "y": -1079.3497397747956
        }
      }
    },
    {
      "causal_structure": {},
      "coordinates": {
        "t": 172.00000000009317
      },
      "curvature_invariants": {
        "kretschmann": null,
        "ricci_scalar": null
      },
      "local_observables": {
        "energy_A": 140.74532746818804,
        "energy_B": 141.76981365655436,
        "finite_time_lyapunov_proxy": 0.0954982815802372,
        "separation_phase_space_L2": 13.601687608095498,
        "state_A": {
          "vx": -15.513598975192247,
          "vy": -6.389076279474377,
          "x": -2653.2168164504037,
          "y": -1093.1322403285078
        },
        "state_B": {
          "vx": -15.550411958734776,
          "vy": -6.45954364571941,
          "x": -2659.514458113259,
          "y": -1105.1879151096648
        }
      }
    },
    {
      "causal_structure": {},
      "coordinates": {
        "t": 176.00000000011227
      },
      "curvature_invariants": {
        "kretschmann": null,
        "ricci_scalar": null
      },
      "local_observables": {
        "energy_A": 140.74532746818818,
        "energy_B": 141.76981365655425,
        "finite_time_lyapunov_proxy": 0.09345917878361167,
        "separation_phase_space_L2": 13.919697286225757,
        "state_A": {
          "vx": -15.51359809744888,
          "vy": -6.389075917843341,
          "x": -2715.2712105821593,
          "y": -1118.6885447175687
        },
        "state_B": {
          "vx": -15.550411088430984,
          "vy": -6.459543284057468,
          "x": -2721.7161041941795,
          "y": -1131.0260889636452
        }
      }
    },
    {
      "causal_structure": {},
      "coordinates": {
        "t": 180.00000000013137
      },
      "curvature_invariants": {
        "kretschmann": null,
        "ricci_scalar": null
      },
      "local_observables": {
        "energy_A": 140.74532746818824,
        "energy_B": 141.76981365655428,
        "finite_time_lyapunov_proxy": 0.09150780244861777,
        "separation_phase_space_L2": 14.237707214857439,
        "state_A": {
          "vx": -15.51359725892546,
          "vy": -6.389075572374082,
          "x": -2777.3256012822785,
          "y": -1144.2448476928016
        },
        "state_B": {
          "vx": -15.550410257014677,
          "vy": -6.459542938558633,
          "x": -2783.9177468725484,
          "y": -1156.8642614036744
        }
      }
    },
    {
      "causal_structure": {},
      "coordinates": {
        "t": 184.00000000015046
      },
      "curvature_invariants": {
        "kretschmann": null,
        "ricci_scalar": null
      },
      "local_observables": {
        "energy_A": 140.74532746818878,
        "energy_B": 141.7698136565546,
        "finite_time_lyapunov_proxy": 0.08963855663743471,
        "separation_phase_space_L2": 14.555717377858858,
        "state_A": {
          "vx": -15.513596457050786,
          "vy": -6.389075242006837,
          "x": -2839.3799887024215,
          "y": -1169.801149316696
        },
        "state_B": {
          "vx": -15.550409461936438,
          "vy": -6.459542608163042,
          "x": -2846.1193862987398,
          "y": -1182.7024324922495
        }
      }
    },
    {
      "causal_structure": {},
      "coordinates": {
        "t": 188.00000000016956
      },
      "curvature_invariants": {
        "kretschmann": null,
        "ricci_scalar": null
      },
      "local_observables": {
        "energy_A": 140.74532746818863,
        "energy_B": 141.76981365655402,
        "finite_time_lyapunov_proxy": 0.0878463137073732,
        "separation_phase_space_L2": 14.873727760463048,
        "state_A": {
          "vx": -15.513595689473505,
          "vy": -6.389074925772498,
          "x": -2901.4343729844118,
          "y": -1195.3574496476956
        },
        "state_B": {
          "vx": -15.55040870086482,
          "vy": -6.459542291901575,
          "x": -2908.321022613371,
          "y": -1208.5406022878203
        }
      }
    },
    {
      "causal_structure": {},
      "coordinates": {
        "t": 192.00000000018866
      },
      "curvature_invariants": {
        "kretschmann": null,
        "ricci_scalar": null
      },
      "local_observables": {
        "energy_A": 140.74532746818838,
        "energy_B": 141.76981365655416,
        "finite_time_lyapunov_proxy": 0.08612636618928747,
        "separation_phase_space_L2": 15.191738349129832,
        "state_A": {
          "vx": -15.513594954039291,
          "vy": -6.389074622783172,
          "x": -2963.488754261064,
          "y": -1220.913748740532
        },
        "state_B": {
          "vx": -15.550407971663837,
          "vy": -6.459541988886236,
          "x": -2970.522655948141,
          "y": -1234.3787708451184
        }
      }
    },
    {
      "causal_structure": {},
      "coordinates": {
        "t": 196.00000000020776
      },
      "curvature_invariants": {
        "kretschmann": null,
        "ricci_scalar": null
      },
      "local_observables": {
        "energy_A": 140.7453274681875,
        "energy_B": 141.76981365655294,
        "finite_time_lyapunov_proxy": 0.08447438449153757,
        "separation_phase_space_L2": 15.509749131422963,
        "state_A": {
          "vx": -15.513594248770472,
          "vy": -6.389074332223819,
          "x": -3025.543132656941,
          "y": -1246.4700466465304
        },
        "state_B": {
          "vx": -15.550407272372501,
          "vy": -6.459541698301894,
          "x": -3032.724286426554,
          "y": -1260.21693821548
        }
      }
    },
    {
      "causal_structure": {},
      "coordinates": {
        "t": 200.00000000022686
      },
      "curvature_invariants": {
        "kretschmann": null,
        "ricci_scalar": null
      },
      "local_observables": {
        "energy_A": 140.74532746818758,
        "energy_B": 141.76981365655277,
        "finite_time_lyapunov_proxy": 0.08288637962190551,
        "separation_phase_space_L2": 15.827760095891572,
        "state_A": {
          "vx": -15.513593571848507,
          "vy": -6.389074053344903,
          "x": -3087.59750828901,
          "y": -1272.0263434138924
        },
        "state_B": {
          "vx": -15.550406601187724,
          "vy": -6.45954141939898,
          "x": -3094.9259141645975,
          "y": -1286.0551044471035
        }
      }
    },
    {
      "causal_structure": {},
      "coordinates": {
        "t": 204.00000000024596
      },
      "curvature_invariants": {
        "kretschmann": null,
        "ricci_scalar": null
      },
      "local_observables": {
        "energy_A": 140.7453274681877,
        "energy_B": 141.76981365655266,
        "finite_time_lyapunov_proxy": 0.08135867024546799,
        "separation_phase_space_L2": 16.14577123196819,
        "state_A": {
          "vx": -15.513592921597999,
          "vy": -6.389073785455937,
          "x": -3149.6518812672775,
          "y": -1297.5826390879413
        },
        "state_B": {
          "vx": -15.550405956448323,
          "vy": -6.459541151486939,
          "x": -3157.1275392713123,
          "y": -1311.8932695853216
        }
      }
    },
    {
      "causal_structure": {},
      "coordinates": {
        "t": 208.00000000026506
      },
      "curvature_invariants": {
        "kretschmann": null,
        "ricci_scalar": null
      },
      "local_observables": {
        "energy_A": 140.7453274681876,
        "energy_B": 141.76981365655314,
        "finite_time_lyapunov_proxy": 0.07988785350045349,
        "separation_phase_space_L2": 16.463782529913875,
        "state_A": {
          "vx": -15.51359229647304,
          "vy": -6.389073527919905,
          "x": -3211.706251695291,
          "y": -1323.1389337113428
        },
        "state_B": {
          "vx": -15.550405336621541,
          "vy": -6.459540893928703,
          "x": -3219.3291618493927,
          "y": -1337.7314336728023
        }
      }
    },
    {
      "causal_structure": {},
      "coordinates": {
        "t": 212.00000000028416
      },
      "curvature_invariants": {
        "kretschmann": null,
        "ricci_scalar": null
      },
      "local_observables": {
        "energy_A": 140.74532746818795,
        "energy_B": 141.76981365655283,
        "finite_time_lyapunov_proxy": 0.07847077908056382,
        "separation_phase_space_L2": 16.78179398070734,
        "state_A": {
          "vx": -15.51359169504501,
          "vy": -6.389073280148009,
          "x": -3273.760619670654,
          "y": -1348.695227324318
        },
        "state_B": {
          "vx": -15.550404740290737,
          "vy": -6.459540646135424,
          "x": -3281.5307819956083,
          "y": -1363.569596749769
        }
      }
    },
    {
      "causal_structure": {},
      "coordinates": {
        "t": 216.00000000030326
      },
      "curvature_invariants": {
        "kretschmann": null,
        "ricci_scalar": null
      },
      "local_observables": {
        "energy_A": 140.7453274681888,
        "energy_B": 141.76981365655357,
        "finite_time_lyapunov_proxy": 0.07710452616449617,
        "separation_phase_space_L2": 17.099805575993532,
        "state_A": {
          "vx": -15.51359111599154,
          "vy": -6.3890730415952905,
          "x": -3335.814985285484,
          "y": -1374.251519964817
        },
        "state_B": {
          "vx": -15.550404166144872,
          "vy": -6.459540407562101,
          "x": -3343.73239980129,
          "y": -1389.4077588541772
        }
      }
    },
    {
      "causal_structure": {},
      "coordinates": {
        "t": 220.00000000032236
      },
      "curvature_invariants": {
        "kretschmann": null,
        "ricci_scalar": null
      },
      "local_observables": {
        "energy_A": 140.74532746818866,
        "energy_B": 141.7698136565537,
        "finite_time_lyapunov_proxy": 0.07578638283381173,
        "separation_phase_space_L2": 17.417817308031545,
        "state_A": {
          "vx": -15.513590558086763,
          "vy": -6.389072811756583,
          "x": -3397.8693486267903,
          "y": -1399.807811668701
        },
        "state_B": {
          "vx": -15.550403612968458,
          "vy": -6.459540177703527,
          "x": -3405.934015352722,
          "y": -1415.2459200218946
        }
      }
    },
    {
      "causal_structure": {},
      "coordinates": {
        "t": 224.00000000034146
      },
      "curvature_invariants": {
        "kretschmann": null,
        "ricci_scalar": null
      },
      "local_observables": {
        "energy_A": 140.74532746818883,
        "energy_B": 141.76981365655374,
        "finite_time_lyapunov_proxy": 0.07451382767113159,
        "separation_phase_space_L2": 17.735829169610874,
        "state_A": {
          "vx": -15.513590020192916,
          "vy": -6.389072590162993,
          "x": -3459.923709776859,
          "y": -1425.3641024698663
        },
        "state_B": {
          "vx": -15.550403079633323,
          "vy": -6.459539956090769,
          "x": -3468.135628731491,
          "y": -1441.084080286809
        }
      }
    },
    {
      "causal_structure": {},
      "coordinates": {
        "t": 228.00000000036056
      },
      "curvature_invariants": {
        "kretschmann": null,
        "ricci_scalar": null
      },
      "local_observables": {
        "energy_A": 140.74532746818903,
        "energy_B": 141.76981365655365,
        "finite_time_lyapunov_proxy": 0.07328451327353429,
        "separation_phase_space_L2": 18.053841154037773,
        "state_A": {
          "vx": -15.513589501252321,
          "vy": -6.389072376378662,
          "x": -3521.978068813598,
          "y": -1450.9203924004162
        },
        "state_B": {
          "vx": -15.550402565090774,
          "vy": -6.459539742287942,
          "x": -3530.3372400148446,
          "y": -1466.922239681032
        }
      }
    },
    {
      "causal_structure": {},
      "coordinates": {
        "t": 232.00000000037966
      },
      "curvature_invariants": {
        "kretschmann": null,
        "ricci_scalar": null
      },
      "local_observables": {
        "energy_A": 140.74532746818923,
        "energy_B": 141.76981365655374,
        "finite_time_lyapunov_proxy": 0.07209625145222842,
        "separation_phase_space_L2": 18.371853255068313,
        "state_A": {
          "vx": -15.51358900028055,
          "vy": -6.389072169997965,
          "x": -3584.0324258108362,
          "y": -1476.4766814907653
        },
        "state_B": {
          "vx": -15.550402068364756,
          "vy": -6.459539535889366,
          "x": -3592.538849275972,
          "y": -1492.7603982349829
        }
      }
    },
    {
      "causal_structure": {},
      "coordinates": {
        "t": 236.00000000039876
      },
      "curvature_invariants": {
        "kretschmann": null,
        "ricci_scalar": null
      },
      "local_observables": {
        "energy_A": 140.74532746818926,
        "energy_B": 141.76981365655396,
        "finite_time_lyapunov_proxy": 0.0709469999204044,
        "separation_phase_space_L2": 18.68986546688761,
        "state_A": {
          "vx": -15.513588516360215,
          "vy": -6.38907197064279,
          "x": -3646.0867808385815,
          "y": -1502.0329697697641
        },
        "state_B": {
          "vx": -15.55040158854566,
          "vy": -6.459539336516913,
          "x": -3654.7404565843003,
          "y": -1518.5985559775136
        }
      }
    },
    {
      "causal_structure": {},
      "coordinates": {
        "t": 240.00000000041786
      },
      "curvature_invariants": {
        "kretschmann": null,
        "ricci_scalar": null
      },
      "local_observables": {
        "energy_A": 140.74532746818952,
        "energy_B": 141.76981365655416,
        "finite_time_lyapunov_proxy": 0.06983485029731405,
        "separation_phase_space_L2": 19.007877784062252,
        "state_A": {
          "vx": -15.513588048635336,
          "vy": -6.389071777960425,
          "x": -3708.1411339633155,
          "y": -1527.5892572648013
        },
        "state_B": {
          "vx": -15.550401124784731,
          "vy": -6.4595391438178345,
          "x": -3716.9420620057494,
          "y": -1544.4367129360153
        }
      }
    },
    {
      "causal_structure": {},
      "coordinates": {
        "t": 244.00000000043696
      },
      "curvature_invariants": {
        "kretschmann": null,
        "ricci_scalar": null
      },
      "local_observables": {
        "energy_A": 140.74532746818946,
        "energy_B": 141.76981365655425,
        "finite_time_lyapunov_proxy": 0.06875801727900895,
        "separation_phase_space_L2": 19.325890201490317,
        "state_A": {
          "vx": -15.51358759630624,
          "vy": -6.389071591621347,
          "x": -3770.195485248217,
          "y": -1553.145544001902
        },
        "state_B": {
          "vx": -15.55040067628909,
          "vy": -6.459538957462604,
          "x": -3779.143665602921,
          "y": -1570.2748691365139
        }
      }
    },
    {
      "causal_structure": {},
      "coordinates": {
        "t": 248.00000000045605
      },
      "curvature_invariants": {
        "kretschmann": null,
        "ricci_scalar": null
      },
      "local_observables": {
        "energy_A": 140.74532746818966,
        "energy_B": 141.7698136565533,
        "finite_time_lyapunov_proxy": 0.06771482884531731,
        "separation_phase_space_L2": 19.643902714451773,
        "state_A": {
          "vx": -15.5135871586251,
          "vy": -6.389071411317412,
          "x": -3832.249834753316,
          "y": -1578.7018300058164
        },
        "state_B": {
          "vx": -15.550400242317181,
          "vy": -6.459538777142997,
          "x": -3841.3452674354126,
          "y": -1596.1130246037617
        }
      }
    },
    {
      "causal_structure": {},
      "coordinates": {
        "t": 252.00000000047515
      },
      "curvature_invariants": {
        "kretschmann": null,
        "ricci_scalar": null
      },
      "local_observables": {
        "energy_A": 140.74532746818952,
        "energy_B": 141.76981365655337,
        "finite_time_lyapunov_proxy": 0.06670371738897947,
        "separation_phase_space_L2": 19.961915318473235,
        "state_A": {
          "vx": -15.513586734891692,
          "vy": -6.389071236760079,
          "x": -3894.3041825358105,
          "y": -1604.2581153001029
        },
        "state_B": {
          "vx": -15.550399822174866,
          "vy": -6.4595386025705,
          "x": -3903.5468675599,
          "y": -1621.9511793613199
        }
      }
    },
    {
      "causal_structure": {},
      "coordinates": {
        "t": 256.00000000049425
      },
      "curvature_invariants": {
        "kretschmann": null,
        "ricci_scalar": null
      },
      "local_observables": {
        "energy_A": 140.7453274681896,
        "energy_B": 141.76981365655328,
        "finite_time_lyapunov_proxy": 0.06572321166713269,
        "separation_phase_space_L2": 20.27992800937152,
        "state_A": {
          "vx": -15.513586324449797,
          "vy": -6.3890710676789295,
          "x": -3956.358528650171,
          "y": -1629.8143999071972
        },
        "state_B": {
          "vx": -15.550399415211384,
          "vy": -6.459538433474645,
          "x": -3965.748466030384,
          "y": -1647.7893334316273
        }
      }
    },
    {
      "causal_structure": {},
      "coordinates": {
        "t": 260.00000000051335
      },
      "curvature_invariants": {
        "kretschmann": null,
        "ricci_scalar": null
      },
      "local_observables": {
        "energy_A": 140.74532746818952,
        "energy_B": 141.76981365655305,
        "finite_time_lyapunov_proxy": 0.06477192948739167,
        "separation_phase_space_L2": 20.597940783223635,
        "state_A": {
          "vx": -15.513585926683662,
          "vy": -6.389070903820238,
          "x": -4018.412873148313,
          "y": -1655.3706838484957
        },
        "state_B": {
          "vx": -15.550399020816219,
          "vy": -6.459538269601702,
          "x": -4027.950062898351,
          "y": -1673.6274868360786
        }
      }
    },
    {
      "causal_structure": {},
      "coordinates": {
        "t": 264.00000000053245
      },
      "curvature_invariants": {
        "kretschmann": null,
        "ricci_scalar": null
      },
      "local_observables": {
        "energy_A": 140.74532746818969,
        "energy_B": 141.76981365655303,
        "finite_time_lyapunov_proxy": 0.06384857105138197,
        "separation_phase_space_L2": 20.91595363633716,
        "state_A": {
          "vx": -15.513585541015038,
          "vy": -6.389070744945726,
          "x": -4080.467216079773,
          "y": -1680.9269671444038
        },
        "state_B": {
          "vx": -15.550398638416029,
          "vy": -6.459538110713365,
          "x": -4090.1516582129057,
          "y": -1699.4656395950847
        }
      }
    },
    {
      "causal_structure": {},
      "coordinates": {
        "t": 268.00000000055155
      },
      "curvature_invariants": {
        "kretschmann": null,
        "ricci_scalar": null
      },
      "local_observables": {
        "energy_A": 140.74532746818957,
        "energy_B": 141.76981365655294,
        "finite_time_lyapunov_proxy": 0.06295191288770616,
        "separation_phase_space_L2": 21.23396656524745,
        "state_A": {
          "vx": -15.513585166900269,
          "vy": -6.389070590831388,
          "x": -4142.521557491838,
          "y": -1706.483249814407
        },
        "state_B": {
          "vx": -15.550398267471778,
          "vy": -6.459537956585612,
          "x": -4152.353252020949,
          "y": -1725.3037917281322
        }
      }
    },
    {
      "causal_structure": {},
      "coordinates": {
        "t": 272.00000000057065
      },
      "curvature_invariants": {
        "kretschmann": null,
        "ricci_scalar": null
      },
      "local_observables": {
        "energy_A": 140.74532746819014,
        "energy_B": 141.76981365655334,
        "finite_time_lyapunov_proxy": 0.06208080231424243,
        "separation_phase_space_L2": 21.551979566684295,
        "state_A": {
          "vx": -15.513584803827872,
          "vy": -6.38907044126646,
          "x": -4204.575897429693,
          "y": -1732.0395318771182
        },
        "state_B": {
          "vx": -15.550397907476297,
          "vy": -6.459537807007653,
          "x": -4214.554844367272,
          "y": -1751.1419432538403
        }
      }
    },
    {
      "causal_structure": {},
      "coordinates": {
        "t": 276.00000000058975
      },
      "curvature_invariants": {
        "kretschmann": null,
        "ricci_scalar": null
      },
      "local_observables": {
        "energy_A": 140.74532746819017,
        "energy_B": 141.76981365655354,
        "finite_time_lyapunov_proxy": 0.061234152376602076,
        "separation_phase_space_L2": 21.869992637555175,
        "state_A": {
          "vx": -15.513584451315998,
          "vy": -6.389070296052416,
          "x": -4266.630235936541,
          "y": -1757.5958133503384
        },
        "state_B": {
          "vx": -15.550397557951852,
          "vy": -6.45953766178095,
          "x": -4276.756435294714,
          "y": -1776.9800941899982
        }
      }
    },
    {
      "causal_structure": {},
      "coordinates": {
        "t": 280.00000000060885
      },
      "curvature_invariants": {
        "kretschmann": null,
        "ricci_scalar": null
      },
      "local_observables": {
        "energy_A": 140.7453274681903,
        "energy_B": 141.76981365655362,
        "finite_time_lyapunov_proxy": 0.06041093721559256,
        "separation_phase_space_L2": 22.188005774964484,
        "state_A": {
          "vx": -15.513584108910539,
          "vy": -6.389070155002129,
          "x": -4328.6845730536925,
          "y": -1783.1520942510901
        },
        "state_B": {
          "vx": -15.550397218448145,
          "vy": -6.45953752071837,
          "x": -4338.9580248442435,
          "y": -1802.8182445536384
        }
      }
    },
    {
      "causal_structure": {},
      "coordinates": {
        "t": 284.00000000062795
      },
      "curvature_invariants": {
        "kretschmann": null,
        "ricci_scalar": null
      },
      "local_observables": {
        "energy_A": 140.74532746819054,
        "energy_B": 141.7698136565537,
        "finite_time_lyapunov_proxy": 0.059610187821781076,
        "separation_phase_space_L2": 22.506018976165425,
        "state_A": {
          "vx": -15.513583776183008,
          "vy": -6.389070017939045,
          "x": -4390.738908820718,
          "y": -1808.7083745956722
        },
        "state_B": {
          "vx": -15.550396888540343,
          "vy": -6.459537383643328,
          "x": -4401.159613055092,
          "y": -1828.656394361061
        }
      }
    },
    {
      "causal_structure": {},
      "coordinates": {
        "t": 288.00000000064705
      },
      "curvature_invariants": {
        "kretschmann": null,
        "ricci_scalar": null
      },
      "local_observables": {
        "energy_A": 140.74532746819074,
        "energy_B": 141.76981365655357,
        "finite_time_lyapunov_proxy": 0.058830988139904554,
        "separation_phase_space_L2": 22.824032238554437,
        "state_A": {
          "vx": -15.513583452728808,
          "vy": -6.389069884696458,
          "x": -4452.793243275519,
          "y": -1834.2646543996973
        },
        "state_B": {
          "vx": -15.550396567827262,
          "vy": -6.459537250389101,
          "x": -4463.361199964824,
          "y": -1854.4945436278783
        }
      }
    },
    {
      "causal_structure": {},
      "coordinates": {
        "t": 292.00000000066615
      },
      "curvature_invariants": {
        "kretschmann": null,
        "ricci_scalar": null
      },
      "local_observables": {
        "energy_A": 140.74532746819042,
        "energy_B": 141.76981365655354,
        "finite_time_lyapunov_proxy": 0.058072471489899274,
        "separation_phase_space_L2": 23.14204555969125,
        "state_A": {
          "vx": -15.513583138165577,
          "vy": -6.389069755116764,
          "x": -4514.847576454403,
          "y": -1859.820933678128
        },
        "state_B": {
          "vx": -15.550396255929796,
          "vy": -6.459537120798174,
          "x": -4525.562785609459,
          "y": -1880.3326923690586
        }
      }
    },
    {
      "causal_structure": {},
      "coordinates": {
        "t": 296.00000000068525
      },
      "curvature_invariants": {
        "kretschmann": null,
        "ricci_scalar": null
      },
      "local_observables": {
        "energy_A": 140.74532746819034,
        "energy_B": 141.76981365655368,
        "finite_time_lyapunov_proxy": 0.057333817274872835,
        "separation_phase_space_L2": 23.460058937243236,
        "state_A": {
          "vx": -15.5135828321317,
          "vy": -6.389069629051073,
          "x": -4576.901908392196,
          "y": -1885.3772124453164
        },
        "state_B": {
          "vx": -15.55039595248942,
          "vy": -6.4595369947214785,
          "x": -4587.764370023515,
          "y": -1906.1708405989502
        }
      }
    },
    {
      "causal_structure": {},
      "coordinates": {
        "t": 300.00000000070435
      },
      "curvature_invariants": {
        "kretschmann": null,
        "ricci_scalar": null
      },
      "local_observables": {
        "energy_A": 140.7453274681901,
        "energy_B": 141.76981365655362,
        "finite_time_lyapunov_proxy": 0.05661424794951895,
        "separation_phase_space_L2": 23.7780723690164,
        "state_A": {
          "vx": -15.513582534284906,
          "vy": -6.389069506358314,
          "x": -4638.956239122352,
          "y": -1910.9334907150333
        },
        "state_B": {
          "vx": -15.550395657166737,
          "vy": -6.459536872018001,
          "x": -4649.965953240173,
          "y": -1932.0089883313267
        }
      }
    },
    {
      "causal_structure": {},
      "coordinates": {
        "t": 304.00000000072345
      },
      "curvature_invariants": {
        "kretschmann": null,
        "ricci_scalar": null
      },
      "local_observables": {
        "energy_A": 140.7453274681901,
        "energy_B": 141.76981365655388,
        "finite_time_lyapunov_proxy": 0.05591302622519524,
        "separation_phase_space_L2": 24.096085852919078,
        "state_A": {
          "vx": -15.513582244301016,
          "vy": -6.389069386904899,
          "x": -4701.010568676957,
          "y": -1936.4897685005012
        },
        "state_B": {
          "vx": -15.550395369640325,
          "vy": -6.459536752554147,
          "x": -4712.167535291232,
          "y": -1957.847135579413
        }
      }
    },
    {
      "causal_structure": {},
      "coordinates": {
        "t": 308.00000000074255
      },
      "curvature_invariants": {
        "kretschmann": null,
        "ricci_scalar": null
      },
      "local_observables": {
        "energy_A": 140.74532746819,
        "energy_B": 141.76981365655377,
        "finite_time_lyapunov_proxy": 0.05522945249037286,
        "separation_phase_space_L2": 24.41409938697726,
        "state_A": {
          "vx": -15.513581961872712,
          "vy": -6.38906927056422,
          "x": -4763.06489708684,
          "y": -1962.0460458144228
        },
        "state_B": {
          "vx": -15.550395089605447,
          "vy": -6.459536636203283,
          "x": -4774.369116207272,
          "y": -1983.6852823559107
        }
      }
    },
    {
      "causal_structure": {},
      "coordinates": {
        "t": 312.00000000076164
      },
      "curvature_invariants": {
        "kretschmann": null,
        "ricci_scalar": null
      },
      "local_observables": {
        "energy_A": 140.74532746819077,
        "energy_B": 141.7698136565537,
        "finite_time_lyapunov_proxy": 0.0545628624273018,
        "separation_phase_space_L2": 24.732112969303902,
        "state_A": {
          "vx": -15.513581686708557,
          "vy": -6.389069157216161,
          "x": -4825.1192243816295,
          "y": -1987.6023226690168
        },
        "state_B": {
          "vx": -15.550394816773096,
          "vy": -6.459536522845318,
          "x": -4836.570696017677,
          "y": -2009.523428673027
        }
      }
    },
    {
      "causal_structure": {},
      "coordinates": {
        "t": 316.00000000078074
      },
      "curvature_invariants": {
        "kretschmann": null,
        "ricci_scalar": null
      },
      "local_observables": {
        "energy_A": 140.74532746819065,
        "energy_B": 141.76981365655382,
        "finite_time_lyapunov_proxy": 0.05391262480768761,
        "separation_phase_space_L2": 25.050126598134828,
        "state_A": {
          "vx": -15.51358141853175,
          "vy": -6.389069046746726,
          "x": -4887.173550589823,
          "y": -2013.1585990760022
        },
        "state_B": {
          "vx": -15.550394550868937,
          "vy": -6.4595364123662184,
          "x": -4898.772274750692,
          "y": -2035.3615745425095
        }
      }
    },
    {
      "causal_structure": {},
      "coordinates": {
        "t": 320.00000000079984
      },
      "curvature_invariants": {
        "kretschmann": null,
        "ricci_scalar": null
      },
      "local_observables": {
        "energy_A": 140.7453274681906,
        "energy_B": 141.76981365655385,
        "finite_time_lyapunov_proxy": 0.05327813945184389,
        "separation_phase_space_L2": 25.368140271756875,
        "state_A": {
          "vx": -15.513581157079525,
          "vy": -6.389068939047645,
          "x": -4949.227875738851,
          "y": -2038.7148750466838
        },
        "state_B": {
          "vx": -15.550394291632367,
          "vy": -6.4595363046577035,
          "x": -4960.973852433506,
          "y": -2061.19971997565
        }
      }
    },
    {
      "causal_structure": {},
      "coordinates": {
        "t": 324.00000000081894
      },
      "curvature_invariants": {
        "kretschmann": null,
        "ricci_scalar": null
      },
      "local_observables": {
        "energy_A": 140.74532746819074,
        "energy_B": 141.76981365655388,
        "finite_time_lyapunov_proxy": 0.05265883533735882,
        "separation_phase_space_L2": 25.686153988570993,
        "state_A": {
          "vx": -15.5135809021021,
          "vy": -6.389068834015978,
          "x": -5011.282199855097,
          "y": -2064.27115059194
        },
        "state_B": {
          "vx": -15.550394038815707,
          "vy": -6.45953619961683,
          "x": -5023.175429092306,
          "y": -2087.03786498333
        }
      }
    },
    {
      "causal_structure": {},
      "coordinates": {
        "t": 328.00000000083804
      },
      "curvature_invariants": {
        "kretschmann": null,
        "ricci_scalar": null
      },
      "local_observables": {
        "energy_A": 140.7453274681909,
        "energy_B": 141.76981365655374,
        "finite_time_lyapunov_proxy": 0.05205416884460285,
        "separation_phase_space_L2": 26.004167747030284,
        "state_A": {
          "vx": -15.513580653361887,
          "vy": -6.389068731553848,
          "x": -5073.336522963981,
          "y": -2089.8274257222383
        },
        "state_B": {
          "vx": -15.550393792183383,
          "vy": -6.459536097145723,
          "x": -5085.377004752278,
          "y": -2112.8760095760153
        }
      }
    },
    {
      "causal_structure": {},
      "coordinates": {
        "t": 332.00000000085714
      },
      "curvature_invariants": {
        "kretschmann": null,
        "ricci_scalar": null
      },
      "local_observables": {
        "energy_A": 140.74532746819108,
        "energy_B": 141.76981365655374,
        "finite_time_lyapunov_proxy": 0.051463622127673615,
        "separation_phase_space_L2": 26.322181545673686,
        "state_A": {
          "vx": -15.513580410632786,
          "vy": -6.3890686315680965,
          "x": -5135.390845090003,
          "y": -2115.383700447672
        },
        "state_B": {
          "vx": -15.550393551511236,
          "vy": -6.4595359971512085,
          "x": -5147.578579437718,
          "y": -2138.7141537637985
        }
      }
    },
    {
      "causal_structure": {},
      "coordinates": {
        "t": 336.00000000087624
      },
      "curvature_invariants": {
        "kretschmann": null,
        "ricci_scalar": null
      },
      "local_observables": {
        "energy_A": 140.74532746819102,
        "energy_B": 141.76981365655374,
        "finite_time_lyapunov_proxy": 0.05088670160040766,
        "separation_phase_space_L2": 26.640195383108,
        "state_A": {
          "vx": -15.513580173699488,
          "vy": -6.3890685339700255,
          "x": -5197.445166256769,
          "y": -2140.9399747779667
        },
        "state_B": {
          "vx": -15.550393316585787,
          "vy": -6.45953589954458,
          "x": -5209.7801531720315,
          "y": -2164.5522975564095
        }
      }
    },
    {
      "causal_structure": {},
      "coordinates": {
        "t": 340.00000000089534
      },
      "curvature_invariants": {
        "kretschmann": null,
        "ricci_scalar": null
      },
      "local_observables": {
        "energy_A": 140.74532746819102,
        "energy_B": 141.7698136565537,
        "finite_time_lyapunov_proxy": 0.05032293652808283,
        "separation_phase_space_L2": 26.958209258017636,
        "state_A": {
          "vx": -15.513579942356875,
          "vy": -6.3890684386751095,
          "x": -5259.499486487052,
          "y": -2166.4962487225034
        },
        "state_B": {
          "vx": -15.550393087203632,
          "vy": -6.459535804241306,
          "x": -5271.981725977829,
          "y": -2190.3904409632282
        }
      }
    },
    {
      "causal_structure": {},
      "coordinates": {
        "t": 344.00000000091444
      },
      "curvature_invariants": {
        "kretschmann": null,
        "ricci_scalar": null
      },
      "local_observables": {
        "energy_A": 140.74532746819125,
        "energy_B": 141.769813656554,
        "finite_time_lyapunov_proxy": 0.0497718777162805,
        "separation_phase_space_L2": 27.2762231691103,
        "state_A": {
          "vx": -15.513579716409383,
          "vy": -6.389068345602778,
          "x": -5321.5538058028005,
          "y": -2192.052522290331
        },
        "state_B": {
          "vx": -15.550392863170885,
          "vy": -6.459535711160808,
          "x": -5334.1832978768225,
          "y": -2216.228583993304
        }
      }
    },
    {
      "causal_structure": {},
      "coordinates": {
        "t": 348.00000000093354
      },
      "curvature_invariants": {
        "kretschmann": null,
        "ricci_scalar": null
      },
      "local_observables": {
        "energy_A": 140.7453274681914,
        "energy_B": 141.76981365655394,
        "finite_time_lyapunov_proxy": 0.04923309628918438,
        "separation_phase_space_L2": 27.59423711517812,
        "state_A": {
          "vx": -15.513579495670443,
          "vy": -6.389068254676174,
          "x": -5383.608124225252,
          "y": -2217.6087954901845
        },
        "state_B": {
          "vx": -15.55039264430253,
          "vy": -6.459535620226215,
          "x": -5396.384868890078,
          "y": -2242.066726655371
        }
      }
    },
    {
      "causal_structure": {},
      "coordinates": {
        "t": 352.00000000095264
      },
      "curvature_invariants": {
        "kretschmann": null,
        "ricci_scalar": null
      },
      "local_observables": {
        "energy_A": 140.7453274681915,
        "energy_B": 141.76981365655374,
        "finite_time_lyapunov_proxy": 0.04870618255024806,
        "separation_phase_space_L2": 27.91225109507333,
        "state_A": {
          "vx": -15.51357927996201,
          "vy": -6.389068165821927,
          "x": -5445.662441774873,
          "y": -2243.165068330501
        },
        "state_B": {
          "vx": -15.55039243042204,
          "vy": -6.459535531364168,
          "x": -5458.586439037899,
          "y": -2267.9048689578717
        }
      }
    },
    {
      "causal_structure": {},
      "coordinates": {
        "t": 356.00000000097174
      },
      "curvature_invariants": {
        "kretschmann": null,
        "ricci_scalar": null
      },
      "local_observables": {
        "energy_A": 140.74532746819182,
        "energy_B": 141.7698136565536,
        "finite_time_lyapunov_proxy": 0.04819074491882421,
        "separation_phase_space_L2": 28.230265107688023,
        "state_A": {
          "vx": -15.513579069114073,
          "vy": -6.389068078969993,
          "x": -5507.716758471428,
          "y": -2268.721340819427
        },
        "state_B": {
          "vx": -15.550392221360843,
          "vy": -6.459535444504602,
          "x": -5520.788008339881,
          "y": -2293.743010908952
        }
      }
    },
    {
      "causal_structure": {},
      "coordinates": {
        "t": 360.00000000099084
      },
      "curvature_invariants": {
        "kretschmann": null,
        "ricci_scalar": null
      },
      "local_observables": {
        "energy_A": 140.74532746819182,
        "energy_B": 141.76981365655368,
        "finite_time_lyapunov_proxy": 0.04768640893690631,
        "separation_phase_space_L2": 28.548279151964323,
        "state_A": {
          "vx": -15.513578862964145,
          "vy": -6.389067994053447,
          "x": -5569.771074334045,
          "y": -2294.2776129648387
        },
        "state_B": {
          "vx": -15.550392016957879,
          "vy": -6.4595353595805935,
          "x": -5582.989576814989,
          "y": -2319.5811525164872
        }
      }
    },
    {
      "causal_structure": {},
      "coordinates": {
        "t": 364.00000000100994
      },
      "curvature_invariants": {
        "kretschmann": null,
        "ricci_scalar": null
      },
      "local_observables": {
        "energy_A": 140.74532746819173,
        "energy_B": 141.7698136565537,
        "finite_time_lyapunov_proxy": 0.047192816340636545,
        "separation_phase_space_L2": 28.866293226891866,
        "state_A": {
          "vx": -15.513578661356954,
          "vy": -6.389067911008314,
          "x": -5631.825389381198,
          "y": -2319.8338847743466
        },
        "state_B": {
          "vx": -15.55039181705915,
          "vy": -6.459535276528161,
          "x": -5645.191144481544,
          "y": -2345.419293788088
        }
      }
    },
    {
      "causal_structure": {},
      "coordinates": {
        "t": 368.00000000102904
      },
      "curvature_invariants": {
        "kretschmann": null,
        "ricci_scalar": null
      },
      "local_observables": {
        "energy_A": 140.74532746819133,
        "energy_B": 141.76981365655348,
        "finite_time_lyapunov_proxy": 0.04670962419170025,
        "separation_phase_space_L2": 29.184307331502435,
        "state_A": {
          "vx": -15.513578464143977,
          "vy": -6.38906782977337,
          "x": -5693.879703630759,
          "y": -2345.3901562553187
        },
        "state_B": {
          "vx": -15.550391621517413,
          "vy": -6.459535195286042,
          "x": -5707.392711357265,
          "y": -2371.257434731123
        }
      }
    },
    {
      "causal_structure": {},
      "coordinates": {
        "t": 372.00000000104814
      },
      "curvature_invariants": {
        "kretschmann": null,
        "ricci_scalar": null
      },
      "local_observables": {
        "energy_A": 140.74532746819122,
        "energy_B": 141.76981365655354,
        "finite_time_lyapunov_proxy": 0.046236504064143265,
        "separation_phase_space_L2": 29.502321464877227,
        "state_A": {
          "vx": -15.513578271183116,
          "vy": -6.389067750290118,
          "x": -5755.9340171000185,
          "y": -2370.946427414868
        },
        "state_B": {
          "vx": -15.55039143019174,
          "vy": -6.459535115795801,
          "x": -5769.594277459301,
          "y": -2397.095575352713
        }
      }
    },
    {
      "causal_structure": {},
      "coordinates": {
        "t": 376.00000000106724
      },
      "curvature_invariants": {
        "kretschmann": null,
        "ricci_scalar": null
      },
      "local_observables": {
        "energy_A": 140.7453274681914,
        "energy_B": 141.7698136565535,
        "finite_time_lyapunov_proxy": 0.04577314128252023,
        "separation_phase_space_L2": 29.820335626118368,
        "state_A": {
          "vx": -15.513578082338325,
          "vy": -6.389067672502481,
          "x": -5817.9883298057075,
          "y": -2396.502698259899
        },
        "state_B": {
          "vx": -15.55039124294723,
          "vy": -6.459535038001326,
          "x": -5831.795842804239,
          "y": -2422.9337156597517
        }
      }
    },
    {
      "causal_structure": {},
      "coordinates": {
        "t": 380.00000000108633
      },
      "curvature_invariants": {
        "kretschmann": null,
        "ricci_scalar": null
      },
      "local_observables": {
        "energy_A": 140.7453274681914,
        "energy_B": 141.76981365655354,
        "finite_time_lyapunov_proxy": 0.045319234207635076,
        "separation_phase_space_L2": 30.138349814371246,
        "state_A": {
          "vx": -15.513577897479271,
          "vy": -6.3890675963567665,
          "x": -5880.0426417640365,
          "y": -2422.058968797091
        },
        "state_B": {
          "vx": -15.55039105965469,
          "vy": -6.459534961848925,
          "x": -5893.99740740817,
          "y": -2448.7718556589075
        }
      }
    },
    {
      "causal_structure": {},
      "coordinates": {
        "t": 384.00000000110543
      },
      "curvature_invariants": {
        "kretschmann": null,
        "ricci_scalar": null
      },
      "local_observables": {
        "energy_A": 140.74532746819145,
        "energy_B": 141.7698136565534,
        "finite_time_lyapunov_proxy": 0.044874493566430564,
        "separation_phase_space_L2": 30.456364028832088,
        "state_A": {
          "vx": -15.513577716481095,
          "vy": -6.389067521801547,
          "x": -5942.096952990684,
          "y": -2447.615239032887
        },
        "state_B": {
          "vx": -15.550390880190298,
          "vy": -6.45953488728714,
          "x": -5956.198971286602,
          "y": -2474.6099953566572
        }
      }
    },
    {
      "causal_structure": {},
      "coordinates": {
        "t": 388.00000000112453
      },
      "curvature_invariants": {
        "kretschmann": null,
        "ricci_scalar": null
      },
      "local_observables": {
        "energy_A": 140.74532746819142,
        "energy_B": 141.76981365655342,
        "finite_time_lyapunov_proxy": 0.044438641822868684,
        "separation_phase_space_L2": 30.774378268710574,
        "state_A": {
          "vx": -15.513577539224086,
          "vy": -6.389067448787496,
          "x": -6004.151263500866,
          "y": -2473.1715089735603
        },
        "state_B": {
          "vx": -15.550390704435387,
          "vy": -6.459534814266654,
          "x": -6018.400534454637,
          "y": -2500.4481347592578
        }
      }
    },
    {
      "causal_structure": {},
      "coordinates": {
        "t": 392.00000000114363
      },
      "curvature_invariants": {
        "kretschmann": null,
        "ricci_scalar": null
      },
      "local_observables": {
        "energy_A": 140.74532746819213,
        "energy_B": 141.76981365655422,
        "finite_time_lyapunov_proxy": 0.04401141258691116,
        "separation_phase_space_L2": 31.092392533257392,
        "state_A": {
          "vx": -15.51357736559349,
          "vy": -6.389067377267313,
          "x": -6066.205573309311,
          "y": -2498.7277786251784
        },
        "state_B": {
          "vx": -15.550390532276158,
          "vy": -6.459534742740167,
          "x": -6080.602096926878,
          "y": -2526.2862738727813
        }
      }
    },
    {
      "causal_structure": {},
      "coordinates": {
        "t": 396.00000000116273
      },
      "curvature_invariants": {
        "kretschmann": null,
        "ricci_scalar": null
      },
      "local_observables": {
        "energy_A": 140.74532746819204,
        "energy_B": 141.76981365655416,
        "finite_time_lyapunov_proxy": 0.043592550058922805,
        "separation_phase_space_L2": 31.4104068217521,
        "state_A": {
          "vx": -15.51357719547905,
          "vy": -6.389067307195626,
          "x": -6128.259882430298,
          "y": -2524.2840479936285
        },
        "state_B": {
          "vx": -15.550390363603286,
          "vy": -6.459534672662288,
          "x": -6142.803658717495,
          "y": -2552.124412703111
        }
      }
    },
    {
      "causal_structure": {},
      "coordinates": {
        "t": 400.00000000118183
      },
      "curvature_invariants": {
        "kretschmann": null,
        "ricci_scalar": null
      },
      "local_observables": {
        "energy_A": 140.74532746819207,
        "energy_B": 141.76981365655408,
        "finite_time_lyapunov_proxy": 0.04318180850704503,
        "separation_phase_space_L2": 31.728421133491246,
        "state_A": {
          "vx": -15.513577028775089,
          "vy": -6.38906723852886,
          "x": -6190.314190877685,
          "y": -2549.840317084618
        },
        "state_B": {
          "vx": -15.550390198311977,
          "vy": -6.4595346039894705,
          "x": -6205.005219840213,
          "y": -2577.9625512559514
        }
      }
    }
  ],
  "spacetime": "Two-center static background (Majumdar\u2013Papapetrou-inspired proxy; not exact GR geodesics)",
  "theory": "GR-inspired multi-center geodesic complexity (chaos diagnostic proxy)",
  "toy_id": "088",
  "units": {
    "G": 1,
    "c": 1
  }
}