{
  "notes": {
    "definitions_used": {
      "DEC": "\u03c1 \u2265 |p|",
      "EOS": "p = w \u03c1 (constant w)",
      "Friedmann_k=0": "\u03c1 = 3H^2/(8\u03c0)",
      "NEC": "\u03c1 + p \u2265 0",
      "SEC": "\u03c1 + 3p \u2265 0 and NEC",
      "WEC": "\u03c1 \u2265 0 and NEC"
    },
    "pressure_point": "Energy conditions are assumptions about matter. They are not guaranteed by GR itself, yet they underwrite key global results (focusing, singularity theorems, area increase). This toy tests NEC/WEC/SEC/DEC for simple effective fluids and shows how easily they fail.",
    "scale_factor_models": {
      "w != -1": "a(t)=(t/t0)^n, n=2/[3(1+w)]",
      "w = -1": "a(t)=exp(H0(t-t0))"
    }
  },
  "observables": {
    "summary": {
      "key_result": "SEC is generically violated by accelerating components (w < -1/3), NEC/WEC are violated by phantom-like w < -1, and DEC is violated by w > 1.",
      "n_samples": 40,
      "violations_count": {
        "DEC": 10,
        "NEC": 5,
        "SEC": 15,
        "WEC": 5
      },
      "violations_fraction": {
        "DEC": 0.25,
        "NEC": 0.125,
        "SEC": 0.375,
        "WEC": 0.125
      }
    }
  },
  "parameters": {
    "H0_for_w=-1": 1.0,
    "t0": 1.0,
    "t_values": [
      0.5,
      1.0,
      2.0,
      5.0,
      10.0
    ],
    "tolerance": 0.0,
    "w_values": [
      -1.5,
      -1.0,
      -0.7,
      -0.3333333,
      0.0,
      0.3333333,
      1.0,
      2.0
    ]
  },
  "sample_points": [
    {
      "causal_structure": {
        "energy_warning": "Many foundational GR theorems assume energy conditions; violations can invalidate focusing/singularity conclusions.",
        "horizon_radius": null,
        "radial_null_cone_dr_dt": {
          "ingoing": -1.0,
          "outgoing": 1.0
        },
        "region": "flat FLRW (k=0), perfect fluid p=w\u03c1"
      },
      "coordinates": {
        "t": 0.5,
        "w": -1.5
      },
      "curvature_invariants": {
        "kretschmann": 2465.1851851851843,
        "ricci_scalar": 117.33333333333331
      },
      "local_observables": {
        "Hdot": 5.333333333333333,
        "energy_conditions_satisfied": {
          "DEC": false,
          "NEC": false,
          "SEC": false,
          "WEC": false
        },
        "hubble_H": -2.6666666666666665,
        "notes": "Energy conditions are constraints on stress-energy, not geometry. This toy shows which constant-w perfect fluids satisfy/violate NEC/WEC/SEC/DEC while still producing a consistent FLRW solution (k=0).",
        "pressure_p": -1.2732395447351625,
        "rho_from_friedmann": 0.8488263631567751,
        "scale_factor_a": 2.5198420997897464,
        "tags": [
          "phantom_like (NEC usually violated)"
        ]
      }
    },
    {
      "causal_structure": {
        "energy_warning": "Many foundational GR theorems assume energy conditions; violations can invalidate focusing/singularity conclusions.",
        "horizon_radius": null,
        "radial_null_cone_dr_dt": {
          "ingoing": -1.0,
          "outgoing": 1.0
        },
        "region": "flat FLRW (k=0), perfect fluid p=w\u03c1"
      },
      "coordinates": {
        "t": 1.0,
        "w": -1.5
      },
      "curvature_invariants": {
        "kretschmann": 154.07407407407402,
        "ricci_scalar": 29.33333333333333
      },
      "local_observables": {
        "Hdot": 1.3333333333333333,
        "energy_conditions_satisfied": {
          "DEC": false,
          "NEC": false,
          "SEC": false,
          "WEC": false
        },
        "hubble_H": -1.3333333333333333,
        "notes": "Energy conditions are constraints on stress-energy, not geometry. This toy shows which constant-w perfect fluids satisfy/violate NEC/WEC/SEC/DEC while still producing a consistent FLRW solution (k=0).",
        "pressure_p": -0.31830988618379064,
        "rho_from_friedmann": 0.21220659078919377,
        "scale_factor_a": 1.0,
        "tags": [
          "phantom_like (NEC usually violated)"
        ]
      }
    },
    {
      "causal_structure": {
        "energy_warning": "Many foundational GR theorems assume energy conditions; violations can invalidate focusing/singularity conclusions.",
        "horizon_radius": null,
        "radial_null_cone_dr_dt": {
          "ingoing": -1.0,
          "outgoing": 1.0
        },
        "region": "flat FLRW (k=0), perfect fluid p=w\u03c1"
      },
      "coordinates": {
        "t": 2.0,
        "w": -1.5
      },
      "curvature_invariants": {
        "kretschmann": 9.629629629629626,
        "ricci_scalar": 7.333333333333332
      },
      "local_observables": {
        "Hdot": 0.3333333333333333,
        "energy_conditions_satisfied": {
          "DEC": false,
          "NEC": false,
          "SEC": false,
          "WEC": false
        },
        "hubble_H": -0.6666666666666666,
        "notes": "Energy conditions are constraints on stress-energy, not geometry. This toy shows which constant-w perfect fluids satisfy/violate NEC/WEC/SEC/DEC while still producing a consistent FLRW solution (k=0).",
        "pressure_p": -0.07957747154594766,
        "rho_from_friedmann": 0.05305164769729844,
        "scale_factor_a": 0.3968502629920499,
        "tags": [
          "phantom_like (NEC usually violated)"
        ]
      }
    },
    {
      "causal_structure": {
        "energy_warning": "Many foundational GR theorems assume energy conditions; violations can invalidate focusing/singularity conclusions.",
        "horizon_radius": null,
        "radial_null_cone_dr_dt": {
          "ingoing": -1.0,
          "outgoing": 1.0
        },
        "region": "flat FLRW (k=0), perfect fluid p=w\u03c1"
      },
      "coordinates": {
        "t": 5.0,
        "w": -1.5
      },
      "curvature_invariants": {
        "kretschmann": 0.24651851851851853,
        "ricci_scalar": 1.1733333333333333
      },
      "local_observables": {
        "Hdot": 0.05333333333333333,
        "energy_conditions_satisfied": {
          "DEC": false,
          "NEC": false,
          "SEC": false,
          "WEC": false
        },
        "hubble_H": -0.26666666666666666,
        "notes": "Energy conditions are constraints on stress-energy, not geometry. This toy shows which constant-w perfect fluids satisfy/violate NEC/WEC/SEC/DEC while still producing a consistent FLRW solution (k=0).",
        "pressure_p": -0.012732395447351625,
        "rho_from_friedmann": 0.00848826363156775,
        "scale_factor_a": 0.11696070952851466,
        "tags": [
          "phantom_like (NEC usually violated)"
        ]
      }
    },
    {
      "causal_structure": {
        "energy_warning": "Many foundational GR theorems assume energy conditions; violations can invalidate focusing/singularity conclusions.",
        "horizon_radius": null,
        "radial_null_cone_dr_dt": {
          "ingoing": -1.0,
          "outgoing": 1.0
        },
        "region": "flat FLRW (k=0), perfect fluid p=w\u03c1"
      },
      "coordinates": {
        "t": 10.0,
        "w": -1.5
      },
      "curvature_invariants": {
        "kretschmann": 0.015407407407407408,
        "ricci_scalar": 0.29333333333333333
      },
      "local_observables": {
        "Hdot": 0.013333333333333332,
        "energy_conditions_satisfied": {
          "DEC": false,
          "NEC": false,
          "SEC": false,
          "WEC": false
        },
        "hubble_H": -0.13333333333333333,
        "notes": "Energy conditions are constraints on stress-energy, not geometry. This toy shows which constant-w perfect fluids satisfy/violate NEC/WEC/SEC/DEC while still producing a consistent FLRW solution (k=0).",
        "pressure_p": -0.0031830988618379063,
        "rho_from_friedmann": 0.0021220659078919376,
        "scale_factor_a": 0.046415888336127795,
        "tags": [
          "phantom_like (NEC usually violated)"
        ]
      }
    },
    {
      "causal_structure": {
        "energy_warning": "Many foundational GR theorems assume energy conditions; violations can invalidate focusing/singularity conclusions.",
        "horizon_radius": null,
        "radial_null_cone_dr_dt": {
          "ingoing": -1.0,
          "outgoing": 1.0
        },
        "region": "flat FLRW (k=0), perfect fluid p=w\u03c1"
      },
      "coordinates": {
        "t": 0.5,
        "w": -1.0
      },
      "curvature_invariants": {
        "kretschmann": 24.0,
        "ricci_scalar": 12.0
      },
      "local_observables": {
        "Hdot": 0.0,
        "energy_conditions_satisfied": {
          "DEC": true,
          "NEC": true,
          "SEC": false,
          "WEC": true
        },
        "hubble_H": 1.0,
        "notes": "Energy conditions are constraints on stress-energy, not geometry. This toy shows which constant-w perfect fluids satisfy/violate NEC/WEC/SEC/DEC while still producing a consistent FLRW solution (k=0).",
        "pressure_p": -0.1193662073189215,
        "rho_from_friedmann": 0.1193662073189215,
        "scale_factor_a": 0.6065306597126334,
        "tags": [
          "cosmological_constant_like (SEC violated)"
        ]
      }
    },
    {
      "causal_structure": {
        "energy_warning": "Many foundational GR theorems assume energy conditions; violations can invalidate focusing/singularity conclusions.",
        "horizon_radius": null,
        "radial_null_cone_dr_dt": {
          "ingoing": -1.0,
          "outgoing": 1.0
        },
        "region": "flat FLRW (k=0), perfect fluid p=w\u03c1"
      },
      "coordinates": {
        "t": 1.0,
        "w": -1.0
      },
      "curvature_invariants": {
        "kretschmann": 24.0,
        "ricci_scalar": 12.0
      },
      "local_observables": {
        "Hdot": 0.0,
        "energy_conditions_satisfied": {
          "DEC": true,
          "NEC": true,
          "SEC": false,
          "WEC": true
        },
        "hubble_H": 1.0,
        "notes": "Energy conditions are constraints on stress-energy, not geometry. This toy shows which constant-w perfect fluids satisfy/violate NEC/WEC/SEC/DEC while still producing a consistent FLRW solution (k=0).",
        "pressure_p": -0.1193662073189215,
        "rho_from_friedmann": 0.1193662073189215,
        "scale_factor_a": 1.0,
        "tags": [
          "cosmological_constant_like (SEC violated)"
        ]
      }
    },
    {
      "causal_structure": {
        "energy_warning": "Many foundational GR theorems assume energy conditions; violations can invalidate focusing/singularity conclusions.",
        "horizon_radius": null,
        "radial_null_cone_dr_dt": {
          "ingoing": -1.0,
          "outgoing": 1.0
        },
        "region": "flat FLRW (k=0), perfect fluid p=w\u03c1"
      },
      "coordinates": {
        "t": 2.0,
        "w": -1.0
      },
      "curvature_invariants": {
        "kretschmann": 24.0,
        "ricci_scalar": 12.0
      },
      "local_observables": {
        "Hdot": 0.0,
        "energy_conditions_satisfied": {
          "DEC": true,
          "NEC": true,
          "SEC": false,
          "WEC": true
        },
        "hubble_H": 1.0,
        "notes": "Energy conditions are constraints on stress-energy, not geometry. This toy shows which constant-w perfect fluids satisfy/violate NEC/WEC/SEC/DEC while still producing a consistent FLRW solution (k=0).",
        "pressure_p": -0.1193662073189215,
        "rho_from_friedmann": 0.1193662073189215,
        "scale_factor_a": 2.718281828459045,
        "tags": [
          "cosmological_constant_like (SEC violated)"
        ]
      }
    },
    {
      "causal_structure": {
        "energy_warning": "Many foundational GR theorems assume energy conditions; violations can invalidate focusing/singularity conclusions.",
        "horizon_radius": null,
        "radial_null_cone_dr_dt": {
          "ingoing": -1.0,
          "outgoing": 1.0
        },
        "region": "flat FLRW (k=0), perfect fluid p=w\u03c1"
      },
      "coordinates": {
        "t": 5.0,
        "w": -1.0
      },
      "curvature_invariants": {
        "kretschmann": 24.0,
        "ricci_scalar": 12.0
      },
      "local_observables": {
        "Hdot": 0.0,
        "energy_conditions_satisfied": {
          "DEC": true,
          "NEC": true,
          "SEC": false,
          "WEC": true
        },
        "hubble_H": 1.0,
        "notes": "Energy conditions are constraints on stress-energy, not geometry. This toy shows which constant-w perfect fluids satisfy/violate NEC/WEC/SEC/DEC while still producing a consistent FLRW solution (k=0).",
        "pressure_p": -0.1193662073189215,
        "rho_from_friedmann": 0.1193662073189215,
        "scale_factor_a": 54.598150033144236,
        "tags": [
          "cosmological_constant_like (SEC violated)"
        ]
      }
    },
    {
      "causal_structure": {
        "energy_warning": "Many foundational GR theorems assume energy conditions; violations can invalidate focusing/singularity conclusions.",
        "horizon_radius": null,
        "radial_null_cone_dr_dt": {
          "ingoing": -1.0,
          "outgoing": 1.0
        },
        "region": "flat FLRW (k=0), perfect fluid p=w\u03c1"
      },
      "coordinates": {
        "t": 10.0,
        "w": -1.0
      },
      "curvature_invariants": {
        "kretschmann": 24.0,
        "ricci_scalar": 12.0
      },
      "local_observables": {
        "Hdot": 0.0,
        "energy_conditions_satisfied": {
          "DEC": true,
          "NEC": true,
          "SEC": false,
          "WEC": true
        },
        "hubble_H": 1.0,
        "notes": "Energy conditions are constraints on stress-energy, not geometry. This toy shows which constant-w perfect fluids satisfy/violate NEC/WEC/SEC/DEC while still producing a consistent FLRW solution (k=0).",
        "pressure_p": -0.1193662073189215,
        "rho_from_friedmann": 0.1193662073189215,
        "scale_factor_a": 8103.083927575384,
        "tags": [
          "cosmological_constant_like (SEC violated)"
        ]
      }
    },
    {
      "causal_structure": {
        "energy_warning": "Many foundational GR theorems assume energy conditions; violations can invalidate focusing/singularity conclusions.",
        "horizon_radius": null,
        "radial_null_cone_dr_dt": {
          "ingoing": -1.0,
          "outgoing": 1.0
        },
        "region": "flat FLRW (k=0), perfect fluid p=w\u03c1"
      },
      "coordinates": {
        "t": 0.5,
        "w": -0.7
      },
      "curvature_invariants": {
        "kretschmann": 6098.582533150431,
        "ricci_scalar": 183.70370370370367
      },
      "local_observables": {
        "Hdot": -8.888888888888888,
        "energy_conditions_satisfied": {
          "DEC": true,
          "NEC": true,
          "SEC": false,
          "WEC": true
        },
        "hubble_H": 4.444444444444444,
        "notes": "Energy conditions are constraints on stress-energy, not geometry. This toy shows which constant-w perfect fluids satisfy/violate NEC/WEC/SEC/DEC while still producing a consistent FLRW solution (k=0).",
        "pressure_p": -1.6504957061381733,
        "rho_from_friedmann": 2.357851008768819,
        "scale_factor_a": 0.21431099571326825,
        "tags": [
          "accelerating (SEC violated)"
        ]
      }
    },
    {
      "causal_structure": {
        "energy_warning": "Many foundational GR theorems assume energy conditions; violations can invalidate focusing/singularity conclusions.",
        "horizon_radius": null,
        "radial_null_cone_dr_dt": {
          "ingoing": -1.0,
          "outgoing": 1.0
        },
        "region": "flat FLRW (k=0), perfect fluid p=w\u03c1"
      },
      "coordinates": {
        "t": 1.0,
        "w": -0.7
      },
      "curvature_invariants": {
        "kretschmann": 381.16140832190194,
        "ricci_scalar": 45.92592592592592
      },
      "local_observables": {
        "Hdot": -2.222222222222222,
        "energy_conditions_satisfied": {
          "DEC": true,
          "NEC": true,
          "SEC": false,
          "WEC": true
        },
        "hubble_H": 2.222222222222222,
        "notes": "Energy conditions are constraints on stress-energy, not geometry. This toy shows which constant-w perfect fluids satisfy/violate NEC/WEC/SEC/DEC while still producing a consistent FLRW solution (k=0).",
        "pressure_p": -0.41262392653454333,
        "rho_from_friedmann": 0.5894627521922048,
        "scale_factor_a": 1.0,
        "tags": [
          "accelerating (SEC violated)"
        ]
      }
    },
    {
      "causal_structure": {
        "energy_warning": "Many foundational GR theorems assume energy conditions; violations can invalidate focusing/singularity conclusions.",
        "horizon_radius": null,
        "radial_null_cone_dr_dt": {
          "ingoing": -1.0,
          "outgoing": 1.0
        },
        "region": "flat FLRW (k=0), perfect fluid p=w\u03c1"
      },
      "coordinates": {
        "t": 2.0,
        "w": -0.7
      },
      "curvature_invariants": {
        "kretschmann": 23.82258802011887,
        "ricci_scalar": 11.48148148148148
      },
      "local_observables": {
        "Hdot": -0.5555555555555555,
        "energy_conditions_satisfied": {
          "DEC": true,
          "NEC": true,
          "SEC": false,
          "WEC": true
        },
        "hubble_H": 1.111111111111111,
        "notes": "Energy conditions are constraints on stress-energy, not geometry. This toy shows which constant-w perfect fluids satisfy/violate NEC/WEC/SEC/DEC while still producing a consistent FLRW solution (k=0).",
        "pressure_p": -0.10315598163363583,
        "rho_from_friedmann": 0.1473656880480512,
        "scale_factor_a": 4.666116158304465,
        "tags": [
          "accelerating (SEC violated)"
        ]
      }
    },
    {
      "causal_structure": {
        "energy_warning": "Many foundational GR theorems assume energy conditions; violations can invalidate focusing/singularity conclusions.",
        "horizon_radius": null,
        "radial_null_cone_dr_dt": {
          "ingoing": -1.0,
          "outgoing": 1.0
        },
        "region": "flat FLRW (k=0), perfect fluid p=w\u03c1"
      },
      "coordinates": {
        "t": 5.0,
        "w": -0.7
      },
      "curvature_invariants": {
        "kretschmann": 0.609858253315043,
        "ricci_scalar": 1.8370370370370361
      },
      "local_observables": {
        "Hdot": -0.08888888888888888,
        "energy_conditions_satisfied": {
          "DEC": true,
          "NEC": true,
          "SEC": false,
          "WEC": true
        },
        "hubble_H": 0.44444444444444436,
        "notes": "Energy conditions are constraints on stress-energy, not geometry. This toy shows which constant-w perfect fluids satisfy/violate NEC/WEC/SEC/DEC while still producing a consistent FLRW solution (k=0).",
        "pressure_p": -0.01650495706138173,
        "rho_from_friedmann": 0.023578510087688187,
        "scale_factor_a": 35.749228707718196,
        "tags": [
          "accelerating (SEC violated)"
        ]
      }
    },
    {
      "causal_structure": {
        "energy_warning": "Many foundational GR theorems assume energy conditions; violations can invalidate focusing/singularity conclusions.",
        "horizon_radius": null,
        "radial_null_cone_dr_dt": {
          "ingoing": -1.0,
          "outgoing": 1.0
        },
        "region": "flat FLRW (k=0), perfect fluid p=w\u03c1"
      },
      "coordinates": {
        "t": 10.0,
        "w": -0.7
      },
      "curvature_invariants": {
        "kretschmann": 0.038116140832190185,
        "ricci_scalar": 0.45925925925925903
      },
      "local_observables": {
        "Hdot": -0.02222222222222222,
        "energy_conditions_satisfied": {
          "DEC": true,
          "NEC": true,
          "SEC": false,
          "WEC": true
        },
        "hubble_H": 0.22222222222222218,
        "notes": "Energy conditions are constraints on stress-energy, not geometry. This toy shows which constant-w perfect fluids satisfy/violate NEC/WEC/SEC/DEC while still producing a consistent FLRW solution (k=0).",
        "pressure_p": -0.0041262392653454326,
        "rho_from_friedmann": 0.005894627521922047,
        "scale_factor_a": 166.81005372000575,
        "tags": [
          "accelerating (SEC violated)"
        ]
      }
    },
    {
      "causal_structure": {
        "energy_warning": "Many foundational GR theorems assume energy conditions; violations can invalidate focusing/singularity conclusions.",
        "horizon_radius": null,
        "radial_null_cone_dr_dt": {
          "ingoing": -1.0,
          "outgoing": 1.0
        },
        "region": "flat FLRW (k=0), perfect fluid p=w\u03c1"
      },
      "coordinates": {
        "t": 0.5,
        "w": -0.3333333
      },
      "curvature_invariants": {
        "kretschmann": 191.9999616000054,
        "ricci_scalar": 23.999996400000313
      },
      "local_observables": {
        "Hdot": -3.9999998000000105,
        "energy_conditions_satisfied": {
          "DEC": true,
          "NEC": true,
          "SEC": true,
          "WEC": true
        },
        "hubble_H": 1.9999999000000053,
        "notes": "Energy conditions are constraints on stress-energy, not geometry. This toy shows which constant-w perfect fluids satisfy/violate NEC/WEC/SEC/DEC while still producing a consistent FLRW solution (k=0).",
        "pressure_p": -0.15915491126090955,
        "rho_from_friedmann": 0.47746478152920685,
        "scale_factor_a": 0.5000000173286789,
        "tags": []
      }
    },
    {
      "causal_structure": {
        "energy_warning": "Many foundational GR theorems assume energy conditions; violations can invalidate focusing/singularity conclusions.",
        "horizon_radius": null,
        "radial_null_cone_dr_dt": {
          "ingoing": -1.0,
          "outgoing": 1.0
        },
        "region": "flat FLRW (k=0), perfect fluid p=w\u03c1"
      },
      "coordinates": {
        "t": 1.0,
        "w": -0.3333333
      },
      "curvature_invariants": {
        "kretschmann": 11.999997600000338,
        "ricci_scalar": 5.999999100000078
      },
      "local_observables": {
        "Hdot": -0.9999999500000026,
        "energy_conditions_satisfied": {
          "DEC": true,
          "NEC": true,
          "SEC": true,
          "WEC": true
        },
        "hubble_H": 0.9999999500000026,
        "notes": "Energy conditions are constraints on stress-energy, not geometry. This toy shows which constant-w perfect fluids satisfy/violate NEC/WEC/SEC/DEC while still producing a consistent FLRW solution (k=0).",
        "pressure_p": -0.03978872781522739,
        "rho_from_friedmann": 0.11936619538230171,
        "scale_factor_a": 1.0,
        "tags": []
      }
    },
    {
      "causal_structure": {
        "energy_warning": "Many foundational GR theorems assume energy conditions; violations can invalidate focusing/singularity conclusions.",
        "horizon_radius": null,
        "radial_null_cone_dr_dt": {
          "ingoing": -1.0,
          "outgoing": 1.0
        },
        "region": "flat FLRW (k=0), perfect fluid p=w\u03c1"
      },
      "coordinates": {
        "t": 2.0,
        "w": -0.3333333
      },
      "curvature_invariants": {
        "kretschmann": 0.7499998500000211,
        "ricci_scalar": 1.4999997750000196
      },
      "local_observables": {
        "Hdot": -0.24999998750000066,
        "energy_conditions_satisfied": {
          "DEC": true,
          "NEC": true,
          "SEC": true,
          "WEC": true
        },
        "hubble_H": 0.4999999750000013,
        "notes": "Energy conditions are constraints on stress-energy, not geometry. This toy shows which constant-w perfect fluids satisfy/violate NEC/WEC/SEC/DEC while still producing a consistent FLRW solution (k=0).",
        "pressure_p": -0.009947181953806847,
        "rho_from_friedmann": 0.029841548845575428,
        "scale_factor_a": 1.9999999306852867,
        "tags": []
      }
    },
    {
      "causal_structure": {
        "energy_warning": "Many foundational GR theorems assume energy conditions; violations can invalidate focusing/singularity conclusions.",
        "horizon_radius": null,
        "radial_null_cone_dr_dt": {
          "ingoing": -1.0,
          "outgoing": 1.0
        },
        "region": "flat FLRW (k=0), perfect fluid p=w\u03c1"
      },
      "coordinates": {
        "t": 5.0,
        "w": -0.3333333
      },
      "curvature_invariants": {
        "kretschmann": 0.019199996160000534,
        "ricci_scalar": 0.23999996400000306
      },
      "local_observables": {
        "Hdot": -0.039999998000000106,
        "energy_conditions_satisfied": {
          "DEC": true,
          "NEC": true,
          "SEC": true,
          "WEC": true
        },
        "hubble_H": 0.19999999000000052,
        "notes": "Energy conditions are constraints on stress-energy, not geometry. This toy shows which constant-w perfect fluids satisfy/violate NEC/WEC/SEC/DEC while still producing a consistent FLRW solution (k=0).",
        "pressure_p": -0.0015915491126090953,
        "rho_from_friedmann": 0.004774647815292067,
        "scale_factor_a": 4.999999597640559,
        "tags": []
      }
    },
    {
      "causal_structure": {
        "energy_warning": "Many foundational GR theorems assume energy conditions; violations can invalidate focusing/singularity conclusions.",
        "horizon_radius": null,
        "radial_null_cone_dr_dt": {
          "ingoing": -1.0,
          "outgoing": 1.0
        },
        "region": "flat FLRW (k=0), perfect fluid p=w\u03c1"
      },
      "coordinates": {
        "t": 10.0,
        "w": -0.3333333
      },
      "curvature_invariants": {
        "kretschmann": 0.0011999997600000334,
        "ricci_scalar": 0.059999991000000766
      },
      "local_observables": {
        "Hdot": -0.009999999500000026,
        "energy_conditions_satisfied": {
          "DEC": true,
          "NEC": true,
          "SEC": true,
          "WEC": true
        },
        "hubble_H": 0.09999999500000026,
        "notes": "Energy conditions are constraints on stress-energy, not geometry. This toy shows which constant-w perfect fluids satisfy/violate NEC/WEC/SEC/DEC while still producing a consistent FLRW solution (k=0).",
        "pressure_p": -0.0003978872781522738,
        "rho_from_friedmann": 0.0011936619538230168,
        "scale_factor_a": 9.99999884870758,
        "tags": []
      }
    },
    {
      "causal_structure": {
        "energy_warning": "Many foundational GR theorems assume energy conditions; violations can invalidate focusing/singularity conclusions.",
        "horizon_radius": null,
        "radial_null_cone_dr_dt": {
          "ingoing": -1.0,
          "outgoing": 1.0
        },
        "region": "flat FLRW (k=0), perfect fluid p=w\u03c1"
      },
      "coordinates": {
        "t": 0.5,
        "w": 0.0
      },
      "curvature_invariants": {
        "kretschmann": 47.4074074074074,
        "ricci_scalar": 5.333333333333333
      },
      "local_observables": {
        "Hdot": -2.6666666666666665,
        "energy_conditions_satisfied": {
          "DEC": true,
          "NEC": true,
          "SEC": true,
          "WEC": true
        },
        "hubble_H": 1.3333333333333333,
        "notes": "Energy conditions are constraints on stress-energy, not geometry. This toy shows which constant-w perfect fluids satisfy/violate NEC/WEC/SEC/DEC while still producing a consistent FLRW solution (k=0).",
        "pressure_p": 0.0,
        "rho_from_friedmann": 0.21220659078919377,
        "scale_factor_a": 0.6299605249474366,
        "tags": [
          "standard_fluid_range"
        ]
      }
    },
    {
      "causal_structure": {
        "energy_warning": "Many foundational GR theorems assume energy conditions; violations can invalidate focusing/singularity conclusions.",
        "horizon_radius": null,
        "radial_null_cone_dr_dt": {
          "ingoing": -1.0,
          "outgoing": 1.0
        },
        "region": "flat FLRW (k=0), perfect fluid p=w\u03c1"
      },
      "coordinates": {
        "t": 1.0,
        "w": 0.0
      },
      "curvature_invariants": {
        "kretschmann": 2.9629629629629624,
        "ricci_scalar": 1.3333333333333333
      },
      "local_observables": {
        "Hdot": -0.6666666666666666,
        "energy_conditions_satisfied": {
          "DEC": true,
          "NEC": true,
          "SEC": true,
          "WEC": true
        },
        "hubble_H": 0.6666666666666666,
        "notes": "Energy conditions are constraints on stress-energy, not geometry. This toy shows which constant-w perfect fluids satisfy/violate NEC/WEC/SEC/DEC while still producing a consistent FLRW solution (k=0).",
        "pressure_p": 0.0,
        "rho_from_friedmann": 0.05305164769729844,
        "scale_factor_a": 1.0,
        "tags": [
          "standard_fluid_range"
        ]
      }
    },
    {
      "causal_structure": {
        "energy_warning": "Many foundational GR theorems assume energy conditions; violations can invalidate focusing/singularity conclusions.",
        "horizon_radius": null,
        "radial_null_cone_dr_dt": {
          "ingoing": -1.0,
          "outgoing": 1.0
        },
        "region": "flat FLRW (k=0), perfect fluid p=w\u03c1"
      },
      "coordinates": {
        "t": 2.0,
        "w": 0.0
      },
      "curvature_invariants": {
        "kretschmann": 0.18518518518518515,
        "ricci_scalar": 0.3333333333333333
      },
      "local_observables": {
        "Hdot": -0.16666666666666666,
        "energy_conditions_satisfied": {
          "DEC": true,
          "NEC": true,
          "SEC": true,
          "WEC": true
        },
        "hubble_H": 0.3333333333333333,
        "notes": "Energy conditions are constraints on stress-energy, not geometry. This toy shows which constant-w perfect fluids satisfy/violate NEC/WEC/SEC/DEC while still producing a consistent FLRW solution (k=0).",
        "pressure_p": 0.0,
        "rho_from_friedmann": 0.01326291192432461,
        "scale_factor_a": 1.5874010519681994,
        "tags": [
          "standard_fluid_range"
        ]
      }
    },
    {
      "causal_structure": {
        "energy_warning": "Many foundational GR theorems assume energy conditions; violations can invalidate focusing/singularity conclusions.",
        "horizon_radius": null,
        "radial_null_cone_dr_dt": {
          "ingoing": -1.0,
          "outgoing": 1.0
        },
        "region": "flat FLRW (k=0), perfect fluid p=w\u03c1"
      },
      "coordinates": {
        "t": 5.0,
        "w": 0.0
      },
      "curvature_invariants": {
        "kretschmann": 0.004740740740740741,
        "ricci_scalar": 0.053333333333333344
      },
      "local_observables": {
        "Hdot": -0.026666666666666665,
        "energy_conditions_satisfied": {
          "DEC": true,
          "NEC": true,
          "SEC": true,
          "WEC": true
        },
        "hubble_H": 0.13333333333333333,
        "notes": "Energy conditions are constraints on stress-energy, not geometry. This toy shows which constant-w perfect fluids satisfy/violate NEC/WEC/SEC/DEC while still producing a consistent FLRW solution (k=0).",
        "pressure_p": 0.0,
        "rho_from_friedmann": 0.0021220659078919376,
        "scale_factor_a": 2.924017738212866,
        "tags": [
          "standard_fluid_range"
        ]
      }
    },
    {
      "causal_structure": {
        "energy_warning": "Many foundational GR theorems assume energy conditions; violations can invalidate focusing/singularity conclusions.",
        "horizon_radius": null,
        "radial_null_cone_dr_dt": {
          "ingoing": -1.0,
          "outgoing": 1.0
        },
        "region": "flat FLRW (k=0), perfect fluid p=w\u03c1"
      },
      "coordinates": {
        "t": 10.0,
        "w": 0.0
      },
      "curvature_invariants": {
        "kretschmann": 0.0002962962962962963,
        "ricci_scalar": 0.013333333333333336
      },
      "local_observables": {
        "Hdot": -0.006666666666666666,
        "energy_conditions_satisfied": {
          "DEC": true,
          "NEC": true,
          "SEC": true,
          "WEC": true
        },
        "hubble_H": 0.06666666666666667,
        "notes": "Energy conditions are constraints on stress-energy, not geometry. This toy shows which constant-w perfect fluids satisfy/violate NEC/WEC/SEC/DEC while still producing a consistent FLRW solution (k=0).",
        "pressure_p": 0.0,
        "rho_from_friedmann": 0.0005305164769729844,
        "scale_factor_a": 4.641588833612778,
        "tags": [
          "standard_fluid_range"
        ]
      }
    },
    {
      "causal_structure": {
        "energy_warning": "Many foundational GR theorems assume energy conditions; violations can invalidate focusing/singularity conclusions.",
        "horizon_radius": null,
        "radial_null_cone_dr_dt": {
          "ingoing": -1.0,
          "outgoing": 1.0
        },
        "region": "flat FLRW (k=0), perfect fluid p=w\u03c1"
      },
      "coordinates": {
        "t": 0.5,
        "w": 0.3333333
      },
      "curvature_invariants": {
        "kretschmann": 24.000001200000057,
        "ricci_scalar": 3.0000001416397026e-07
      },
      "local_observables": {
        "Hdot": -2.000000050000001,
        "energy_conditions_satisfied": {
          "DEC": true,
          "NEC": true,
          "SEC": true,
          "WEC": true
        },
        "hubble_H": 1.0000000250000005,
        "notes": "Energy conditions are constraints on stress-energy, not geometry. This toy shows which constant-w perfect fluids satisfy/violate NEC/WEC/SEC/DEC while still producing a consistent FLRW solution (k=0).",
        "pressure_p": 0.039788733783536916,
        "rho_from_friedmann": 0.11936621328723208,
        "scale_factor_a": 0.707106775059934,
        "tags": [
          "standard_fluid_range"
        ]
      }
    },
    {
      "causal_structure": {
        "energy_warning": "Many foundational GR theorems assume energy conditions; violations can invalidate focusing/singularity conclusions.",
        "horizon_radius": null,
        "radial_null_cone_dr_dt": {
          "ingoing": -1.0,
          "outgoing": 1.0
        },
        "region": "flat FLRW (k=0), perfect fluid p=w\u03c1"
      },
      "coordinates": {
        "t": 1.0,
        "w": 0.3333333
      },
      "curvature_invariants": {
        "kretschmann": 1.5000000750000035,
        "ricci_scalar": 7.500000354099257e-08
      },
      "local_observables": {
        "Hdot": -0.5000000125000003,
        "energy_conditions_satisfied": {
          "DEC": true,
          "NEC": true,
          "SEC": true,
          "WEC": true
        },
        "hubble_H": 0.5000000125000003,
        "notes": "Energy conditions are constraints on stress-energy, not geometry. This toy shows which constant-w perfect fluids satisfy/violate NEC/WEC/SEC/DEC while still producing a consistent FLRW solution (k=0).",
        "pressure_p": 0.009947183445884229,
        "rho_from_friedmann": 0.02984155332180802,
        "scale_factor_a": 1.0,
        "tags": [
          "standard_fluid_range"
        ]
      }
    },
    {
      "causal_structure": {
        "energy_warning": "Many foundational GR theorems assume energy conditions; violations can invalidate focusing/singularity conclusions.",
        "horizon_radius": null,
        "radial_null_cone_dr_dt": {
          "ingoing": -1.0,
          "outgoing": 1.0
        },
        "region": "flat FLRW (k=0), perfect fluid p=w\u03c1"
      },
      "coordinates": {
        "t": 2.0,
        "w": 0.3333333
      },
      "curvature_invariants": {
        "kretschmann": 0.09375000468750022,
        "ricci_scalar": 1.875000088524814e-08
      },
      "local_observables": {
        "Hdot": -0.12500000312500006,
        "energy_conditions_satisfied": {
          "DEC": true,
          "NEC": true,
          "SEC": true,
          "WEC": true
        },
        "hubble_H": 0.25000000625000013,
        "notes": "Energy conditions are constraints on stress-energy, not geometry. This toy shows which constant-w perfect fluids satisfy/violate NEC/WEC/SEC/DEC while still producing a consistent FLRW solution (k=0).",
        "pressure_p": 0.0024867958614710572,
        "rho_from_friedmann": 0.007460388330452005,
        "scale_factor_a": 1.4142135746263222,
        "tags": [
          "standard_fluid_range"
        ]
      }
    },
    {
      "causal_structure": {
        "energy_warning": "Many foundational GR theorems assume energy conditions; violations can invalidate focusing/singularity conclusions.",
        "horizon_radius": null,
        "radial_null_cone_dr_dt": {
          "ingoing": -1.0,
          "outgoing": 1.0
        },
        "region": "flat FLRW (k=0), perfect fluid p=w\u03c1"
      },
      "coordinates": {
        "t": 5.0,
        "w": 0.3333333
      },
      "curvature_invariants": {
        "kretschmann": 0.0024000001200000054,
        "ricci_scalar": 3.0000001233210227e-09
      },
      "local_observables": {
        "Hdot": -0.02000000050000001,
        "energy_conditions_satisfied": {
          "DEC": true,
          "NEC": true,
          "SEC": true,
          "WEC": true
        },
        "hubble_H": 0.10000000250000005,
        "notes": "Energy conditions are constraints on stress-energy, not geometry. This toy shows which constant-w perfect fluids satisfy/violate NEC/WEC/SEC/DEC while still producing a consistent FLRW solution (k=0).",
        "pressure_p": 0.0003978873378353691,
        "rho_from_friedmann": 0.0011936621328723206,
        "scale_factor_a": 2.2360680224849485,
        "tags": [
          "standard_fluid_range"
        ]
      }
    },
    {
      "causal_structure": {
        "energy_warning": "Many foundational GR theorems assume energy conditions; violations can invalidate focusing/singularity conclusions.",
        "horizon_radius": null,
        "radial_null_cone_dr_dt": {
          "ingoing": -1.0,
          "outgoing": 1.0
        },
        "region": "flat FLRW (k=0), perfect fluid p=w\u03c1"
      },
      "coordinates": {
        "t": 10.0,
        "w": 0.3333333
      },
      "curvature_invariants": {
        "kretschmann": 0.00015000000750000034,
        "ricci_scalar": 7.500000308302557e-10
      },
      "local_observables": {
        "Hdot": -0.005000000125000003,
        "energy_conditions_satisfied": {
          "DEC": true,
          "NEC": true,
          "SEC": true,
          "WEC": true
        },
        "hubble_H": 0.05000000125000002,
        "notes": "Energy conditions are constraints on stress-energy, not geometry. This toy shows which constant-w perfect fluids satisfy/violate NEC/WEC/SEC/DEC while still producing a consistent FLRW solution (k=0).",
        "pressure_p": 9.947183445884227e-05,
        "rho_from_friedmann": 0.00029841553321808016,
        "scale_factor_a": 3.16227775118605,
        "tags": [
          "standard_fluid_range"
        ]
      }
    },
    {
      "causal_structure": {
        "energy_warning": "Many foundational GR theorems assume energy conditions; violations can invalidate focusing/singularity conclusions.",
        "horizon_radius": null,
        "radial_null_cone_dr_dt": {
          "ingoing": -1.0,
          "outgoing": 1.0
        },
        "region": "flat FLRW (k=0), perfect fluid p=w\u03c1"
      },
      "coordinates": {
        "t": 0.5,
        "w": 1.0
      },
      "curvature_invariants": {
        "kretschmann": 11.851851851851851,
        "ricci_scalar": -2.6666666666666665
      },
      "local_observables": {
        "Hdot": -1.3333333333333333,
        "energy_conditions_satisfied": {
          "DEC": true,
          "NEC": true,
          "SEC": true,
          "WEC": true
        },
        "hubble_H": 0.6666666666666666,
        "notes": "Energy conditions are constraints on stress-energy, not geometry. This toy shows which constant-w perfect fluids satisfy/violate NEC/WEC/SEC/DEC while still producing a consistent FLRW solution (k=0).",
        "pressure_p": 0.05305164769729844,
        "rho_from_friedmann": 0.05305164769729844,
        "scale_factor_a": 0.7937005259840998,
        "tags": [
          "standard_fluid_range"
        ]
      }
    },
    {
      "causal_structure": {
        "energy_warning": "Many foundational GR theorems assume energy conditions; violations can invalidate focusing/singularity conclusions.",
        "horizon_radius": null,
        "radial_null_cone_dr_dt": {
          "ingoing": -1.0,
          "outgoing": 1.0
        },
        "region": "flat FLRW (k=0), perfect fluid p=w\u03c1"
      },
      "coordinates": {
        "t": 1.0,
        "w": 1.0
      },
      "curvature_invariants": {
        "kretschmann": 0.7407407407407407,
        "ricci_scalar": -0.6666666666666666
      },
      "local_observables": {
        "Hdot": -0.3333333333333333,
        "energy_conditions_satisfied": {
          "DEC": true,
          "NEC": true,
          "SEC": true,
          "WEC": true
        },
        "hubble_H": 0.3333333333333333,
        "notes": "Energy conditions are constraints on stress-energy, not geometry. This toy shows which constant-w perfect fluids satisfy/violate NEC/WEC/SEC/DEC while still producing a consistent FLRW solution (k=0).",
        "pressure_p": 0.01326291192432461,
        "rho_from_friedmann": 0.01326291192432461,
        "scale_factor_a": 1.0,
        "tags": [
          "standard_fluid_range"
        ]
      }
    },
    {
      "causal_structure": {
        "energy_warning": "Many foundational GR theorems assume energy conditions; violations can invalidate focusing/singularity conclusions.",
        "horizon_radius": null,
        "radial_null_cone_dr_dt": {
          "ingoing": -1.0,
          "outgoing": 1.0
        },
        "region": "flat FLRW (k=0), perfect fluid p=w\u03c1"
      },
      "coordinates": {
        "t": 2.0,
        "w": 1.0
      },
      "curvature_invariants": {
        "kretschmann": 0.046296296296296294,
        "ricci_scalar": -0.16666666666666666
      },
      "local_observables": {
        "Hdot": -0.08333333333333333,
        "energy_conditions_satisfied": {
          "DEC": true,
          "NEC": true,
          "SEC": true,
          "WEC": true
        },
        "hubble_H": 0.16666666666666666,
        "notes": "Energy conditions are constraints on stress-energy, not geometry. This toy shows which constant-w perfect fluids satisfy/violate NEC/WEC/SEC/DEC while still producing a consistent FLRW solution (k=0).",
        "pressure_p": 0.0033157279810811526,
        "rho_from_friedmann": 0.0033157279810811526,
        "scale_factor_a": 1.2599210498948732,
        "tags": [
          "standard_fluid_range"
        ]
      }
    },
    {
      "causal_structure": {
        "energy_warning": "Many foundational GR theorems assume energy conditions; violations can invalidate focusing/singularity conclusions.",
        "horizon_radius": null,
        "radial_null_cone_dr_dt": {
          "ingoing": -1.0,
          "outgoing": 1.0
        },
        "region": "flat FLRW (k=0), perfect fluid p=w\u03c1"
      },
      "coordinates": {
        "t": 5.0,
        "w": 1.0
      },
      "curvature_invariants": {
        "kretschmann": 0.001185185185185185,
        "ricci_scalar": -0.02666666666666666
      },
      "local_observables": {
        "Hdot": -0.013333333333333332,
        "energy_conditions_satisfied": {
          "DEC": true,
          "NEC": true,
          "SEC": true,
          "WEC": true
        },
        "hubble_H": 0.06666666666666667,
        "notes": "Energy conditions are constraints on stress-energy, not geometry. This toy shows which constant-w perfect fluids satisfy/violate NEC/WEC/SEC/DEC while still producing a consistent FLRW solution (k=0).",
        "pressure_p": 0.0005305164769729844,
        "rho_from_friedmann": 0.0005305164769729844,
        "scale_factor_a": 1.7099759466766968,
        "tags": [
          "standard_fluid_range"
        ]
      }
    },
    {
      "causal_structure": {
        "energy_warning": "Many foundational GR theorems assume energy conditions; violations can invalidate focusing/singularity conclusions.",
        "horizon_radius": null,
        "radial_null_cone_dr_dt": {
          "ingoing": -1.0,
          "outgoing": 1.0
        },
        "region": "flat FLRW (k=0), perfect fluid p=w\u03c1"
      },
      "coordinates": {
        "t": 10.0,
        "w": 1.0
      },
      "curvature_invariants": {
        "kretschmann": 7.407407407407406e-05,
        "ricci_scalar": -0.006666666666666665
      },
      "local_observables": {
        "Hdot": -0.003333333333333333,
        "energy_conditions_satisfied": {
          "DEC": true,
          "NEC": true,
          "SEC": true,
          "WEC": true
        },
        "hubble_H": 0.03333333333333333,
        "notes": "Energy conditions are constraints on stress-energy, not geometry. This toy shows which constant-w perfect fluids satisfy/violate NEC/WEC/SEC/DEC while still producing a consistent FLRW solution (k=0).",
        "pressure_p": 0.0001326291192432461,
        "rho_from_friedmann": 0.0001326291192432461,
        "scale_factor_a": 2.154434690031884,
        "tags": [
          "standard_fluid_range"
        ]
      }
    },
    {
      "causal_structure": {
        "energy_warning": "Many foundational GR theorems assume energy conditions; violations can invalidate focusing/singularity conclusions.",
        "horizon_radius": null,
        "radial_null_cone_dr_dt": {
          "ingoing": -1.0,
          "outgoing": 1.0
        },
        "region": "flat FLRW (k=0), perfect fluid p=w\u03c1"
      },
      "coordinates": {
        "t": 0.5,
        "w": 2.0
      },
      "curvature_invariants": {
        "kretschmann": 6.203932327389117,
        "ricci_scalar": -2.962962962962963
      },
      "local_observables": {
        "Hdot": -0.8888888888888888,
        "energy_conditions_satisfied": {
          "DEC": false,
          "NEC": true,
          "SEC": true,
          "WEC": true
        },
        "hubble_H": 0.4444444444444444,
        "notes": "Energy conditions are constraints on stress-energy, not geometry. This toy shows which constant-w perfect fluids satisfy/violate NEC/WEC/SEC/DEC while still producing a consistent FLRW solution (k=0).",
        "pressure_p": 0.047157020175376395,
        "rho_from_friedmann": 0.023578510087688197,
        "scale_factor_a": 0.8572439828530728,
        "tags": [
          "superstiff (DEC violated)"
        ]
      }
    },
    {
      "causal_structure": {
        "energy_warning": "Many foundational GR theorems assume energy conditions; violations can invalidate focusing/singularity conclusions.",
        "horizon_radius": null,
        "radial_null_cone_dr_dt": {
          "ingoing": -1.0,
          "outgoing": 1.0
        },
        "region": "flat FLRW (k=0), perfect fluid p=w\u03c1"
      },
      "coordinates": {
        "t": 1.0,
        "w": 2.0
      },
      "curvature_invariants": {
        "kretschmann": 0.3877457704618198,
        "ricci_scalar": -0.7407407407407407
      },
      "local_observables": {
        "Hdot": -0.2222222222222222,
        "energy_conditions_satisfied": {
          "DEC": false,
          "NEC": true,
          "SEC": true,
          "WEC": true
        },
        "hubble_H": 0.2222222222222222,
        "notes": "Energy conditions are constraints on stress-energy, not geometry. This toy shows which constant-w perfect fluids satisfy/violate NEC/WEC/SEC/DEC while still producing a consistent FLRW solution (k=0).",
        "pressure_p": 0.011789255043844099,
        "rho_from_friedmann": 0.005894627521922049,
        "scale_factor_a": 1.0,
        "tags": [
          "superstiff (DEC violated)"
        ]
      }
    },
    {
      "causal_structure": {
        "energy_warning": "Many foundational GR theorems assume energy conditions; violations can invalidate focusing/singularity conclusions.",
        "horizon_radius": null,
        "radial_null_cone_dr_dt": {
          "ingoing": -1.0,
          "outgoing": 1.0
        },
        "region": "flat FLRW (k=0), perfect fluid p=w\u03c1"
      },
      "coordinates": {
        "t": 2.0,
        "w": 2.0
      },
      "curvature_invariants": {
        "kretschmann": 0.024234110653863737,
        "ricci_scalar": -0.18518518518518517
      },
      "local_observables": {
        "Hdot": -0.05555555555555555,
        "energy_conditions_satisfied": {
          "DEC": false,
          "NEC": true,
          "SEC": true,
          "WEC": true
        },
        "hubble_H": 0.1111111111111111,
        "notes": "Energy conditions are constraints on stress-energy, not geometry. This toy shows which constant-w perfect fluids satisfy/violate NEC/WEC/SEC/DEC while still producing a consistent FLRW solution (k=0).",
        "pressure_p": 0.0029473137609610247,
        "rho_from_friedmann": 0.0014736568804805123,
        "scale_factor_a": 1.1665290395761165,
        "tags": [
          "superstiff (DEC violated)"
        ]
      }
    },
    {
      "causal_structure": {
        "energy_warning": "Many foundational GR theorems assume energy conditions; violations can invalidate focusing/singularity conclusions.",
        "horizon_radius": null,
        "radial_null_cone_dr_dt": {
          "ingoing": -1.0,
          "outgoing": 1.0
        },
        "region": "flat FLRW (k=0), perfect fluid p=w\u03c1"
      },
      "coordinates": {
        "t": 5.0,
        "w": 2.0
      },
      "curvature_invariants": {
        "kretschmann": 0.0006203932327389118,
        "ricci_scalar": -0.029629629629629634
      },
      "local_observables": {
        "Hdot": -0.008888888888888889,
        "energy_conditions_satisfied": {
          "DEC": false,
          "NEC": true,
          "SEC": true,
          "WEC": true
        },
        "hubble_H": 0.04444444444444444,
        "notes": "Energy conditions are constraints on stress-energy, not geometry. This toy shows which constant-w perfect fluids satisfy/violate NEC/WEC/SEC/DEC while still producing a consistent FLRW solution (k=0).",
        "pressure_p": 0.0004715702017537639,
        "rho_from_friedmann": 0.00023578510087688195,
        "scale_factor_a": 1.4299691483087287,
        "tags": [
          "superstiff (DEC violated)"
        ]
      }
    },
    {
      "causal_structure": {
        "energy_warning": "Many foundational GR theorems assume energy conditions; violations can invalidate focusing/singularity conclusions.",
        "horizon_radius": null,
        "radial_null_cone_dr_dt": {
          "ingoing": -1.0,
          "outgoing": 1.0
        },
        "region": "flat FLRW (k=0), perfect fluid p=w\u03c1"
      },
      "coordinates": {
        "t": 10.0,
        "w": 2.0
      },
      "curvature_invariants": {
        "kretschmann": 3.877457704618199e-05,
        "ricci_scalar": -0.0074074074074074086
      },
      "local_observables": {
        "Hdot": -0.0022222222222222222,
        "energy_conditions_satisfied": {
          "DEC": false,
          "NEC": true,
          "SEC": true,
          "WEC": true
        },
        "hubble_H": 0.02222222222222222,
        "notes": "Energy conditions are constraints on stress-energy, not geometry. This toy shows which constant-w perfect fluids satisfy/violate NEC/WEC/SEC/DEC while still producing a consistent FLRW solution (k=0).",
        "pressure_p": 0.00011789255043844098,
        "rho_from_friedmann": 5.894627521922049e-05,
        "scale_factor_a": 1.6681005372000588,
        "tags": [
          "superstiff (DEC violated)"
        ]
      }
    }
  ],
  "spacetime": "Flat FLRW (k=0) with constant-w perfect fluid",
  "theory": "General Relativity (energy conditions diagnostics)",
  "toy_id": "036",
  "units": {
    "G": 1,
    "c": 1
  }
}