{
  "notes": {
    "assumptions": [
      "Linearized gravity around Minkowski",
      "Plane GW propagating in +z",
      "TT gauge",
      "Valid for |h| << 1"
    ],
    "invariants_warning": "For plane GWs, many scalar curvature invariants can vanish; here Ricci=0 and Kretschmann=0 are exported at linear order. Physical effect is captured by R0i0j and geodesic deviation.",
    "what_to_compare": [
      "Compare tidal eigen-structure vs Toy 001 (Schwarzschild) in weak field",
      "Compare 'invariant silence' vs nonzero tidal response",
      "Probe gauge dependence by later toys using different gauges (future Toy)"
    ]
  },
  "observables": {
    "gw_parameters": {
      "A_cross": 0.0,
      "A_plus": 0.001,
      "omega": 1.0,
      "phase_cross": 0.0,
      "phase_plus": 0.0,
      "propagation_direction": "+z"
    },
    "peak_scales": {
      "approx_peak_strain_cross": 0.0,
      "approx_peak_strain_plus": 0.001,
      "approx_peak_tidal_component_scale_cross": 0.0,
      "approx_peak_tidal_component_scale_plus": 0.0005,
      "note": "Tidal scale uses R0i0j amplitude \u2248 (omega^2 * A)/2."
    }
  },
  "parameters": {
    "A_cross": 0.0,
    "A_plus": 0.001,
    "omega": 1.0,
    "phase_cross": 0.0,
    "phase_plus": 0.0,
    "separation_L": 1.0,
    "z_sample_plane": 0.0
  },
  "sample_points": [
    {
      "causal_structure": {
        "horizon_radius": null,
        "radial_null_cone_dr_dt": {
          "ingoing": -1.0,
          "outgoing": 1.0
        },
        "region": "Minkowski background (linearized GW); no horizons"
      },
      "coordinates": {
        "t": 0.0,
        "x": null,
        "y": null,
        "z": 0.0
      },
      "curvature_invariants": {
        "kretschmann": 0.0,
        "ricci_scalar": 0.0
      },
      "local_observables": {
        "geodesic_deviation": {
          "fractional_length_change_proxies": {
            "deltaL_over_L_x_arm_TT_proxy": 0.0005,
            "deltaL_over_L_y_arm_TT_proxy": -0.0005,
            "note": "These are TT-frame small-strain proxies; general orientation requires rotation."
          },
          "relative_acceleration_for_x_separation": [
            -0.0005,
            -0.0,
            -0.0
          ],
          "relative_acceleration_for_y_separation": [
            -0.0,
            0.0005,
            -0.0
          ],
          "separation_L": 1.0,
          "xi_x": [
            1.0,
            0.0,
            0.0
          ],
          "xi_y": [
            0.0,
            1.0,
            0.0
          ]
        },
        "strain_TT": {
          "h_cross": 0.0,
          "h_plus": 0.001,
          "h_xx": 0.001,
          "h_xy": 0.0,
          "h_yy": -0.001
        },
        "tidal_tensor_R0i0j": {
          "R0x0x": 0.0005,
          "R0x0y": 0.0,
          "R0y0x": 0.0,
          "R0y0y": -0.0005,
          "R0z0z": 0.0
        }
      }
    },
    {
      "causal_structure": {
        "horizon_radius": null,
        "radial_null_cone_dr_dt": {
          "ingoing": -1.0,
          "outgoing": 1.0
        },
        "region": "Minkowski background (linearized GW); no horizons"
      },
      "coordinates": {
        "t": 0.5,
        "x": null,
        "y": null,
        "z": 0.0
      },
      "curvature_invariants": {
        "kretschmann": 0.0,
        "ricci_scalar": 0.0
      },
      "local_observables": {
        "geodesic_deviation": {
          "fractional_length_change_proxies": {
            "deltaL_over_L_x_arm_TT_proxy": 0.0004387912809451864,
            "deltaL_over_L_y_arm_TT_proxy": -0.0004387912809451864,
            "note": "These are TT-frame small-strain proxies; general orientation requires rotation."
          },
          "relative_acceleration_for_x_separation": [
            -0.0004387912809451864,
            -0.0,
            -0.0
          ],
          "relative_acceleration_for_y_separation": [
            -0.0,
            0.0004387912809451864,
            -0.0
          ],
          "separation_L": 1.0,
          "xi_x": [
            1.0,
            0.0,
            0.0
          ],
          "xi_y": [
            0.0,
            1.0,
            0.0
          ]
        },
        "strain_TT": {
          "h_cross": 0.0,
          "h_plus": 0.0008775825618903728,
          "h_xx": 0.0008775825618903728,
          "h_xy": 0.0,
          "h_yy": -0.0008775825618903728
        },
        "tidal_tensor_R0i0j": {
          "R0x0x": 0.0004387912809451864,
          "R0x0y": 0.0,
          "R0y0x": 0.0,
          "R0y0y": -0.0004387912809451864,
          "R0z0z": 0.0
        }
      }
    },
    {
      "causal_structure": {
        "horizon_radius": null,
        "radial_null_cone_dr_dt": {
          "ingoing": -1.0,
          "outgoing": 1.0
        },
        "region": "Minkowski background (linearized GW); no horizons"
      },
      "coordinates": {
        "t": 1.0,
        "x": null,
        "y": null,
        "z": 0.0
      },
      "curvature_invariants": {
        "kretschmann": 0.0,
        "ricci_scalar": 0.0
      },
      "local_observables": {
        "geodesic_deviation": {
          "fractional_length_change_proxies": {
            "deltaL_over_L_x_arm_TT_proxy": 0.00027015115293406986,
            "deltaL_over_L_y_arm_TT_proxy": -0.00027015115293406986,
            "note": "These are TT-frame small-strain proxies; general orientation requires rotation."
          },
          "relative_acceleration_for_x_separation": [
            -0.00027015115293406986,
            -0.0,
            -0.0
          ],
          "relative_acceleration_for_y_separation": [
            -0.0,
            0.00027015115293406986,
            -0.0
          ],
          "separation_L": 1.0,
          "xi_x": [
            1.0,
            0.0,
            0.0
          ],
          "xi_y": [
            0.0,
            1.0,
            0.0
          ]
        },
        "strain_TT": {
          "h_cross": 0.0,
          "h_plus": 0.0005403023058681397,
          "h_xx": 0.0005403023058681397,
          "h_xy": 0.0,
          "h_yy": -0.0005403023058681397
        },
        "tidal_tensor_R0i0j": {
          "R0x0x": 0.00027015115293406986,
          "R0x0y": 0.0,
          "R0y0x": 0.0,
          "R0y0y": -0.00027015115293406986,
          "R0z0z": 0.0
        }
      }
    },
    {
      "causal_structure": {
        "horizon_radius": null,
        "radial_null_cone_dr_dt": {
          "ingoing": -1.0,
          "outgoing": 1.0
        },
        "region": "Minkowski background (linearized GW); no horizons"
      },
      "coordinates": {
        "t": 1.5,
        "x": null,
        "y": null,
        "z": 0.0
      },
      "curvature_invariants": {
        "kretschmann": 0.0,
        "ricci_scalar": 0.0
      },
      "local_observables": {
        "geodesic_deviation": {
          "fractional_length_change_proxies": {
            "deltaL_over_L_x_arm_TT_proxy": 3.536860083385145e-05,
            "deltaL_over_L_y_arm_TT_proxy": -3.536860083385145e-05,
            "note": "These are TT-frame small-strain proxies; general orientation requires rotation."
          },
          "relative_acceleration_for_x_separation": [
            -3.536860083385145e-05,
            -0.0,
            -0.0
          ],
          "relative_acceleration_for_y_separation": [
            -0.0,
            3.536860083385145e-05,
            -0.0
          ],
          "separation_L": 1.0,
          "xi_x": [
            1.0,
            0.0,
            0.0
          ],
          "xi_y": [
            0.0,
            1.0,
            0.0
          ]
        },
        "strain_TT": {
          "h_cross": 0.0,
          "h_plus": 7.07372016677029e-05,
          "h_xx": 7.07372016677029e-05,
          "h_xy": 0.0,
          "h_yy": -7.07372016677029e-05
        },
        "tidal_tensor_R0i0j": {
          "R0x0x": 3.536860083385145e-05,
          "R0x0y": 0.0,
          "R0y0x": 0.0,
          "R0y0y": -3.536860083385145e-05,
          "R0z0z": 0.0
        }
      }
    },
    {
      "causal_structure": {
        "horizon_radius": null,
        "radial_null_cone_dr_dt": {
          "ingoing": -1.0,
          "outgoing": 1.0
        },
        "region": "Minkowski background (linearized GW); no horizons"
      },
      "coordinates": {
        "t": 2.0,
        "x": null,
        "y": null,
        "z": 0.0
      },
      "curvature_invariants": {
        "kretschmann": 0.0,
        "ricci_scalar": 0.0
      },
      "local_observables": {
        "geodesic_deviation": {
          "fractional_length_change_proxies": {
            "deltaL_over_L_x_arm_TT_proxy": -0.0002080734182735712,
            "deltaL_over_L_y_arm_TT_proxy": 0.0002080734182735712,
            "note": "These are TT-frame small-strain proxies; general orientation requires rotation."
          },
          "relative_acceleration_for_x_separation": [
            0.0002080734182735712,
            -0.0,
            -0.0
          ],
          "relative_acceleration_for_y_separation": [
            0.0,
            -0.0002080734182735712,
            -0.0
          ],
          "separation_L": 1.0,
          "xi_x": [
            1.0,
            0.0,
            0.0
          ],
          "xi_y": [
            0.0,
            1.0,
            0.0
          ]
        },
        "strain_TT": {
          "h_cross": -0.0,
          "h_plus": -0.0004161468365471424,
          "h_xx": -0.0004161468365471424,
          "h_xy": -0.0,
          "h_yy": 0.0004161468365471424
        },
        "tidal_tensor_R0i0j": {
          "R0x0x": -0.0002080734182735712,
          "R0x0y": -0.0,
          "R0y0x": -0.0,
          "R0y0y": 0.0002080734182735712,
          "R0z0z": 0.0
        }
      }
    },
    {
      "causal_structure": {
        "horizon_radius": null,
        "radial_null_cone_dr_dt": {
          "ingoing": -1.0,
          "outgoing": 1.0
        },
        "region": "Minkowski background (linearized GW); no horizons"
      },
      "coordinates": {
        "t": 2.5,
        "x": null,
        "y": null,
        "z": 0.0
      },
      "curvature_invariants": {
        "kretschmann": 0.0,
        "ricci_scalar": 0.0
      },
      "local_observables": {
        "geodesic_deviation": {
          "fractional_length_change_proxies": {
            "deltaL_over_L_x_arm_TT_proxy": -0.00040057180777346683,
            "deltaL_over_L_y_arm_TT_proxy": 0.00040057180777346683,
            "note": "These are TT-frame small-strain proxies; general orientation requires rotation."
          },
          "relative_acceleration_for_x_separation": [
            0.00040057180777346683,
            -0.0,
            -0.0
          ],
          "relative_acceleration_for_y_separation": [
            0.0,
            -0.00040057180777346683,
            -0.0
          ],
          "separation_L": 1.0,
          "xi_x": [
            1.0,
            0.0,
            0.0
          ],
          "xi_y": [
            0.0,
            1.0,
            0.0
          ]
        },
        "strain_TT": {
          "h_cross": -0.0,
          "h_plus": -0.0008011436155469337,
          "h_xx": -0.0008011436155469337,
          "h_xy": -0.0,
          "h_yy": 0.0008011436155469337
        },
        "tidal_tensor_R0i0j": {
          "R0x0x": -0.00040057180777346683,
          "R0x0y": -0.0,
          "R0y0x": -0.0,
          "R0y0y": 0.00040057180777346683,
          "R0z0z": 0.0
        }
      }
    },
    {
      "causal_structure": {
        "horizon_radius": null,
        "radial_null_cone_dr_dt": {
          "ingoing": -1.0,
          "outgoing": 1.0
        },
        "region": "Minkowski background (linearized GW); no horizons"
      },
      "coordinates": {
        "t": 3.0,
        "x": null,
        "y": null,
        "z": 0.0
      },
      "curvature_invariants": {
        "kretschmann": 0.0,
        "ricci_scalar": 0.0
      },
      "local_observables": {
        "geodesic_deviation": {
          "fractional_length_change_proxies": {
            "deltaL_over_L_x_arm_TT_proxy": -0.0004949962483002228,
            "deltaL_over_L_y_arm_TT_proxy": 0.0004949962483002228,
            "note": "These are TT-frame small-strain proxies; general orientation requires rotation."
          },
          "relative_acceleration_for_x_separation": [
            0.0004949962483002228,
            -0.0,
            -0.0
          ],
          "relative_acceleration_for_y_separation": [
            0.0,
            -0.0004949962483002228,
            -0.0
          ],
          "separation_L": 1.0,
          "xi_x": [
            1.0,
            0.0,
            0.0
          ],
          "xi_y": [
            0.0,
            1.0,
            0.0
          ]
        },
        "strain_TT": {
          "h_cross": -0.0,
          "h_plus": -0.0009899924966004455,
          "h_xx": -0.0009899924966004455,
          "h_xy": -0.0,
          "h_yy": 0.0009899924966004455
        },
        "tidal_tensor_R0i0j": {
          "R0x0x": -0.0004949962483002228,
          "R0x0y": -0.0,
          "R0y0x": -0.0,
          "R0y0y": 0.0004949962483002228,
          "R0z0z": 0.0
        }
      }
    }
  ],
  "spacetime": "Minkowski + TT-gauge plane gravitational wave",
  "theory": "General Relativity (linearized)",
  "toy_id": "003",
  "units": {
    "G": 1,
    "c": 1
  }
}