{
  "notes": {
    "assumptions": [
      "Vacuum Schwarzschild, asymptotically flat, stationary",
      "Areal radius r used for quasi-local spheres",
      "Brown\u2013York energy computed with standard static/time-symmetric reference; real-valued only for r>2M"
    ],
    "key_formulas": {
      "ADM": "M_ADM = M (Schwarzschild)",
      "Brown_York": "E_BY(r)= r(1 - sqrt(1-2M/r)), defined for r>2M",
      "Komar": "M_Komar = M (stationary vacuum)",
      "Misner_Sharp": "M_MS(r) = M (Schwarzschild)"
    },
    "pressure_point": "Multiple well-defined mass/energy notions can coincide globally yet disagree quasi-locally. GR does not provide a unique local gravitational energy density."
  },
  "observables": {
    "summary": {
      "adm_mass": 1.0,
      "brown_york_abs_error_last_defined": 0.005050633883342037,
      "brown_york_last_defined": 1.005050633883342,
      "horizon_radius_2M": 2.0,
      "komar_mass": 1.0,
      "note": "E_BY approaches M as r\u2192\u221e but differs at finite r; undefined (in this form) for r<=2M."
    }
  },
  "parameters": {
    "M": 1.0,
    "r_samples": [
      2.0001,
      2.01,
      2.1,
      3.0,
      4.0,
      6.0,
      10.0,
      20.0,
      50.0,
      100.0
    ]
  },
  "sample_points": [
    {
      "causal_structure": {
        "at_or_outside_horizon": true,
        "brown_york_defined": true,
        "horizon_radius_2M": 2.0,
        "inside_horizon": false
      },
      "coordinates": {
        "r": 2.0001
      },
      "curvature_invariants": {},
      "local_observables": {
        "deltas_from_M": {
          "ADM_minus_M": 0.0,
          "Brown_York_minus_M": 0.9859575108272784,
          "Komar_minus_M": 0.0,
          "Misner_Sharp_minus_M": 0.0
        },
        "mass_definitions": {
          "ADM_mass": 1.0,
          "Brown_York_energy": 1.9859575108272784,
          "Komar_mass": 1.0,
          "M_parameter": 1.0,
          "Misner_Sharp_mass": 1.0
        }
      }
    },
    {
      "causal_structure": {
        "at_or_outside_horizon": true,
        "brown_york_defined": true,
        "horizon_radius_2M": 2.0,
        "inside_horizon": false
      },
      "coordinates": {
        "r": 2.01
      },
      "curvature_invariants": {},
      "local_observables": {
        "deltas_from_M": {
          "ADM_minus_M": 0.0,
          "Brown_York_minus_M": 0.8682255312124234,
          "Komar_minus_M": 0.0,
          "Misner_Sharp_minus_M": 0.0
        },
        "mass_definitions": {
          "ADM_mass": 1.0,
          "Brown_York_energy": 1.8682255312124234,
          "Komar_mass": 1.0,
          "M_parameter": 1.0,
          "Misner_Sharp_mass": 1.0
        }
      }
    },
    {
      "causal_structure": {
        "at_or_outside_horizon": true,
        "brown_york_defined": true,
        "horizon_radius_2M": 2.0,
        "inside_horizon": false
      },
      "coordinates": {
        "r": 2.1
      },
      "curvature_invariants": {},
      "local_observables": {
        "deltas_from_M": {
          "ADM_minus_M": 0.0,
          "Brown_York_minus_M": 0.6417424305044159,
          "Komar_minus_M": 0.0,
          "Misner_Sharp_minus_M": 0.0
        },
        "mass_definitions": {
          "ADM_mass": 1.0,
          "Brown_York_energy": 1.641742430504416,
          "Komar_mass": 1.0,
          "M_parameter": 1.0,
          "Misner_Sharp_mass": 1.0
        }
      }
    },
    {
      "causal_structure": {
        "at_or_outside_horizon": true,
        "brown_york_defined": true,
        "horizon_radius_2M": 2.0,
        "inside_horizon": false
      },
      "coordinates": {
        "r": 3.0
      },
      "curvature_invariants": {},
      "local_observables": {
        "deltas_from_M": {
          "ADM_minus_M": 0.0,
          "Brown_York_minus_M": 0.26794919243112236,
          "Komar_minus_M": 0.0,
          "Misner_Sharp_minus_M": 0.0
        },
        "mass_definitions": {
          "ADM_mass": 1.0,
          "Brown_York_energy": 1.2679491924311224,
          "Komar_mass": 1.0,
          "M_parameter": 1.0,
          "Misner_Sharp_mass": 1.0
        }
      }
    },
    {
      "causal_structure": {
        "at_or_outside_horizon": true,
        "brown_york_defined": true,
        "horizon_radius_2M": 2.0,
        "inside_horizon": false
      },
      "coordinates": {
        "r": 4.0
      },
      "curvature_invariants": {},
      "local_observables": {
        "deltas_from_M": {
          "ADM_minus_M": 0.0,
          "Brown_York_minus_M": 0.1715728752538097,
          "Komar_minus_M": 0.0,
          "Misner_Sharp_minus_M": 0.0
        },
        "mass_definitions": {
          "ADM_mass": 1.0,
          "Brown_York_energy": 1.1715728752538097,
          "Komar_mass": 1.0,
          "M_parameter": 1.0,
          "Misner_Sharp_mass": 1.0
        }
      }
    },
    {
      "causal_structure": {
        "at_or_outside_horizon": true,
        "brown_york_defined": true,
        "horizon_radius_2M": 2.0,
        "inside_horizon": false
      },
      "coordinates": {
        "r": 6.0
      },
      "curvature_invariants": {},
      "local_observables": {
        "deltas_from_M": {
          "ADM_minus_M": 0.0,
          "Brown_York_minus_M": 0.1010205144336438,
          "Komar_minus_M": 0.0,
          "Misner_Sharp_minus_M": 0.0
        },
        "mass_definitions": {
          "ADM_mass": 1.0,
          "Brown_York_energy": 1.1010205144336438,
          "Komar_mass": 1.0,
          "M_parameter": 1.0,
          "Misner_Sharp_mass": 1.0
        }
      }
    },
    {
      "causal_structure": {
        "at_or_outside_horizon": true,
        "brown_york_defined": true,
        "horizon_radius_2M": 2.0,
        "inside_horizon": false
      },
      "coordinates": {
        "r": 10.0
      },
      "curvature_invariants": {},
      "local_observables": {
        "deltas_from_M": {
          "ADM_minus_M": 0.0,
          "Brown_York_minus_M": 0.055728090000841446,
          "Komar_minus_M": 0.0,
          "Misner_Sharp_minus_M": 0.0
        },
        "mass_definitions": {
          "ADM_mass": 1.0,
          "Brown_York_energy": 1.0557280900008414,
          "Komar_mass": 1.0,
          "M_parameter": 1.0,
          "Misner_Sharp_mass": 1.0
        }
      }
    },
    {
      "causal_structure": {
        "at_or_outside_horizon": true,
        "brown_york_defined": true,
        "horizon_radius_2M": 2.0,
        "inside_horizon": false
      },
      "coordinates": {
        "r": 20.0
      },
      "curvature_invariants": {},
      "local_observables": {
        "deltas_from_M": {
          "ADM_minus_M": 0.0,
          "Brown_York_minus_M": 0.02633403898972464,
          "Komar_minus_M": 0.0,
          "Misner_Sharp_minus_M": 0.0
        },
        "mass_definitions": {
          "ADM_mass": 1.0,
          "Brown_York_energy": 1.0263340389897246,
          "Komar_mass": 1.0,
          "M_parameter": 1.0,
          "Misner_Sharp_mass": 1.0
        }
      }
    },
    {
      "causal_structure": {
        "at_or_outside_horizon": true,
        "brown_york_defined": true,
        "horizon_radius_2M": 2.0,
        "inside_horizon": false
      },
      "coordinates": {
        "r": 50.0
      },
      "curvature_invariants": {},
      "local_observables": {
        "deltas_from_M": {
          "ADM_minus_M": 0.0,
          "Brown_York_minus_M": 0.010205144336440153,
          "Komar_minus_M": 0.0,
          "Misner_Sharp_minus_M": 0.0
        },
        "mass_definitions": {
          "ADM_mass": 1.0,
          "Brown_York_energy": 1.0102051443364402,
          "Komar_mass": 1.0,
          "M_parameter": 1.0,
          "Misner_Sharp_mass": 1.0
        }
      }
    },
    {
      "causal_structure": {
        "at_or_outside_horizon": true,
        "brown_york_defined": true,
        "horizon_radius_2M": 2.0,
        "inside_horizon": false
      },
      "coordinates": {
        "r": 100.0
      },
      "curvature_invariants": {},
      "local_observables": {
        "deltas_from_M": {
          "ADM_minus_M": 0.0,
          "Brown_York_minus_M": 0.005050633883342037,
          "Komar_minus_M": 0.0,
          "Misner_Sharp_minus_M": 0.0
        },
        "mass_definitions": {
          "ADM_mass": 1.0,
          "Brown_York_energy": 1.005050633883342,
          "Komar_mass": 1.0,
          "M_parameter": 1.0,
          "Misner_Sharp_mass": 1.0
        }
      }
    }
  ],
  "spacetime": "Schwarzschild (energy definition comparator)",
  "theory": "General Relativity",
  "toy_id": "046",
  "units": {
    "G": 1,
    "c": 1
  }
}