{
  "notes": {
    "assumptions": [
      "Fixed Schwarzschild geometry (no backreaction)",
      "2D reduction to (t,r*) sector; stress tensor is a 2D conformal anomaly (Polyakov) expectation value",
      "State dependence encoded by constants t_uu, t_vv (Boulware/Unruh/Hartle\u2013Hawking choices)"
    ],
    "domain_of_validity": "Semiclassical proxy only: 2D conformal field on reduced sector, fixed background, no renormalization subtleties beyond Polyakov model, and no 4D graybody factors.",
    "key_equations": {
      "metric_2d": "ds^2 = -f(r) du dv,  f=1-2M/r,  u=t-r*, v=t+r*",
      "polyakov_Tuu": "<T_uu>=-(1/48\u03c0)[(\u03c1')^2-\u03c1'']+t_uu",
      "polyakov_Tuv": "<T_uv>=(1/48\u03c0)\u03c1''",
      "polyakov_Tvv": "<T_vv>=-(1/48\u03c0)[(\u03c1')^2-\u03c1'']+t_vv",
      "rho": "\u03c1=(1/2)ln f,  ' = d/dr* = f d/dr",
      "schw_simplifications": "\u03c1'=M/r^2,  \u03c1''=-2Mf/r^3",
      "static_energy_density_proxy": "\u03c1_static = T_tt / f  (static observer in (t,r*) sector)",
      "surface_gravity": "\u03ba=1/(4M),  t_thermal=\u03ba^2/(48\u03c0)"
    },
    "pressure_point": "The semiclassical stress-energy is not determined by the metric alone: different quantum states produce different \u27e8T_ab\u27e9, changing horizon regularity and energy densities for observers. This thickens the classical 'failure boundary' into a state-dependent one."
  },
  "observables": {
    "horizon_regularization_proxy": {
      "by_state": {
        "Boulware": {
          "T_uu_total_at_r_probe": -0.0004144659727754718,
          "T_vv_total_at_r_probe": -0.0004144659727754718,
          "f(r_probe)": 9.999000099991662e-05,
          "note": "Future-horizon regularity in this 2D model corresponds to T_uu\u21920 as r\u21922M+ (for appropriate state)."
        },
        "HartleHawking": {
          "T_uu_total_at_r_probe": 2.4859672317651543e-11,
          "T_vv_total_at_r_probe": 2.4859672317651543e-11,
          "f(r_probe)": 9.999000099991662e-05,
          "note": "Future-horizon regularity in this 2D model corresponds to T_uu\u21920 as r\u21922M+ (for appropriate state)."
        },
        "Unruh": {
          "T_uu_total_at_r_probe": 2.4859672317651543e-11,
          "T_vv_total_at_r_probe": -0.0004144659727754718,
          "f(r_probe)": 9.999000099991662e-05,
          "note": "Future-horizon regularity in this 2D model corresponds to T_uu\u21920 as r\u21922M+ (for appropriate state)."
        }
      },
      "eps_horizon": 0.0001,
      "r_probe": 2.0002
    },
    "interpretation": {
      "expected_behavior": {
        "Boulware": "No flux at infinity; near-horizon stress typically problematic/divergent in 4D; in this 2D proxy T_uu does not cancel at r\u21922M.",
        "HartleHawking": "Thermal bath; cancels near-horizon anomaly in both T_uu and T_vv in this 2D proxy.",
        "Unruh": "Outgoing thermal flux; future-horizon regularity achieved by canceling the anomaly term in T_uu near r\u21922M."
      }
    }
  },
  "parameters": {
    "M": 1.0,
    "eps_horizon_probe": 0.0001,
    "kappa_surface_gravity": 0.25,
    "r_values": [
      2.001,
      2.01,
      2.05,
      2.1,
      2.5,
      3.0,
      5.0,
      10.0
    ],
    "states": {
      "Boulware": {
        "t_uu": 0.0,
        "t_vv": 0.0
      },
      "HartleHawking": {
        "t_uu": 0.00041446599763514413,
        "t_vv": 0.00041446599763514413
      },
      "Unruh": {
        "t_uu": 0.00041446599763514413,
        "t_vv": 0.0
      }
    }
  },
  "sample_points": [
    {
      "causal_structure": {
        "horizon_radius_2M": 2.0,
        "near_horizon": true,
        "note": "Different quantum states correspond to different integration constants (t_uu,t_vv) and change near-horizon behavior.",
        "r_minus_2M": 0.0009999999999998899,
        "state_dependence": true
      },
      "coordinates": {
        "r": 2.001,
        "r_star": null,
        "t": null,
        "u": null,
        "v": null
      },
      "curvature_invariants": {
        "kretschmann": 0.7477539322559006,
        "note": "Curvature invariants are 4D Schwarzschild vacuum values; stress tensor here is a 2D semiclassical proxy on (t,r*).",
        "ricci_scalar": 0.0
      },
      "local_observables": {
        "T_uv_anomaly": -8.272762015392089e-07,
        "anomaly_base_A": -0.0004144653769711481,
        "by_state": {
          "Boulware": {
            "null_components": {
              "T_uu": -0.0004144653769711481,
              "T_uv": -8.272762015392089e-07,
              "T_vv": -0.0004144653769711481
            },
            "rho_static_Ttt_over_f": -1.6620011979971125,
            "t_constants": {
              "t_uu": 0.0,
              "t_vv": 0.0
            },
            "trstar_components": {
              "T_rstar_rstar": -0.0008272762015392178,
              "T_t_rstar": 0.0,
              "T_tt": -0.0008305853063453745
            }
          },
          "HartleHawking": {
            "null_components": {
              "T_uu": 6.206639960554088e-10,
              "T_uv": -8.272762015392089e-07,
              "T_vv": 6.206639960554088e-10
            },
            "rho_static_Ttt_over_f": -0.003308275461247736,
            "t_constants": {
              "t_uu": 0.00041446599763514413,
              "t_vv": 0.00041446599763514413
            },
            "trstar_components": {
              "T_rstar_rstar": 1.6557937310705285e-06,
              "T_t_rstar": 0.0,
              "T_tt": -1.653311075086307e-06
            }
          },
          "Unruh": {
            "null_components": {
              "T_uu": 6.206639960554088e-10,
              "T_uv": -8.272762015392089e-07,
              "T_vv": -0.0004144653769711481
            },
            "rho_static_Ttt_over_f": -0.8326547367291802,
            "t_constants": {
              "t_uu": 0.00041446599763514413,
              "t_vv": 0.0
            },
            "trstar_components": {
              "T_rstar_rstar": -0.0004128102039040736,
              "T_t_rstar": -0.00041446599763514413,
              "T_tt": -0.00041611930871023045
            }
          }
        },
        "f": 0.0004997501249375258,
        "rho": -3.800701167291872,
        "rho_double_prime_drstar2": -0.0001247503121877719,
        "rho_prime_drstar": 0.2497501873750781
      }
    },
    {
      "causal_structure": {
        "horizon_radius_2M": 2.0,
        "near_horizon": true,
        "note": "Different quantum states correspond to different integration constants (t_uu,t_vv) and change near-horizon behavior.",
        "r_minus_2M": 0.009999999999999787,
        "state_dependence": true
      },
      "coordinates": {
        "r": 2.01,
        "r_star": null,
        "t": null,
        "u": null,
        "v": null
      },
      "curvature_invariants": {
        "kretschmann": 0.7278885584772434,
        "note": "Curvature invariants are 4D Schwarzschild vacuum values; stress tensor here is a 2D semiclassical proxy on (t,r*).",
        "ricci_scalar": 0.0
      },
      "local_observables": {
        "T_uv_anomaly": -8.12558534022595e-06,
        "anomaly_base_A": -0.0004144048523515344,
        "by_state": {
          "Boulware": {
            "null_components": {
              "T_uu": -0.0004144048523515344,
              "T_uv": -8.12558534022595e-06,
              "T_vv": -0.0004144048523515344
            },
            "rho_static_Ttt_over_f": -0.16985723595209223,
            "t_constants": {
              "t_uu": 0.0,
              "t_vv": 0.0
            },
            "trstar_components": {
              "T_rstar_rstar": -0.0008125585340226169,
              "T_t_rstar": 0.0,
              "T_tt": -0.0008450608753835207
            }
          },
          "HartleHawking": {
            "null_components": {
              "T_uu": 6.114528360972584e-08,
              "T_uv": -8.12558534022595e-06,
              "T_vv": 6.114528360972584e-08
            },
            "rho_static_Ttt_over_f": -0.003241904902759809,
            "t_constants": {
              "t_uu": 0.00041446599763514413,
              "t_vv": 0.00041446599763514413
            },
            "trstar_components": {
              "T_rstar_rstar": 1.637346124767135e-05,
              "T_t_rstar": 0.0,
              "T_tt": -1.6128880113232448e-05
            }
          },
          "Unruh": {
            "null_components": {
              "T_uu": 6.114528360972584e-08,
              "T_uv": -8.12558534022595e-06,
              "T_vv": -0.0004144048523515344
            },
            "rho_static_Ttt_over_f": -0.08654957042742602,
            "t_constants": {
              "t_uu": 0.00041446599763514413,
              "t_vv": 0.0
            },
            "trstar_components": {
              "T_rstar_rstar": -0.0003980925363874728,
              "T_t_rstar": -0.00041446599763514413,
              "T_tt": -0.00043059487774837655
            }
          }
        },
        "f": 0.004975124378109319,
        "rho": -2.651652454029551,
        "rho_double_prime_drstar2": -0.0012253094021265965,
        "rho_prime_drstar": 0.24751862577658976
      }
    },
    {
      "causal_structure": {
        "horizon_radius_2M": 2.0,
        "near_horizon": true,
        "note": "Different quantum states correspond to different integration constants (t_uu,t_vv) and change near-horizon behavior.",
        "r_minus_2M": 0.04999999999999982,
        "state_dependence": true
      },
      "coordinates": {
        "r": 2.05,
        "r_star": null,
        "t": null,
        "u": null,
        "v": null
      },
      "curvature_invariants": {
        "kretschmann": 0.6467226494703786,
        "note": "Curvature invariants are 4D Schwarzschild vacuum values; stress tensor here is a 2D semiclassical proxy on (t,r*).",
        "ricci_scalar": 0.0
      },
      "local_observables": {
        "T_uv_anomaly": -3.754857378051312e-05,
        "anomaly_base_A": -0.00041303431158564563,
        "by_state": {
          "Boulware": {
            "null_components": {
              "T_uu": -0.00041303431158564563,
              "T_uv": -3.754857378051312e-05,
              "T_vv": -0.00041303431158564563
            },
            "rho_static_Ttt_over_f": -0.03694779660002515,
            "t_constants": {
              "t_uu": 0.0,
              "t_vv": 0.0
            },
            "trstar_components": {
              "T_rstar_rstar": -0.0007509714756102651,
              "T_t_rstar": 0.0,
              "T_tt": -0.0009011657707323175
            }
          },
          "HartleHawking": {
            "null_components": {
              "T_uu": 1.4316860494984949e-06,
              "T_uv": -3.754857378051312e-05,
              "T_vv": 1.4316860494984949e-06
            },
            "rho_static_Ttt_over_f": -0.00296158479394321,
            "t_constants": {
              "t_uu": 0.00041446599763514413,
              "t_vv": 0.00041446599763514413
            },
            "trstar_components": {
              "T_rstar_rstar": 7.796051966002323e-05,
              "T_t_rstar": 0.0,
              "T_tt": -7.223377546202925e-05
            }
          },
          "Unruh": {
            "null_components": {
              "T_uu": 1.4316860494984949e-06,
              "T_uv": -3.754857378051312e-05,
              "T_vv": -0.00041303431158564563
            },
            "rho_static_Ttt_over_f": -0.01995469069698418,
            "t_constants": {
              "t_uu": 0.00041446599763514413,
              "t_vv": 0.0
            },
            "trstar_components": {
              "T_rstar_rstar": -0.0003365054779751209,
              "T_t_rstar": -0.00041446599763514413,
              "T_tt": -0.00048669977309717335
            }
          }
        },
        "f": 0.024390243902438935,
        "rho": -1.8567860333521558,
        "rho_double_prime_drstar2": -0.005662191529998448,
        "rho_prime_drstar": 0.2379535990481856
      }
    },
    {
      "causal_structure": {
        "horizon_radius_2M": 2.0,
        "near_horizon": false,
        "note": "Different quantum states correspond to different integration constants (t_uu,t_vv) and change near-horizon behavior.",
        "r_minus_2M": 0.10000000000000009,
        "state_dependence": true
      },
      "coordinates": {
        "r": 2.1,
        "r_star": null,
        "t": null,
        "u": null,
        "v": null
      },
      "curvature_invariants": {
        "kretschmann": 0.5596615474774705,
        "note": "Curvature invariants are 4D Schwarzschild vacuum values; stress tensor here is a 2D semiclassical proxy on (t,r*).",
        "ricci_scalar": 0.0
      },
      "local_observables": {
        "T_uv_anomaly": -6.819644039430395e-05,
        "anomaly_base_A": -0.00040917864236582324,
        "by_state": {
          "Boulware": {
            "null_components": {
              "T_uu": -0.00040917864236582324,
              "T_uv": -6.819644039430395e-05,
              "T_vv": -0.00040917864236582324
            },
            "rho_static_Ttt_over_f": -0.02004975347592532,
            "t_constants": {
              "t_uu": 0.0,
              "t_vv": 0.0
            },
            "trstar_components": {
              "T_rstar_rstar": -0.0006819644039430386,
              "T_t_rstar": 0.0,
              "T_tt": -0.0009547501655202544
            }
          },
          "HartleHawking": {
            "null_components": {
              "T_uu": 5.287355269320885e-06,
              "T_uv": -6.819644039430395e-05,
              "T_vv": 5.287355269320885e-06
            },
            "rho_static_Ttt_over_f": -0.0026421815752492857,
            "t_constants": {
              "t_uu": 0.00041446599763514413,
              "t_vv": 0.00041446599763514413
            },
            "trstar_components": {
              "T_rstar_rstar": 0.00014696759132724966,
              "T_t_rstar": 0.0,
              "T_tt": -0.00012581817024996612
            }
          },
          "Unruh": {
            "null_components": {
              "T_uu": 5.287355269320885e-06,
              "T_uv": -6.819644039430395e-05,
              "T_vv": -0.00040917864236582324
            },
            "rho_static_Ttt_over_f": -0.011345967525587303,
            "t_constants": {
              "t_uu": 0.00041446599763514413,
              "t_vv": 0.0
            },
            "trstar_components": {
              "T_rstar_rstar": -0.00026749840630789447,
              "T_t_rstar": -0.00041446599763514413,
              "T_tt": -0.0005402841678851103
            }
          }
        },
        "f": 0.04761904761904767,
        "rho": -1.5222612188617108,
        "rho_double_prime_drstar2": -0.010283780934898535,
        "rho_prime_drstar": 0.22675736961451246
      }
    },
    {
      "causal_structure": {
        "horizon_radius_2M": 2.0,
        "near_horizon": false,
        "note": "Different quantum states correspond to different integration constants (t_uu,t_vv) and change near-horizon behavior.",
        "r_minus_2M": 0.5,
        "state_dependence": true
      },
      "coordinates": {
        "r": 2.5,
        "r_star": null,
        "t": null,
        "u": null,
        "v": null
      },
      "curvature_invariants": {
        "kretschmann": 0.196608,
        "note": "Curvature invariants are 4D Schwarzschild vacuum values; stress tensor here is a 2D semiclassical proxy on (t,r*).",
        "ricci_scalar": 0.0
      },
      "local_observables": {
        "T_uv_anomaly": -0.000169765272631355,
        "anomaly_base_A": -0.00033953054526271003,
        "by_state": {
          "Boulware": {
            "null_components": {
              "T_uu": -0.00033953054526271003,
              "T_uv": -0.000169765272631355,
              "T_vv": -0.00033953054526271003
            },
            "rho_static_Ttt_over_f": -0.005092958178940652,
            "t_constants": {
              "t_uu": 0.0,
              "t_vv": 0.0
            },
            "trstar_components": {
              "T_rstar_rstar": -0.0003395305452627101,
              "T_t_rstar": 0.0,
              "T_tt": -0.0010185916357881302
            }
          },
          "HartleHawking": {
            "null_components": {
              "T_uu": 7.49354523724341e-05,
              "T_uv": -0.000169765272631355,
              "T_vv": 7.49354523724341e-05
            },
            "rho_static_Ttt_over_f": -0.0009482982025892092,
            "t_constants": {
              "t_uu": 0.00041446599763514413,
              "t_vv": 0.00041446599763514413
            },
            "trstar_components": {
              "T_rstar_rstar": 0.0004894014500075782,
              "T_t_rstar": 0.0,
              "T_tt": -0.0001896596405178418
            }
          },
          "Unruh": {
            "null_components": {
              "T_uu": 7.49354523724341e-05,
              "T_uv": -0.000169765272631355,
              "T_vv": -0.00033953054526271003
            },
            "rho_static_Ttt_over_f": -0.0030206281907649304,
            "t_constants": {
              "t_uu": 0.00041446599763514413,
              "t_vv": 0.0
            },
            "trstar_components": {
              "T_rstar_rstar": 7.493545237243404e-05,
              "T_t_rstar": -0.00041446599763514413,
              "T_tt": -0.0006041256381529859
            }
          }
        },
        "f": 0.19999999999999996,
        "rho": -0.8047189562170503,
        "rho_double_prime_drstar2": -0.025599999999999994,
        "rho_prime_drstar": 0.16
      }
    },
    {
      "causal_structure": {
        "horizon_radius_2M": 2.0,
        "near_horizon": false,
        "note": "Different quantum states correspond to different integration constants (t_uu,t_vv) and change near-horizon behavior.",
        "r_minus_2M": 1.0,
        "state_dependence": true
      },
      "coordinates": {
        "r": 3.0,
        "r_star": null,
        "t": null,
        "u": null,
        "v": null
      },
      "curvature_invariants": {
        "kretschmann": 0.06584362139917696,
        "note": "Curvature invariants are 4D Schwarzschild vacuum values; stress tensor here is a 2D semiclassical proxy on (t,r*).",
        "ricci_scalar": 0.0
      },
      "local_observables": {
        "T_uv_anomaly": -0.00016373965338672362,
        "anomaly_base_A": -0.00024560948008008537,
        "by_state": {
          "Boulware": {
            "null_components": {
              "T_uu": -0.00024560948008008537,
              "T_uv": -0.00016373965338672362,
              "T_vv": -0.00024560948008008537
            },
            "rho_static_Ttt_over_f": -0.002456094800800854,
            "t_constants": {
              "t_uu": 0.0,
              "t_vv": 0.0
            },
            "trstar_components": {
              "T_rstar_rstar": -0.0001637396533867235,
              "T_t_rstar": 0.0,
              "T_tt": -0.000818698266933618
            }
          },
          "HartleHawking": {
            "null_components": {
              "T_uu": 0.00016885651755505876,
              "T_uv": -0.00016373965338672362,
              "T_vv": 0.00016885651755505876
            },
            "rho_static_Ttt_over_f": 3.0701185010010834e-05,
            "t_constants": {
              "t_uu": 0.00041446599763514413,
              "t_vv": 0.00041446599763514413
            },
            "trstar_components": {
              "T_rstar_rstar": 0.0006651923418835647,
              "T_t_rstar": 0.0,
              "T_tt": 1.023372833667028e-05
            }
          },
          "Unruh": {
            "null_components": {
              "T_uu": 0.00016885651755505876,
              "T_uv": -0.00016373965338672362,
              "T_vv": -0.00024560948008008537
            },
            "rho_static_Ttt_over_f": -0.0012126968078954214,
            "t_constants": {
              "t_uu": 0.00041446599763514413,
              "t_vv": 0.0
            },
            "trstar_components": {
              "T_rstar_rstar": 0.0002507263442484206,
              "T_t_rstar": -0.00041446599763514413,
              "T_tt": -0.00040423226929847385
            }
          }
        },
        "f": 0.33333333333333337,
        "rho": -0.5493061443340548,
        "rho_double_prime_drstar2": -0.02469135802469136,
        "rho_prime_drstar": 0.1111111111111111
      }
    },
    {
      "causal_structure": {
        "horizon_radius_2M": 2.0,
        "near_horizon": false,
        "note": "Different quantum states correspond to different integration constants (t_uu,t_vv) and change near-horizon behavior.",
        "r_minus_2M": 3.0,
        "state_dependence": true
      },
      "coordinates": {
        "r": 5.0,
        "r_star": null,
        "t": null,
        "u": null,
        "v": null
      },
      "curvature_invariants": {
        "kretschmann": 0.003072,
        "note": "Curvature invariants are 4D Schwarzschild vacuum values; stress tensor here is a 2D semiclassical proxy on (t,r*).",
        "ricci_scalar": 0.0
      },
      "local_observables": {
        "T_uv_anomaly": -6.366197723675813e-05,
        "anomaly_base_A": -7.427230677621783e-05,
        "by_state": {
          "Boulware": {
            "null_components": {
              "T_uu": -7.427230677621783e-05,
              "T_uv": -6.366197723675813e-05,
              "T_vv": -7.427230677621783e-05
            },
            "rho_static_Ttt_over_f": -0.0004597809467099199,
            "t_constants": {
              "t_uu": 0.0,
              "t_vv": 0.0
            },
            "trstar_components": {
              "T_rstar_rstar": -2.1220659078919387e-05,
              "T_t_rstar": 0.0,
              "T_tt": -0.0002758685680259519
            }
          },
          "HartleHawking": {
            "null_components": {
              "T_uu": 0.0003401936908589263,
              "T_uv": -6.366197723675813e-05,
              "T_vv": 0.0003401936908589263
            },
            "rho_static_Ttt_over_f": 0.0009217723787405607,
            "t_constants": {
              "t_uu": 0.00041446599763514413,
              "t_vv": 0.00041446599763514413
            },
            "trstar_components": {
              "T_rstar_rstar": 0.0008077113361913688,
              "T_t_rstar": 0.0,
              "T_tt": 0.0005530634272443364
            }
          },
          "Unruh": {
            "null_components": {
              "T_uu": 0.0003401936908589263,
              "T_uv": -6.366197723675813e-05,
              "T_vv": -7.427230677621783e-05
            },
            "rho_static_Ttt_over_f": 0.00023099571601532034,
            "t_constants": {
              "t_uu": 0.00041446599763514413,
              "t_vv": 0.0
            },
            "trstar_components": {
              "T_rstar_rstar": 0.00039324533855622474,
              "T_t_rstar": -0.00041446599763514413,
              "T_tt": 0.0001385974296091922
            }
          }
        },
        "f": 0.6,
        "rho": -0.25541281188299536,
        "rho_double_prime_drstar2": -0.0096,
        "rho_prime_drstar": 0.04
      }
    },
    {
      "causal_structure": {
        "horizon_radius_2M": 2.0,
        "near_horizon": false,
        "note": "Different quantum states correspond to different integration constants (t_uu,t_vv) and change near-horizon behavior.",
        "r_minus_2M": 8.0,
        "state_dependence": true
      },
      "coordinates": {
        "r": 10.0,
        "r_star": null,
        "t": null,
        "u": null,
        "v": null
      },
      "curvature_invariants": {
        "kretschmann": 4.8e-05,
        "note": "Curvature invariants are 4D Schwarzschild vacuum values; stress tensor here is a 2D semiclassical proxy on (t,r*).",
        "ricci_scalar": 0.0
      },
      "local_observables": {
        "T_uv_anomaly": -1.061032953945969e-05,
        "anomaly_base_A": -1.1273475135675921e-05,
        "by_state": {
          "Boulware": {
            "null_components": {
              "T_uu": -1.1273475135675921e-05,
              "T_uv": -1.061032953945969e-05,
              "T_vv": -1.1273475135675921e-05
            },
            "rho_static_Ttt_over_f": -5.470951168783903e-05,
            "t_constants": {
              "t_uu": 0.0,
              "t_vv": 0.0
            },
            "trstar_components": {
              "T_rstar_rstar": -1.3262911924324617e-06,
              "T_t_rstar": 0.0,
              "T_tt": -4.3767609350271226e-05
            }
          },
          "HartleHawking": {
            "null_components": {
              "T_uu": 0.0004031925224994682,
              "T_uv": -1.061032953945969e-05,
              "T_vv": 0.0004031925224994682
            },
            "rho_static_Ttt_over_f": 0.0009814554824000212,
            "t_constants": {
              "t_uu": 0.00041446599763514413,
              "t_vv": 0.00041446599763514413
            },
            "trstar_components": {
              "T_rstar_rstar": 0.0008276057040778557,
              "T_t_rstar": 0.0,
              "T_tt": 0.0007851643859200171
            }
          },
          "Unruh": {
            "null_components": {
              "T_uu": 0.0004031925224994682,
              "T_uv": -1.061032953945969e-05,
              "T_vv": -1.1273475135675921e-05
            },
            "rho_static_Ttt_over_f": 0.0004633729853560911,
            "t_constants": {
              "t_uu": 0.00041446599763514413,
              "t_vv": 0.0
            },
            "trstar_components": {
              "T_rstar_rstar": 0.00041313970644271165,
              "T_t_rstar": -0.00041446599763514413,
              "T_tt": 0.0003706983882848729
            }
          }
        },
        "f": 0.8,
        "rho": -0.11157177565710485,
        "rho_double_prime_drstar2": -0.0016,
        "rho_prime_drstar": 0.01
      }
    }
  ],
  "spacetime": "Schwarzschild (fixed background), sampled outside the horizon",
  "theory": "Semiclassical GR (2D Polyakov stress tensor proxy)",
  "toy_id": "061",
  "units": {
    "G": 1,
    "c": 1
  }
}