{
  "notes": {
    "domain_of_validity": "Exact Kerr vacuum geodesics; thin-disk efficiency is an idealized proxy (ignores radiation capture, disk thickness, magnetic torques, etc.).",
    "key_formulas": {
      "E_circular": "E(r) = (r^(3/2)-2Mr^(1/2) \u00b1 aM^(1/2)) / (r^(3/4)*sqrt(r^(3/2)-3Mr^(1/2) \u00b1 2aM^(1/2)))",
      "efficiency": "\u03b7 \u2248 1 - E_ISCO",
      "ergosphere_equator": "r_erg(\u03c0/2)=2M",
      "horizon": "r_+ = M + sqrt(M^2 - a^2) (if |a|<=M)",
      "isco_radii": "Bardeen-Press-Teukolsky analytic r_ISCO(a_*) via Z1, Z2"
    },
    "pressure_point": "Rotation changes the innermost stable orbit and thus the maximum available binding energy. This maps a geometric parameter (a/M) into an observational proxy (efficiency)."
  },
  "observables": {
    "summary": {
      "comment": "Compare \u03b7(aligned) vs \u03b7(antialigned) across a/M samples to see spin-driven energy budget shift."
    }
  },
  "parameters": {
    "M": 1.0,
    "a_values_sampled": [
      -0.99,
      -0.9,
      -0.7,
      -0.5,
      0.0,
      0.5,
      0.7,
      0.9,
      0.99
    ],
    "theta_fixed": "pi/2 (equator)"
  },
  "sample_points": [
    {
      "causal_structure": {
        "interpretation": "Spin moves the stability boundary (ISCO). For large |a|, aligned ISCO approaches the horizon; antialigned ISCO moves outward. Efficiency tracks E_ISCO.",
        "radial_null_cone_dr_dt": null,
        "region_tests": {
          "isco_minus_r_erg_eq": -0.5455020619403284,
          "isco_minus_r_plus": 0.3134305782630127,
          "isco_outside_equatorial_ergosurface": false,
          "isco_outside_outer_horizon": true
        }
      },
      "coordinates": {
        "a": -0.99,
        "a_over_M": -0.99,
        "branch": "aligned",
        "theta": 1.5707963267948966
      },
      "curvature_invariants": {
        "kretschmann_at_isco_equator": 5.069470239863214,
        "note": "K evaluated at ISCO on equator (\u03b8=\u03c0/2). If ISCO undefined, null.",
        "ricci_scalar": 0.0
      },
      "local_observables": {
        "isco": {
          "E_isco_specific_energy": 0.735969899883736,
          "branch_definition": "aligned=prograde relative to spin; antialigned=retrograde relative to spin",
          "notes": "\u03b7 here is the ideal geodesic binding-energy estimate (ignores photon capture, MHD stresses).",
          "r_isco": 1.4544979380596716,
          "thin_disk_efficiency_eta_approx_1_minus_E": 0.26403010011626404
        },
        "spin": {
          "M": 1.0,
          "a": -0.99,
          "a_over_M": -0.99,
          "black_hole_condition_abs_a_le_M": true
        },
        "surfaces": {
          "equatorial_ergosurface_r_erg": 2.0,
          "outer_horizon_r_plus": 1.141067359796659
        }
      }
    },
    {
      "causal_structure": {
        "interpretation": "Spin moves the stability boundary (ISCO). For large |a|, aligned ISCO approaches the horizon; antialigned ISCO moves outward. Efficiency tracks E_ISCO.",
        "radial_null_cone_dr_dt": null,
        "region_tests": {
          "isco_minus_r_erg_eq": 6.971861342546969,
          "isco_minus_r_plus": 7.83079398275031,
          "isco_outside_equatorial_ergosurface": true,
          "isco_outside_outer_horizon": true
        }
      },
      "coordinates": {
        "a": -0.99,
        "a_over_M": -0.99,
        "branch": "antialigned",
        "theta": 1.5707963267948966
      },
      "curvature_invariants": {
        "kretschmann_at_isco_equator": 9.203349587891023e-05,
        "note": "K evaluated at ISCO on equator (\u03b8=\u03c0/2). If ISCO undefined, null.",
        "ricci_scalar": 0.0
      },
      "local_observables": {
        "isco": {
          "E_isco_specific_energy": 0.962129723937538,
          "branch_definition": "aligned=prograde relative to spin; antialigned=retrograde relative to spin",
          "notes": "\u03b7 here is the ideal geodesic binding-energy estimate (ignores photon capture, MHD stresses).",
          "r_isco": 8.971861342546969,
          "thin_disk_efficiency_eta_approx_1_minus_E": 0.03787027606246196
        },
        "spin": {
          "M": 1.0,
          "a": -0.99,
          "a_over_M": -0.99,
          "black_hole_condition_abs_a_le_M": true
        },
        "surfaces": {
          "equatorial_ergosurface_r_erg": 2.0,
          "outer_horizon_r_plus": 1.141067359796659
        }
      }
    },
    {
      "causal_structure": {
        "interpretation": "Spin moves the stability boundary (ISCO). For large |a|, aligned ISCO approaches the horizon; antialigned ISCO moves outward. Efficiency tracks E_ISCO.",
        "radial_null_cone_dr_dt": null,
        "region_tests": {
          "isco_minus_r_erg_eq": 0.3208830417618871,
          "isco_minus_r_plus": 0.8849931474078199,
          "isco_outside_equatorial_ergosurface": true,
          "isco_outside_outer_horizon": true
        }
      },
      "coordinates": {
        "a": -0.9,
        "a_over_M": -0.9,
        "branch": "aligned",
        "theta": 1.5707963267948966
      },
      "curvature_invariants": {
        "kretschmann_at_isco_equator": 0.30712962250947823,
        "note": "K evaluated at ISCO on equator (\u03b8=\u03c0/2). If ISCO undefined, null.",
        "ricci_scalar": 0.0
      },
      "local_observables": {
        "isco": {
          "E_isco_specific_energy": 0.844247008005536,
          "branch_definition": "aligned=prograde relative to spin; antialigned=retrograde relative to spin",
          "notes": "\u03b7 here is the ideal geodesic binding-energy estimate (ignores photon capture, MHD stresses).",
          "r_isco": 2.320883041761887,
          "thin_disk_efficiency_eta_approx_1_minus_E": 0.15575299199446402
        },
        "spin": {
          "M": 1.0,
          "a": -0.9,
          "a_over_M": -0.9,
          "black_hole_condition_abs_a_le_M": true
        },
        "surfaces": {
          "equatorial_ergosurface_r_erg": 2.0,
          "outer_horizon_r_plus": 1.4358898943540672
        }
      }
    },
    {
      "causal_structure": {
        "interpretation": "Spin moves the stability boundary (ISCO). For large |a|, aligned ISCO approaches the horizon; antialigned ISCO moves outward. Efficiency tracks E_ISCO.",
        "radial_null_cone_dr_dt": null,
        "region_tests": {
          "isco_minus_r_erg_eq": 6.717352279606489,
          "isco_minus_r_plus": 7.281462385252421,
          "isco_outside_equatorial_ergosurface": true,
          "isco_outside_outer_horizon": true
        }
      },
      "coordinates": {
        "a": -0.9,
        "a_over_M": -0.9,
        "branch": "antialigned",
        "theta": 1.5707963267948966
      },
      "curvature_invariants": {
        "kretschmann_at_isco_equator": 0.0001093789265532871,
        "note": "K evaluated at ISCO on equator (\u03b8=\u03c0/2). If ISCO undefined, null.",
        "ricci_scalar": 0.0
      },
      "local_observables": {
        "isco": {
          "E_isco_specific_energy": 0.961001654354718,
          "branch_definition": "aligned=prograde relative to spin; antialigned=retrograde relative to spin",
          "notes": "\u03b7 here is the ideal geodesic binding-energy estimate (ignores photon capture, MHD stresses).",
          "r_isco": 8.717352279606489,
          "thin_disk_efficiency_eta_approx_1_minus_E": 0.03899834564528204
        },
        "spin": {
          "M": 1.0,
          "a": -0.9,
          "a_over_M": -0.9,
          "black_hole_condition_abs_a_le_M": true
        },
        "surfaces": {
          "equatorial_ergosurface_r_erg": 2.0,
          "outer_horizon_r_plus": 1.4358898943540672
        }
      }
    },
    {
      "causal_structure": {
        "interpretation": "Spin moves the stability boundary (ISCO). For large |a|, aligned ISCO approaches the horizon; antialigned ISCO moves outward. Efficiency tracks E_ISCO.",
        "radial_null_cone_dr_dt": null,
        "region_tests": {
          "isco_minus_r_erg_eq": 1.3931284701816304,
          "isco_minus_r_plus": 1.6789856273273456,
          "isco_outside_equatorial_ergosurface": true,
          "isco_outside_outer_horizon": true
        }
      },
      "coordinates": {
        "a": -0.7,
        "a_over_M": -0.7,
        "branch": "aligned",
        "theta": 1.5707963267948966
      },
      "curvature_invariants": {
        "kretschmann_at_isco_equator": 0.031451359185886395,
        "note": "K evaluated at ISCO on equator (\u03b8=\u03c0/2). If ISCO undefined, null.",
        "ricci_scalar": 0.0
      },
      "local_observables": {
        "isco": {
          "E_isco_specific_energy": 0.8963952722477011,
          "branch_definition": "aligned=prograde relative to spin; antialigned=retrograde relative to spin",
          "notes": "\u03b7 here is the ideal geodesic binding-energy estimate (ignores photon capture, MHD stresses).",
          "r_isco": 3.3931284701816304,
          "thin_disk_efficiency_eta_approx_1_minus_E": 0.1036047277522989
        },
        "spin": {
          "M": 1.0,
          "a": -0.7,
          "a_over_M": -0.7,
          "black_hole_condition_abs_a_le_M": true
        },
        "surfaces": {
          "equatorial_ergosurface_r_erg": 2.0,
          "outer_horizon_r_plus": 1.7141428428542849
        }
      }
    },
    {
      "causal_structure": {
        "interpretation": "Spin moves the stability boundary (ISCO). For large |a|, aligned ISCO approaches the horizon; antialigned ISCO moves outward. Efficiency tracks E_ISCO.",
        "radial_null_cone_dr_dt": null,
        "region_tests": {
          "isco_minus_r_erg_eq": 6.142965464834315,
          "isco_minus_r_plus": 6.42882262198003,
          "isco_outside_equatorial_ergosurface": true,
          "isco_outside_outer_horizon": true
        }
      },
      "coordinates": {
        "a": -0.7,
        "a_over_M": -0.7,
        "branch": "antialigned",
        "theta": 1.5707963267948966
      },
      "curvature_invariants": {
        "kretschmann_at_isco_equator": 0.0001646439132838144,
        "note": "K evaluated at ISCO on equator (\u03b8=\u03c0/2). If ISCO undefined, null.",
        "ricci_scalar": 0.0
      },
      "local_observables": {
        "isco": {
          "E_isco_specific_energy": 0.9581908703729797,
          "branch_definition": "aligned=prograde relative to spin; antialigned=retrograde relative to spin",
          "notes": "\u03b7 here is the ideal geodesic binding-energy estimate (ignores photon capture, MHD stresses).",
          "r_isco": 8.142965464834315,
          "thin_disk_efficiency_eta_approx_1_minus_E": 0.041809129627020325
        },
        "spin": {
          "M": 1.0,
          "a": -0.7,
          "a_over_M": -0.7,
          "black_hole_condition_abs_a_le_M": true
        },
        "surfaces": {
          "equatorial_ergosurface_r_erg": 2.0,
          "outer_horizon_r_plus": 1.7141428428542849
        }
      }
    },
    {
      "causal_structure": {
        "interpretation": "Spin moves the stability boundary (ISCO). For large |a|, aligned ISCO approaches the horizon; antialigned ISCO moves outward. Efficiency tracks E_ISCO.",
        "radial_null_cone_dr_dt": null,
        "region_tests": {
          "isco_minus_r_erg_eq": 2.2330025295308262,
          "isco_minus_r_plus": 2.366977125746388,
          "isco_outside_equatorial_ergosurface": true,
          "isco_outside_outer_horizon": true
        }
      },
      "coordinates": {
        "a": -0.5,
        "a_over_M": -0.5,
        "branch": "aligned",
        "theta": 1.5707963267948966
      },
      "curvature_invariants": {
        "kretschmann_at_isco_equator": 0.008343534563933452,
        "note": "K evaluated at ISCO on equator (\u03b8=\u03c0/2). If ISCO undefined, null.",
        "ricci_scalar": 0.0
      },
      "local_observables": {
        "isco": {
          "E_isco_specific_energy": 0.9178820066607759,
          "branch_definition": "aligned=prograde relative to spin; antialigned=retrograde relative to spin",
          "notes": "\u03b7 here is the ideal geodesic binding-energy estimate (ignores photon capture, MHD stresses).",
          "r_isco": 4.233002529530826,
          "thin_disk_efficiency_eta_approx_1_minus_E": 0.0821179933392241
        },
        "spin": {
          "M": 1.0,
          "a": -0.5,
          "a_over_M": -0.5,
          "black_hole_condition_abs_a_le_M": true
        },
        "surfaces": {
          "equatorial_ergosurface_r_erg": 2.0,
          "outer_horizon_r_plus": 1.8660254037844386
        }
      }
    },
    {
      "causal_structure": {
        "interpretation": "Spin moves the stability boundary (ISCO). For large |a|, aligned ISCO approaches the horizon; antialigned ISCO moves outward. Efficiency tracks E_ISCO.",
        "radial_null_cone_dr_dt": null,
        "region_tests": {
          "isco_minus_r_erg_eq": 5.554584714512358,
          "isco_minus_r_plus": 5.6885593107279195,
          "isco_outside_equatorial_ergosurface": true,
          "isco_outside_outer_horizon": true
        }
      },
      "coordinates": {
        "a": -0.5,
        "a_over_M": -0.5,
        "branch": "antialigned",
        "theta": 1.5707963267948966
      },
      "curvature_invariants": {
        "kretschmann_at_isco_equator": 0.0002582127386012349,
        "note": "K evaluated at ISCO on equator (\u03b8=\u03c0/2). If ISCO undefined, null.",
        "ricci_scalar": 0.0
      },
      "local_observables": {
        "isco": {
          "E_isco_specific_energy": 0.9548577730472761,
          "branch_definition": "aligned=prograde relative to spin; antialigned=retrograde relative to spin",
          "notes": "\u03b7 here is the ideal geodesic binding-energy estimate (ignores photon capture, MHD stresses).",
          "r_isco": 7.554584714512358,
          "thin_disk_efficiency_eta_approx_1_minus_E": 0.04514222695272385
        },
        "spin": {
          "M": 1.0,
          "a": -0.5,
          "a_over_M": -0.5,
          "black_hole_condition_abs_a_le_M": true
        },
        "surfaces": {
          "equatorial_ergosurface_r_erg": 2.0,
          "outer_horizon_r_plus": 1.8660254037844386
        }
      }
    },
    {
      "causal_structure": {
        "interpretation": "Spin moves the stability boundary (ISCO). For large |a|, aligned ISCO approaches the horizon; antialigned ISCO moves outward. Efficiency tracks E_ISCO.",
        "radial_null_cone_dr_dt": null,
        "region_tests": {
          "isco_minus_r_erg_eq": 4.0,
          "isco_minus_r_plus": 4.0,
          "isco_outside_equatorial_ergosurface": true,
          "isco_outside_outer_horizon": true
        }
      },
      "coordinates": {
        "a": 0.0,
        "a_over_M": 0.0,
        "branch": "aligned",
        "theta": 1.5707963267948966
      },
      "curvature_invariants": {
        "kretschmann_at_isco_equator": 0.00102880658436214,
        "note": "K evaluated at ISCO on equator (\u03b8=\u03c0/2). If ISCO undefined, null.",
        "ricci_scalar": 0.0
      },
      "local_observables": {
        "isco": {
          "E_isco_specific_energy": 0.9428090415820632,
          "branch_definition": "aligned=prograde relative to spin; antialigned=retrograde relative to spin",
          "notes": "\u03b7 here is the ideal geodesic binding-energy estimate (ignores photon capture, MHD stresses).",
          "r_isco": 6.0,
          "thin_disk_efficiency_eta_approx_1_minus_E": 0.057190958417936755
        },
        "spin": {
          "M": 1.0,
          "a": 0.0,
          "a_over_M": 0.0,
          "black_hole_condition_abs_a_le_M": true
        },
        "surfaces": {
          "equatorial_ergosurface_r_erg": 2.0,
          "outer_horizon_r_plus": 2.0
        }
      }
    },
    {
      "causal_structure": {
        "interpretation": "Spin moves the stability boundary (ISCO). For large |a|, aligned ISCO approaches the horizon; antialigned ISCO moves outward. Efficiency tracks E_ISCO.",
        "radial_null_cone_dr_dt": null,
        "region_tests": {
          "isco_minus_r_erg_eq": 4.0,
          "isco_minus_r_plus": 4.0,
          "isco_outside_equatorial_ergosurface": true,
          "isco_outside_outer_horizon": true
        }
      },
      "coordinates": {
        "a": 0.0,
        "a_over_M": 0.0,
        "branch": "antialigned",
        "theta": 1.5707963267948966
      },
      "curvature_invariants": {
        "kretschmann_at_isco_equator": 0.00102880658436214,
        "note": "K evaluated at ISCO on equator (\u03b8=\u03c0/2). If ISCO undefined, null.",
        "ricci_scalar": 0.0
      },
      "local_observables": {
        "isco": {
          "E_isco_specific_energy": 0.9428090415820632,
          "branch_definition": "aligned=prograde relative to spin; antialigned=retrograde relative to spin",
          "notes": "\u03b7 here is the ideal geodesic binding-energy estimate (ignores photon capture, MHD stresses).",
          "r_isco": 6.0,
          "thin_disk_efficiency_eta_approx_1_minus_E": 0.057190958417936755
        },
        "spin": {
          "M": 1.0,
          "a": 0.0,
          "a_over_M": 0.0,
          "black_hole_condition_abs_a_le_M": true
        },
        "surfaces": {
          "equatorial_ergosurface_r_erg": 2.0,
          "outer_horizon_r_plus": 2.0
        }
      }
    },
    {
      "causal_structure": {
        "interpretation": "Spin moves the stability boundary (ISCO). For large |a|, aligned ISCO approaches the horizon; antialigned ISCO moves outward. Efficiency tracks E_ISCO.",
        "radial_null_cone_dr_dt": null,
        "region_tests": {
          "isco_minus_r_erg_eq": 2.2330025295308262,
          "isco_minus_r_plus": 2.366977125746388,
          "isco_outside_equatorial_ergosurface": true,
          "isco_outside_outer_horizon": true
        }
      },
      "coordinates": {
        "a": 0.5,
        "a_over_M": 0.5,
        "branch": "aligned",
        "theta": 1.5707963267948966
      },
      "curvature_invariants": {
        "kretschmann_at_isco_equator": 0.008343534563933452,
        "note": "K evaluated at ISCO on equator (\u03b8=\u03c0/2). If ISCO undefined, null.",
        "ricci_scalar": 0.0
      },
      "local_observables": {
        "isco": {
          "E_isco_specific_energy": 0.9178820066607759,
          "branch_definition": "aligned=prograde relative to spin; antialigned=retrograde relative to spin",
          "notes": "\u03b7 here is the ideal geodesic binding-energy estimate (ignores photon capture, MHD stresses).",
          "r_isco": 4.233002529530826,
          "thin_disk_efficiency_eta_approx_1_minus_E": 0.0821179933392241
        },
        "spin": {
          "M": 1.0,
          "a": 0.5,
          "a_over_M": 0.5,
          "black_hole_condition_abs_a_le_M": true
        },
        "surfaces": {
          "equatorial_ergosurface_r_erg": 2.0,
          "outer_horizon_r_plus": 1.8660254037844386
        }
      }
    },
    {
      "causal_structure": {
        "interpretation": "Spin moves the stability boundary (ISCO). For large |a|, aligned ISCO approaches the horizon; antialigned ISCO moves outward. Efficiency tracks E_ISCO.",
        "radial_null_cone_dr_dt": null,
        "region_tests": {
          "isco_minus_r_erg_eq": 5.554584714512358,
          "isco_minus_r_plus": 5.6885593107279195,
          "isco_outside_equatorial_ergosurface": true,
          "isco_outside_outer_horizon": true
        }
      },
      "coordinates": {
        "a": 0.5,
        "a_over_M": 0.5,
        "branch": "antialigned",
        "theta": 1.5707963267948966
      },
      "curvature_invariants": {
        "kretschmann_at_isco_equator": 0.0002582127386012349,
        "note": "K evaluated at ISCO on equator (\u03b8=\u03c0/2). If ISCO undefined, null.",
        "ricci_scalar": 0.0
      },
      "local_observables": {
        "isco": {
          "E_isco_specific_energy": 0.9548577730472761,
          "branch_definition": "aligned=prograde relative to spin; antialigned=retrograde relative to spin",
          "notes": "\u03b7 here is the ideal geodesic binding-energy estimate (ignores photon capture, MHD stresses).",
          "r_isco": 7.554584714512358,
          "thin_disk_efficiency_eta_approx_1_minus_E": 0.04514222695272385
        },
        "spin": {
          "M": 1.0,
          "a": 0.5,
          "a_over_M": 0.5,
          "black_hole_condition_abs_a_le_M": true
        },
        "surfaces": {
          "equatorial_ergosurface_r_erg": 2.0,
          "outer_horizon_r_plus": 1.8660254037844386
        }
      }
    },
    {
      "causal_structure": {
        "interpretation": "Spin moves the stability boundary (ISCO). For large |a|, aligned ISCO approaches the horizon; antialigned ISCO moves outward. Efficiency tracks E_ISCO.",
        "radial_null_cone_dr_dt": null,
        "region_tests": {
          "isco_minus_r_erg_eq": 1.3931284701816304,
          "isco_minus_r_plus": 1.6789856273273456,
          "isco_outside_equatorial_ergosurface": true,
          "isco_outside_outer_horizon": true
        }
      },
      "coordinates": {
        "a": 0.7,
        "a_over_M": 0.7,
        "branch": "aligned",
        "theta": 1.5707963267948966
      },
      "curvature_invariants": {
        "kretschmann_at_isco_equator": 0.031451359185886395,
        "note": "K evaluated at ISCO on equator (\u03b8=\u03c0/2). If ISCO undefined, null.",
        "ricci_scalar": 0.0
      },
      "local_observables": {
        "isco": {
          "E_isco_specific_energy": 0.8963952722477011,
          "branch_definition": "aligned=prograde relative to spin; antialigned=retrograde relative to spin",
          "notes": "\u03b7 here is the ideal geodesic binding-energy estimate (ignores photon capture, MHD stresses).",
          "r_isco": 3.3931284701816304,
          "thin_disk_efficiency_eta_approx_1_minus_E": 0.1036047277522989
        },
        "spin": {
          "M": 1.0,
          "a": 0.7,
          "a_over_M": 0.7,
          "black_hole_condition_abs_a_le_M": true
        },
        "surfaces": {
          "equatorial_ergosurface_r_erg": 2.0,
          "outer_horizon_r_plus": 1.7141428428542849
        }
      }
    },
    {
      "causal_structure": {
        "interpretation": "Spin moves the stability boundary (ISCO). For large |a|, aligned ISCO approaches the horizon; antialigned ISCO moves outward. Efficiency tracks E_ISCO.",
        "radial_null_cone_dr_dt": null,
        "region_tests": {
          "isco_minus_r_erg_eq": 6.142965464834315,
          "isco_minus_r_plus": 6.42882262198003,
          "isco_outside_equatorial_ergosurface": true,
          "isco_outside_outer_horizon": true
        }
      },
      "coordinates": {
        "a": 0.7,
        "a_over_M": 0.7,
        "branch": "antialigned",
        "theta": 1.5707963267948966
      },
      "curvature_invariants": {
        "kretschmann_at_isco_equator": 0.0001646439132838144,
        "note": "K evaluated at ISCO on equator (\u03b8=\u03c0/2). If ISCO undefined, null.",
        "ricci_scalar": 0.0
      },
      "local_observables": {
        "isco": {
          "E_isco_specific_energy": 0.9581908703729797,
          "branch_definition": "aligned=prograde relative to spin; antialigned=retrograde relative to spin",
          "notes": "\u03b7 here is the ideal geodesic binding-energy estimate (ignores photon capture, MHD stresses).",
          "r_isco": 8.142965464834315,
          "thin_disk_efficiency_eta_approx_1_minus_E": 0.041809129627020325
        },
        "spin": {
          "M": 1.0,
          "a": 0.7,
          "a_over_M": 0.7,
          "black_hole_condition_abs_a_le_M": true
        },
        "surfaces": {
          "equatorial_ergosurface_r_erg": 2.0,
          "outer_horizon_r_plus": 1.7141428428542849
        }
      }
    },
    {
      "causal_structure": {
        "interpretation": "Spin moves the stability boundary (ISCO). For large |a|, aligned ISCO approaches the horizon; antialigned ISCO moves outward. Efficiency tracks E_ISCO.",
        "radial_null_cone_dr_dt": null,
        "region_tests": {
          "isco_minus_r_erg_eq": 0.3208830417618871,
          "isco_minus_r_plus": 0.8849931474078199,
          "isco_outside_equatorial_ergosurface": true,
          "isco_outside_outer_horizon": true
        }
      },
      "coordinates": {
        "a": 0.9,
        "a_over_M": 0.9,
        "branch": "aligned",
        "theta": 1.5707963267948966
      },
      "curvature_invariants": {
        "kretschmann_at_isco_equator": 0.30712962250947823,
        "note": "K evaluated at ISCO on equator (\u03b8=\u03c0/2). If ISCO undefined, null.",
        "ricci_scalar": 0.0
      },
      "local_observables": {
        "isco": {
          "E_isco_specific_energy": 0.844247008005536,
          "branch_definition": "aligned=prograde relative to spin; antialigned=retrograde relative to spin",
          "notes": "\u03b7 here is the ideal geodesic binding-energy estimate (ignores photon capture, MHD stresses).",
          "r_isco": 2.320883041761887,
          "thin_disk_efficiency_eta_approx_1_minus_E": 0.15575299199446402
        },
        "spin": {
          "M": 1.0,
          "a": 0.9,
          "a_over_M": 0.9,
          "black_hole_condition_abs_a_le_M": true
        },
        "surfaces": {
          "equatorial_ergosurface_r_erg": 2.0,
          "outer_horizon_r_plus": 1.4358898943540672
        }
      }
    },
    {
      "causal_structure": {
        "interpretation": "Spin moves the stability boundary (ISCO). For large |a|, aligned ISCO approaches the horizon; antialigned ISCO moves outward. Efficiency tracks E_ISCO.",
        "radial_null_cone_dr_dt": null,
        "region_tests": {
          "isco_minus_r_erg_eq": 6.717352279606489,
          "isco_minus_r_plus": 7.281462385252421,
          "isco_outside_equatorial_ergosurface": true,
          "isco_outside_outer_horizon": true
        }
      },
      "coordinates": {
        "a": 0.9,
        "a_over_M": 0.9,
        "branch": "antialigned",
        "theta": 1.5707963267948966
      },
      "curvature_invariants": {
        "kretschmann_at_isco_equator": 0.0001093789265532871,
        "note": "K evaluated at ISCO on equator (\u03b8=\u03c0/2). If ISCO undefined, null.",
        "ricci_scalar": 0.0
      },
      "local_observables": {
        "isco": {
          "E_isco_specific_energy": 0.961001654354718,
          "branch_definition": "aligned=prograde relative to spin; antialigned=retrograde relative to spin",
          "notes": "\u03b7 here is the ideal geodesic binding-energy estimate (ignores photon capture, MHD stresses).",
          "r_isco": 8.717352279606489,
          "thin_disk_efficiency_eta_approx_1_minus_E": 0.03899834564528204
        },
        "spin": {
          "M": 1.0,
          "a": 0.9,
          "a_over_M": 0.9,
          "black_hole_condition_abs_a_le_M": true
        },
        "surfaces": {
          "equatorial_ergosurface_r_erg": 2.0,
          "outer_horizon_r_plus": 1.4358898943540672
        }
      }
    },
    {
      "causal_structure": {
        "interpretation": "Spin moves the stability boundary (ISCO). For large |a|, aligned ISCO approaches the horizon; antialigned ISCO moves outward. Efficiency tracks E_ISCO.",
        "radial_null_cone_dr_dt": null,
        "region_tests": {
          "isco_minus_r_erg_eq": -0.5455020619403284,
          "isco_minus_r_plus": 0.3134305782630127,
          "isco_outside_equatorial_ergosurface": false,
          "isco_outside_outer_horizon": true
        }
      },
      "coordinates": {
        "a": 0.99,
        "a_over_M": 0.99,
        "branch": "aligned",
        "theta": 1.5707963267948966
      },
      "curvature_invariants": {
        "kretschmann_at_isco_equator": 5.069470239863214,
        "note": "K evaluated at ISCO on equator (\u03b8=\u03c0/2). If ISCO undefined, null.",
        "ricci_scalar": 0.0
      },
      "local_observables": {
        "isco": {
          "E_isco_specific_energy": 0.735969899883736,
          "branch_definition": "aligned=prograde relative to spin; antialigned=retrograde relative to spin",
          "notes": "\u03b7 here is the ideal geodesic binding-energy estimate (ignores photon capture, MHD stresses).",
          "r_isco": 1.4544979380596716,
          "thin_disk_efficiency_eta_approx_1_minus_E": 0.26403010011626404
        },
        "spin": {
          "M": 1.0,
          "a": 0.99,
          "a_over_M": 0.99,
          "black_hole_condition_abs_a_le_M": true
        },
        "surfaces": {
          "equatorial_ergosurface_r_erg": 2.0,
          "outer_horizon_r_plus": 1.141067359796659
        }
      }
    },
    {
      "causal_structure": {
        "interpretation": "Spin moves the stability boundary (ISCO). For large |a|, aligned ISCO approaches the horizon; antialigned ISCO moves outward. Efficiency tracks E_ISCO.",
        "radial_null_cone_dr_dt": null,
        "region_tests": {
          "isco_minus_r_erg_eq": 6.971861342546969,
          "isco_minus_r_plus": 7.83079398275031,
          "isco_outside_equatorial_ergosurface": true,
          "isco_outside_outer_horizon": true
        }
      },
      "coordinates": {
        "a": 0.99,
        "a_over_M": 0.99,
        "branch": "antialigned",
        "theta": 1.5707963267948966
      },
      "curvature_invariants": {
        "kretschmann_at_isco_equator": 9.203349587891023e-05,
        "note": "K evaluated at ISCO on equator (\u03b8=\u03c0/2). If ISCO undefined, null.",
        "ricci_scalar": 0.0
      },
      "local_observables": {
        "isco": {
          "E_isco_specific_energy": 0.962129723937538,
          "branch_definition": "aligned=prograde relative to spin; antialigned=retrograde relative to spin",
          "notes": "\u03b7 here is the ideal geodesic binding-energy estimate (ignores photon capture, MHD stresses).",
          "r_isco": 8.971861342546969,
          "thin_disk_efficiency_eta_approx_1_minus_E": 0.03787027606246196
        },
        "spin": {
          "M": 1.0,
          "a": 0.99,
          "a_over_M": 0.99,
          "black_hole_condition_abs_a_le_M": true
        },
        "surfaces": {
          "equatorial_ergosurface_r_erg": 2.0,
          "outer_horizon_r_plus": 1.141067359796659
        }
      }
    }
  ],
  "spacetime": "Kerr: ISCO shift and thin-disk efficiency proxy \u03b7\u22481\u2212E_ISCO",
  "theory": "General Relativity (Kerr equatorial circular geodesics)",
  "toy_id": "013",
  "units": {
    "G": 1,
    "c": 1
  }
}