{
  "notes": {
    "key_formulas": {
      "Veff_null": "V = (1-2M/r)(L^2/r^2)",
      "Veff_timelike": "V = (1-2M/r)(1 + L^2/r^2)",
      "isco": "r_ISCO = 6M",
      "omega": "Omega = sqrt(M/r^3)",
      "photon_sphere": "r_ph = 3M, b = 3 sqrt(3) M",
      "timelike_E2": "E^2 = (r-2M)^2 / (r(r-3M)) (r>3M)",
      "timelike_L2": "L^2 = M r^2 / (r-3M) (r>3M)"
    },
    "pressure_point": "GR introduces a photon sphere (r=3M) and an ISCO (r=6M) \u2014 qualitative features absent in Newtonian gravity. Stability changes at r=6M even though spacetime is smooth there (no curvature singularity)."
  },
  "observables": {
    "special_radii": {
      "horizon_2M": 2.0,
      "impact_parameter_b_photon_sphere": 5.196152422706632,
      "isco_6M": 6.0,
      "omega_photon_sphere": 0.19245008972987526,
      "photon_sphere_3M": 3.0
    }
  },
  "parameters": {
    "L_probe": 4.0,
    "M": 1.0
  },
  "sample_points": [
    {
      "causal_structure": {
        "horizon_radius": 2.0,
        "orbit_structure_notes": {
          "photon_sphere": "r = 3M (null, unstable)",
          "timelike_circular_exist": "r > 3M",
          "timelike_stable": "r > 6M"
        },
        "radial_null_cone_dr_dt": null,
        "region": "exterior (r>2M)"
      },
      "coordinates": {
        "phi": null,
        "r": 2.2,
        "t": null,
        "theta": null
      },
      "curvature_invariants": {
        "kretschmann": 0.4233554475403329,
        "ricci_scalar": 0.0
      },
      "local_observables": {
        "effective_potentials_at_L_probe": {
          "L_probe": 4.0,
          "Veff_null": 0.3005259203606312,
          "Veff_timelike": 0.39143501126972213,
          "interpretation": "(dr/d\u03c4)^2 + Veff = E^2 (timelike); (dr/d\u03bb)^2 + Veff = E^2 (null)"
        },
        "f": 0.09090909090909094,
        "null_circular_orbit_if_photon_sphere": null,
        "special_radii": {
          "horizon_2M": 2.0,
          "isco_6M": 6.0,
          "photon_sphere_3M": 3.0
        },
        "timelike_circular_orbit_if_exists": {
          "E": null,
          "E2": null,
          "L": null,
          "L2": null,
          "exists_for_r_gt_3M": false,
          "omega_coordinate": 0.3064544829378373,
          "stability": null
        }
      }
    },
    {
      "causal_structure": {
        "horizon_radius": 2.0,
        "orbit_structure_notes": {
          "photon_sphere": "r = 3M (null, unstable)",
          "timelike_circular_exist": "r > 3M",
          "timelike_stable": "r > 6M"
        },
        "radial_null_cone_dr_dt": null,
        "region": "exterior (r>2M)"
      },
      "coordinates": {
        "phi": null,
        "r": 2.5,
        "t": null,
        "theta": null
      },
      "curvature_invariants": {
        "kretschmann": 0.196608,
        "ricci_scalar": 0.0
      },
      "local_observables": {
        "effective_potentials_at_L_probe": {
          "L_probe": 4.0,
          "Veff_null": 0.5119999999999999,
          "Veff_timelike": 0.7119999999999999,
          "interpretation": "(dr/d\u03c4)^2 + Veff = E^2 (timelike); (dr/d\u03bb)^2 + Veff = E^2 (null)"
        },
        "f": 0.19999999999999996,
        "null_circular_orbit_if_photon_sphere": null,
        "special_radii": {
          "horizon_2M": 2.0,
          "isco_6M": 6.0,
          "photon_sphere_3M": 3.0
        },
        "timelike_circular_orbit_if_exists": {
          "E": null,
          "E2": null,
          "L": null,
          "L2": null,
          "exists_for_r_gt_3M": false,
          "omega_coordinate": 0.25298221281347033,
          "stability": null
        }
      }
    },
    {
      "causal_structure": {
        "horizon_radius": 2.0,
        "orbit_structure_notes": {
          "photon_sphere": "r = 3M (null, unstable)",
          "timelike_circular_exist": "r > 3M",
          "timelike_stable": "r > 6M"
        },
        "radial_null_cone_dr_dt": null,
        "region": "exterior (r>2M)"
      },
      "coordinates": {
        "phi": null,
        "r": 3.0,
        "t": null,
        "theta": null
      },
      "curvature_invariants": {
        "kretschmann": 0.06584362139917696,
        "ricci_scalar": 0.0
      },
      "local_observables": {
        "effective_potentials_at_L_probe": {
          "L_probe": 4.0,
          "Veff_null": 0.5925925925925927,
          "Veff_timelike": 0.925925925925926,
          "interpretation": "(dr/d\u03c4)^2 + Veff = E^2 (timelike); (dr/d\u03bb)^2 + Veff = E^2 (null)"
        },
        "f": 0.33333333333333337,
        "null_circular_orbit_if_photon_sphere": {
          "impact_parameter_b": 5.196152422706632,
          "omega_coordinate": 0.19245008972987526,
          "r_photon_sphere": 3.0,
          "stability": "unstable"
        },
        "special_radii": {
          "horizon_2M": 2.0,
          "isco_6M": 6.0,
          "photon_sphere_3M": 3.0
        },
        "timelike_circular_orbit_if_exists": {
          "E": null,
          "E2": null,
          "L": null,
          "L2": null,
          "exists_for_r_gt_3M": false,
          "omega_coordinate": 0.19245008972987526,
          "stability": null
        }
      }
    },
    {
      "causal_structure": {
        "horizon_radius": 2.0,
        "orbit_structure_notes": {
          "photon_sphere": "r = 3M (null, unstable)",
          "timelike_circular_exist": "r > 3M",
          "timelike_stable": "r > 6M"
        },
        "radial_null_cone_dr_dt": null,
        "region": "exterior (r>2M)"
      },
      "coordinates": {
        "phi": null,
        "r": 3.5,
        "t": null,
        "theta": null
      },
      "curvature_invariants": {
        "kretschmann": 0.026111569159108873,
        "ricci_scalar": 0.0
      },
      "local_observables": {
        "effective_potentials_at_L_probe": {
          "L_probe": 4.0,
          "Veff_null": 0.5597667638483965,
          "Veff_timelike": 0.988338192419825,
          "interpretation": "(dr/d\u03c4)^2 + Veff = E^2 (timelike); (dr/d\u03bb)^2 + Veff = E^2 (null)"
        },
        "f": 0.4285714285714286,
        "null_circular_orbit_if_photon_sphere": null,
        "special_radii": {
          "horizon_2M": 2.0,
          "isco_6M": 6.0,
          "photon_sphere_3M": 3.0
        },
        "timelike_circular_orbit_if_exists": {
          "E": 1.1338934190276817,
          "E2": 1.2857142857142858,
          "L": 4.949747468305833,
          "L2": 24.5,
          "exists_for_r_gt_3M": true,
          "omega_coordinate": 0.1527207096642425,
          "stability": "unstable"
        }
      }
    },
    {
      "causal_structure": {
        "horizon_radius": 2.0,
        "orbit_structure_notes": {
          "photon_sphere": "r = 3M (null, unstable)",
          "timelike_circular_exist": "r > 3M",
          "timelike_stable": "r > 6M"
        },
        "radial_null_cone_dr_dt": null,
        "region": "exterior (r>2M)"
      },
      "coordinates": {
        "phi": null,
        "r": 4.0,
        "t": null,
        "theta": null
      },
      "curvature_invariants": {
        "kretschmann": 0.01171875,
        "ricci_scalar": 0.0
      },
      "local_observables": {
        "effective_potentials_at_L_probe": {
          "L_probe": 4.0,
          "Veff_null": 0.5,
          "Veff_timelike": 1.0,
          "interpretation": "(dr/d\u03c4)^2 + Veff = E^2 (timelike); (dr/d\u03bb)^2 + Veff = E^2 (null)"
        },
        "f": 0.5,
        "null_circular_orbit_if_photon_sphere": null,
        "special_radii": {
          "horizon_2M": 2.0,
          "isco_6M": 6.0,
          "photon_sphere_3M": 3.0
        },
        "timelike_circular_orbit_if_exists": {
          "E": 1.0,
          "E2": 1.0,
          "L": 4.0,
          "L2": 16.0,
          "exists_for_r_gt_3M": true,
          "omega_coordinate": 0.125,
          "stability": "unstable"
        }
      }
    },
    {
      "causal_structure": {
        "horizon_radius": 2.0,
        "orbit_structure_notes": {
          "photon_sphere": "r = 3M (null, unstable)",
          "timelike_circular_exist": "r > 3M",
          "timelike_stable": "r > 6M"
        },
        "radial_null_cone_dr_dt": null,
        "region": "exterior (r>2M)"
      },
      "coordinates": {
        "phi": null,
        "r": 5.0,
        "t": null,
        "theta": null
      },
      "curvature_invariants": {
        "kretschmann": 0.003072,
        "ricci_scalar": 0.0
      },
      "local_observables": {
        "effective_potentials_at_L_probe": {
          "L_probe": 4.0,
          "Veff_null": 0.384,
          "Veff_timelike": 0.984,
          "interpretation": "(dr/d\u03c4)^2 + Veff = E^2 (timelike); (dr/d\u03bb)^2 + Veff = E^2 (null)"
        },
        "f": 0.6,
        "null_circular_orbit_if_photon_sphere": null,
        "special_radii": {
          "horizon_2M": 2.0,
          "isco_6M": 6.0,
          "photon_sphere_3M": 3.0
        },
        "timelike_circular_orbit_if_exists": {
          "E": 0.9486832980505138,
          "E2": 0.9,
          "L": 3.5355339059327378,
          "L2": 12.5,
          "exists_for_r_gt_3M": true,
          "omega_coordinate": 0.08944271909999159,
          "stability": "unstable"
        }
      }
    },
    {
      "causal_structure": {
        "horizon_radius": 2.0,
        "orbit_structure_notes": {
          "photon_sphere": "r = 3M (null, unstable)",
          "timelike_circular_exist": "r > 3M",
          "timelike_stable": "r > 6M"
        },
        "radial_null_cone_dr_dt": null,
        "region": "exterior (r>2M)"
      },
      "coordinates": {
        "phi": null,
        "r": 6.0,
        "t": null,
        "theta": null
      },
      "curvature_invariants": {
        "kretschmann": 0.00102880658436214,
        "ricci_scalar": 0.0
      },
      "local_observables": {
        "effective_potentials_at_L_probe": {
          "L_probe": 4.0,
          "Veff_null": 0.29629629629629634,
          "Veff_timelike": 0.962962962962963,
          "interpretation": "(dr/d\u03c4)^2 + Veff = E^2 (timelike); (dr/d\u03bb)^2 + Veff = E^2 (null)"
        },
        "f": 0.6666666666666667,
        "null_circular_orbit_if_photon_sphere": null,
        "special_radii": {
          "horizon_2M": 2.0,
          "isco_6M": 6.0,
          "photon_sphere_3M": 3.0
        },
        "timelike_circular_orbit_if_exists": {
          "E": 0.9428090415820634,
          "E2": 0.8888888888888888,
          "L": 3.4641016151377544,
          "L2": 12.0,
          "exists_for_r_gt_3M": true,
          "omega_coordinate": 0.06804138174397717,
          "stability": "marginal (ISCO)"
        }
      }
    },
    {
      "causal_structure": {
        "horizon_radius": 2.0,
        "orbit_structure_notes": {
          "photon_sphere": "r = 3M (null, unstable)",
          "timelike_circular_exist": "r > 3M",
          "timelike_stable": "r > 6M"
        },
        "radial_null_cone_dr_dt": null,
        "region": "exterior (r>2M)"
      },
      "coordinates": {
        "phi": null,
        "r": 7.0,
        "t": null,
        "theta": null
      },
      "curvature_invariants": {
        "kretschmann": 0.00040799326811107614,
        "ricci_scalar": 0.0
      },
      "local_observables": {
        "effective_potentials_at_L_probe": {
          "L_probe": 4.0,
          "Veff_null": 0.23323615160349853,
          "Veff_timelike": 0.9475218658892128,
          "interpretation": "(dr/d\u03c4)^2 + Veff = E^2 (timelike); (dr/d\u03bb)^2 + Veff = E^2 (null)"
        },
        "f": 0.7142857142857143,
        "null_circular_orbit_if_photon_sphere": null,
        "special_radii": {
          "horizon_2M": 2.0,
          "isco_6M": 6.0,
          "photon_sphere_3M": 3.0
        },
        "timelike_circular_orbit_if_exists": {
          "E": 0.944911182523068,
          "E2": 0.8928571428571429,
          "L": 3.5,
          "L2": 12.25,
          "exists_for_r_gt_3M": true,
          "omega_coordinate": 0.05399492471560389,
          "stability": "stable"
        }
      }
    },
    {
      "causal_structure": {
        "horizon_radius": 2.0,
        "orbit_structure_notes": {
          "photon_sphere": "r = 3M (null, unstable)",
          "timelike_circular_exist": "r > 3M",
          "timelike_stable": "r > 6M"
        },
        "radial_null_cone_dr_dt": null,
        "region": "exterior (r>2M)"
      },
      "coordinates": {
        "phi": null,
        "r": 8.0,
        "t": null,
        "theta": null
      },
      "curvature_invariants": {
        "kretschmann": 0.00018310546875,
        "ricci_scalar": 0.0
      },
      "local_observables": {
        "effective_potentials_at_L_probe": {
          "L_probe": 4.0,
          "Veff_null": 0.1875,
          "Veff_timelike": 0.9375,
          "interpretation": "(dr/d\u03c4)^2 + Veff = E^2 (timelike); (dr/d\u03bb)^2 + Veff = E^2 (null)"
        },
        "f": 0.75,
        "null_circular_orbit_if_photon_sphere": null,
        "special_radii": {
          "horizon_2M": 2.0,
          "isco_6M": 6.0,
          "photon_sphere_3M": 3.0
        },
        "timelike_circular_orbit_if_exists": {
          "E": 0.9486832980505138,
          "E2": 0.9,
          "L": 3.5777087639996634,
          "L2": 12.8,
          "exists_for_r_gt_3M": true,
          "omega_coordinate": 0.04419417382415922,
          "stability": "stable"
        }
      }
    },
    {
      "causal_structure": {
        "horizon_radius": 2.0,
        "orbit_structure_notes": {
          "photon_sphere": "r = 3M (null, unstable)",
          "timelike_circular_exist": "r > 3M",
          "timelike_stable": "r > 6M"
        },
        "radial_null_cone_dr_dt": null,
        "region": "exterior (r>2M)"
      },
      "coordinates": {
        "phi": null,
        "r": 10.0,
        "t": null,
        "theta": null
      },
      "curvature_invariants": {
        "kretschmann": 4.8e-05,
        "ricci_scalar": 0.0
      },
      "local_observables": {
        "effective_potentials_at_L_probe": {
          "L_probe": 4.0,
          "Veff_null": 0.128,
          "Veff_timelike": 0.9279999999999999,
          "interpretation": "(dr/d\u03c4)^2 + Veff = E^2 (timelike); (dr/d\u03bb)^2 + Veff = E^2 (null)"
        },
        "f": 0.8,
        "null_circular_orbit_if_photon_sphere": null,
        "special_radii": {
          "horizon_2M": 2.0,
          "isco_6M": 6.0,
          "photon_sphere_3M": 3.0
        },
        "timelike_circular_orbit_if_exists": {
          "E": 0.9561828874675149,
          "E2": 0.9142857142857143,
          "L": 3.779644730092272,
          "L2": 14.285714285714286,
          "exists_for_r_gt_3M": true,
          "omega_coordinate": 0.03162277660168379,
          "stability": "stable"
        }
      }
    },
    {
      "causal_structure": {
        "horizon_radius": 2.0,
        "orbit_structure_notes": {
          "photon_sphere": "r = 3M (null, unstable)",
          "timelike_circular_exist": "r > 3M",
          "timelike_stable": "r > 6M"
        },
        "radial_null_cone_dr_dt": null,
        "region": "exterior (r>2M)"
      },
      "coordinates": {
        "phi": null,
        "r": 20.0,
        "t": null,
        "theta": null
      },
      "curvature_invariants": {
        "kretschmann": 7.5e-07,
        "ricci_scalar": 0.0
      },
      "local_observables": {
        "effective_potentials_at_L_probe": {
          "L_probe": 4.0,
          "Veff_null": 0.036000000000000004,
          "Veff_timelike": 0.936,
          "interpretation": "(dr/d\u03c4)^2 + Veff = E^2 (timelike); (dr/d\u03bb)^2 + Veff = E^2 (null)"
        },
        "f": 0.9,
        "null_circular_orbit_if_photon_sphere": null,
        "special_radii": {
          "horizon_2M": 2.0,
          "isco_6M": 6.0,
          "photon_sphere_3M": 3.0
        },
        "timelike_circular_orbit_if_exists": {
          "E": 0.9761870601839527,
          "E2": 0.9529411764705882,
          "L": 4.85071250072666,
          "L2": 23.529411764705884,
          "exists_for_r_gt_3M": true,
          "omega_coordinate": 0.011180339887498949,
          "stability": "stable"
        }
      }
    }
  ],
  "spacetime": "Schwarzschild: circular orbits, photon sphere, ISCO via effective potentials",
  "theory": "General Relativity (geodesic structure in Schwarzschild)",
  "toy_id": "010",
  "units": {
    "G": 1,
    "c": 1
  }
}