{
  "notes": {
    "assumptions": [
      "Spherical symmetry",
      "Pressureless dust shell (surface pressure = 0)",
      "Interior is exact Minkowski (M_in=0)",
      "Exterior is exact Schwarzschild (M_out=M)",
      "Shell dynamics from Israel junction condition",
      "Collapsing branch chosen (Rdot <= 0 when real)"
    ],
    "key_equations": {
      "Ktheta": "K^\u03b8_\u03b8(\u00b1) = sqrt(Rdot^2 + f_\u00b1)/R",
      "energy_eq": "Rdot^2 = (M/m0 + m0/(2R))^2 - 1 (for Minkowski interior)",
      "israel_shell": "sqrt(Rdot^2+f_out) - sqrt(Rdot^2+f_in) = -m0/R",
      "jump_relation": "[K^\u03b8_\u03b8]=Kout-Kin = -m0/R^2 = -4\u03c0\u03c3"
    },
    "pressure_point": "Junction conditions encode distributional matter: spacetimes do not glue smoothly. The physical content appears in extrinsic curvature jumps even when local invariants are vacuum-like on either side."
  },
  "observables": {
    "global": {
      "R_end": 10.0,
      "R_start": 10.0,
      "horizon_crossed_tau": null,
      "horizon_radius_2M": 1.9,
      "max_relative_israel_jump_residual_over_samples": 8.673617379884035e-16,
      "note": "Residuals should be ~0 up to floating error because jump_K is computed from the same equation used to evolve R(\u03c4). If you modify K definitions or sign conventions, this becomes a strong sanity test for junction implementation.",
      "stopped_reason": "tau_max_reached",
      "tau_end": 49.99999999999862
    }
  },
  "parameters": {
    "M_exterior": 0.95,
    "R0": 10.0,
    "R_stop": 2.0,
    "d_tau": 0.01,
    "m0": 1.0,
    "mode": "compute_M_for_rest",
    "n_samples_exported": 80,
    "tau_max": 50.0
  },
  "sample_points": [
    {
      "causal_structure": {
        "horizon_radius_2M": 1.9,
        "inside_horizon": false,
        "note": "Both sides can have perfectly regular vacuum invariants, while the shell\u2019s distributional stress-energy appears through the extrinsic curvature jump."
      },
      "coordinates": {
        "R": 10.0,
        "tau": 0.0
      },
      "curvature_invariants": {
        "kretschmann_exterior_at_shell": 4.332e-05,
        "kretschmann_interior": 0.0,
        "ricci_scalar_exterior": 0.0,
        "ricci_scalar_interior": 0.0
      },
      "local_observables": {
        "Ktheta_in": 0.1,
        "Ktheta_out": 0.09,
        "Rdot": -0.0,
        "jump_Ktheta_expected_minus_m0_over_R2": -0.01,
        "jump_Ktheta_out_minus_in": -0.010000000000000009,
        "jump_Ktheta_residual": -8.673617379884035e-18,
        "shell_rest_mass_m0": 1.0,
        "shell_surface_density_sigma": 0.0007957747154594767
      }
    },
    {
      "causal_structure": {
        "horizon_radius_2M": 1.9,
        "inside_horizon": false,
        "note": "Both sides can have perfectly regular vacuum invariants, while the shell\u2019s distributional stress-energy appears through the extrinsic curvature jump."
      },
      "coordinates": {
        "R": 10.0,
        "tau": 0.6300000000000003
      },
      "curvature_invariants": {
        "kretschmann_exterior_at_shell": 4.332e-05,
        "kretschmann_interior": 0.0,
        "ricci_scalar_exterior": 0.0,
        "ricci_scalar_interior": 0.0
      },
      "local_observables": {
        "Ktheta_in": 0.1,
        "Ktheta_out": 0.09,
        "Rdot": -0.0,
        "jump_Ktheta_expected_minus_m0_over_R2": -0.01,
        "jump_Ktheta_out_minus_in": -0.010000000000000009,
        "jump_Ktheta_residual": -8.673617379884035e-18,
        "shell_rest_mass_m0": 1.0,
        "shell_surface_density_sigma": 0.0007957747154594767
      }
    },
    {
      "causal_structure": {
        "horizon_radius_2M": 1.9,
        "inside_horizon": false,
        "note": "Both sides can have perfectly regular vacuum invariants, while the shell\u2019s distributional stress-energy appears through the extrinsic curvature jump."
      },
      "coordinates": {
        "R": 10.0,
        "tau": 1.270000000000001
      },
      "curvature_invariants": {
        "kretschmann_exterior_at_shell": 4.332e-05,
        "kretschmann_interior": 0.0,
        "ricci_scalar_exterior": 0.0,
        "ricci_scalar_interior": 0.0
      },
      "local_observables": {
        "Ktheta_in": 0.1,
        "Ktheta_out": 0.09,
        "Rdot": -0.0,
        "jump_Ktheta_expected_minus_m0_over_R2": -0.01,
        "jump_Ktheta_out_minus_in": -0.010000000000000009,
        "jump_Ktheta_residual": -8.673617379884035e-18,
        "shell_rest_mass_m0": 1.0,
        "shell_surface_density_sigma": 0.0007957747154594767
      }
    },
    {
      "causal_structure": {
        "horizon_radius_2M": 1.9,
        "inside_horizon": false,
        "note": "Both sides can have perfectly regular vacuum invariants, while the shell\u2019s distributional stress-energy appears through the extrinsic curvature jump."
      },
      "coordinates": {
        "R": 10.0,
        "tau": 1.9000000000000015
      },
      "curvature_invariants": {
        "kretschmann_exterior_at_shell": 4.332e-05,
        "kretschmann_interior": 0.0,
        "ricci_scalar_exterior": 0.0,
        "ricci_scalar_interior": 0.0
      },
      "local_observables": {
        "Ktheta_in": 0.1,
        "Ktheta_out": 0.09,
        "Rdot": -0.0,
        "jump_Ktheta_expected_minus_m0_over_R2": -0.01,
        "jump_Ktheta_out_minus_in": -0.010000000000000009,
        "jump_Ktheta_residual": -8.673617379884035e-18,
        "shell_rest_mass_m0": 1.0,
        "shell_surface_density_sigma": 0.0007957747154594767
      }
    },
    {
      "causal_structure": {
        "horizon_radius_2M": 1.9,
        "inside_horizon": false,
        "note": "Both sides can have perfectly regular vacuum invariants, while the shell\u2019s distributional stress-energy appears through the extrinsic curvature jump."
      },
      "coordinates": {
        "R": 10.0,
        "tau": 2.52999999999999
      },
      "curvature_invariants": {
        "kretschmann_exterior_at_shell": 4.332e-05,
        "kretschmann_interior": 0.0,
        "ricci_scalar_exterior": 0.0,
        "ricci_scalar_interior": 0.0
      },
      "local_observables": {
        "Ktheta_in": 0.1,
        "Ktheta_out": 0.09,
        "Rdot": -0.0,
        "jump_Ktheta_expected_minus_m0_over_R2": -0.01,
        "jump_Ktheta_out_minus_in": -0.010000000000000009,
        "jump_Ktheta_residual": -8.673617379884035e-18,
        "shell_rest_mass_m0": 1.0,
        "shell_surface_density_sigma": 0.0007957747154594767
      }
    },
    {
      "causal_structure": {
        "horizon_radius_2M": 1.9,
        "inside_horizon": false,
        "note": "Both sides can have perfectly regular vacuum invariants, while the shell\u2019s distributional stress-energy appears through the extrinsic curvature jump."
      },
      "coordinates": {
        "R": 10.0,
        "tau": 3.1599999999999766
      },
      "curvature_invariants": {
        "kretschmann_exterior_at_shell": 4.332e-05,
        "kretschmann_interior": 0.0,
        "ricci_scalar_exterior": 0.0,
        "ricci_scalar_interior": 0.0
      },
      "local_observables": {
        "Ktheta_in": 0.1,
        "Ktheta_out": 0.09,
        "Rdot": -0.0,
        "jump_Ktheta_expected_minus_m0_over_R2": -0.01,
        "jump_Ktheta_out_minus_in": -0.010000000000000009,
        "jump_Ktheta_residual": -8.673617379884035e-18,
        "shell_rest_mass_m0": 1.0,
        "shell_surface_density_sigma": 0.0007957747154594767
      }
    },
    {
      "causal_structure": {
        "horizon_radius_2M": 1.9,
        "inside_horizon": false,
        "note": "Both sides can have perfectly regular vacuum invariants, while the shell\u2019s distributional stress-energy appears through the extrinsic curvature jump."
      },
      "coordinates": {
        "R": 10.0,
        "tau": 3.799999999999963
      },
      "curvature_invariants": {
        "kretschmann_exterior_at_shell": 4.332e-05,
        "kretschmann_interior": 0.0,
        "ricci_scalar_exterior": 0.0,
        "ricci_scalar_interior": 0.0
      },
      "local_observables": {
        "Ktheta_in": 0.1,
        "Ktheta_out": 0.09,
        "Rdot": -0.0,
        "jump_Ktheta_expected_minus_m0_over_R2": -0.01,
        "jump_Ktheta_out_minus_in": -0.010000000000000009,
        "jump_Ktheta_residual": -8.673617379884035e-18,
        "shell_rest_mass_m0": 1.0,
        "shell_surface_density_sigma": 0.0007957747154594767
      }
    },
    {
      "causal_structure": {
        "horizon_radius_2M": 1.9,
        "inside_horizon": false,
        "note": "Both sides can have perfectly regular vacuum invariants, while the shell\u2019s distributional stress-energy appears through the extrinsic curvature jump."
      },
      "coordinates": {
        "R": 10.0,
        "tau": 4.42999999999995
      },
      "curvature_invariants": {
        "kretschmann_exterior_at_shell": 4.332e-05,
        "kretschmann_interior": 0.0,
        "ricci_scalar_exterior": 0.0,
        "ricci_scalar_interior": 0.0
      },
      "local_observables": {
        "Ktheta_in": 0.1,
        "Ktheta_out": 0.09,
        "Rdot": -0.0,
        "jump_Ktheta_expected_minus_m0_over_R2": -0.01,
        "jump_Ktheta_out_minus_in": -0.010000000000000009,
        "jump_Ktheta_residual": -8.673617379884035e-18,
        "shell_rest_mass_m0": 1.0,
        "shell_surface_density_sigma": 0.0007957747154594767
      }
    },
    {
      "causal_structure": {
        "horizon_radius_2M": 1.9,
        "inside_horizon": false,
        "note": "Both sides can have perfectly regular vacuum invariants, while the shell\u2019s distributional stress-energy appears through the extrinsic curvature jump."
      },
      "coordinates": {
        "R": 10.0,
        "tau": 5.0599999999999365
      },
      "curvature_invariants": {
        "kretschmann_exterior_at_shell": 4.332e-05,
        "kretschmann_interior": 0.0,
        "ricci_scalar_exterior": 0.0,
        "ricci_scalar_interior": 0.0
      },
      "local_observables": {
        "Ktheta_in": 0.1,
        "Ktheta_out": 0.09,
        "Rdot": -0.0,
        "jump_Ktheta_expected_minus_m0_over_R2": -0.01,
        "jump_Ktheta_out_minus_in": -0.010000000000000009,
        "jump_Ktheta_residual": -8.673617379884035e-18,
        "shell_rest_mass_m0": 1.0,
        "shell_surface_density_sigma": 0.0007957747154594767
      }
    },
    {
      "causal_structure": {
        "horizon_radius_2M": 1.9,
        "inside_horizon": false,
        "note": "Both sides can have perfectly regular vacuum invariants, while the shell\u2019s distributional stress-energy appears through the extrinsic curvature jump."
      },
      "coordinates": {
        "R": 10.0,
        "tau": 5.699999999999923
      },
      "curvature_invariants": {
        "kretschmann_exterior_at_shell": 4.332e-05,
        "kretschmann_interior": 0.0,
        "ricci_scalar_exterior": 0.0,
        "ricci_scalar_interior": 0.0
      },
      "local_observables": {
        "Ktheta_in": 0.1,
        "Ktheta_out": 0.09,
        "Rdot": -0.0,
        "jump_Ktheta_expected_minus_m0_over_R2": -0.01,
        "jump_Ktheta_out_minus_in": -0.010000000000000009,
        "jump_Ktheta_residual": -8.673617379884035e-18,
        "shell_rest_mass_m0": 1.0,
        "shell_surface_density_sigma": 0.0007957747154594767
      }
    },
    {
      "causal_structure": {
        "horizon_radius_2M": 1.9,
        "inside_horizon": false,
        "note": "Both sides can have perfectly regular vacuum invariants, while the shell\u2019s distributional stress-energy appears through the extrinsic curvature jump."
      },
      "coordinates": {
        "R": 10.0,
        "tau": 6.3299999999999095
      },
      "curvature_invariants": {
        "kretschmann_exterior_at_shell": 4.332e-05,
        "kretschmann_interior": 0.0,
        "ricci_scalar_exterior": 0.0,
        "ricci_scalar_interior": 0.0
      },
      "local_observables": {
        "Ktheta_in": 0.1,
        "Ktheta_out": 0.09,
        "Rdot": -0.0,
        "jump_Ktheta_expected_minus_m0_over_R2": -0.01,
        "jump_Ktheta_out_minus_in": -0.010000000000000009,
        "jump_Ktheta_residual": -8.673617379884035e-18,
        "shell_rest_mass_m0": 1.0,
        "shell_surface_density_sigma": 0.0007957747154594767
      }
    },
    {
      "causal_structure": {
        "horizon_radius_2M": 1.9,
        "inside_horizon": false,
        "note": "Both sides can have perfectly regular vacuum invariants, while the shell\u2019s distributional stress-energy appears through the extrinsic curvature jump."
      },
      "coordinates": {
        "R": 10.0,
        "tau": 6.959999999999896
      },
      "curvature_invariants": {
        "kretschmann_exterior_at_shell": 4.332e-05,
        "kretschmann_interior": 0.0,
        "ricci_scalar_exterior": 0.0,
        "ricci_scalar_interior": 0.0
      },
      "local_observables": {
        "Ktheta_in": 0.1,
        "Ktheta_out": 0.09,
        "Rdot": -0.0,
        "jump_Ktheta_expected_minus_m0_over_R2": -0.01,
        "jump_Ktheta_out_minus_in": -0.010000000000000009,
        "jump_Ktheta_residual": -8.673617379884035e-18,
        "shell_rest_mass_m0": 1.0,
        "shell_surface_density_sigma": 0.0007957747154594767
      }
    },
    {
      "causal_structure": {
        "horizon_radius_2M": 1.9,
        "inside_horizon": false,
        "note": "Both sides can have perfectly regular vacuum invariants, while the shell\u2019s distributional stress-energy appears through the extrinsic curvature jump."
      },
      "coordinates": {
        "R": 10.0,
        "tau": 7.589999999999883
      },
      "curvature_invariants": {
        "kretschmann_exterior_at_shell": 4.332e-05,
        "kretschmann_interior": 0.0,
        "ricci_scalar_exterior": 0.0,
        "ricci_scalar_interior": 0.0
      },
      "local_observables": {
        "Ktheta_in": 0.1,
        "Ktheta_out": 0.09,
        "Rdot": -0.0,
        "jump_Ktheta_expected_minus_m0_over_R2": -0.01,
        "jump_Ktheta_out_minus_in": -0.010000000000000009,
        "jump_Ktheta_residual": -8.673617379884035e-18,
        "shell_rest_mass_m0": 1.0,
        "shell_surface_density_sigma": 0.0007957747154594767
      }
    },
    {
      "causal_structure": {
        "horizon_radius_2M": 1.9,
        "inside_horizon": false,
        "note": "Both sides can have perfectly regular vacuum invariants, while the shell\u2019s distributional stress-energy appears through the extrinsic curvature jump."
      },
      "coordinates": {
        "R": 10.0,
        "tau": 8.229999999999869
      },
      "curvature_invariants": {
        "kretschmann_exterior_at_shell": 4.332e-05,
        "kretschmann_interior": 0.0,
        "ricci_scalar_exterior": 0.0,
        "ricci_scalar_interior": 0.0
      },
      "local_observables": {
        "Ktheta_in": 0.1,
        "Ktheta_out": 0.09,
        "Rdot": -0.0,
        "jump_Ktheta_expected_minus_m0_over_R2": -0.01,
        "jump_Ktheta_out_minus_in": -0.010000000000000009,
        "jump_Ktheta_residual": -8.673617379884035e-18,
        "shell_rest_mass_m0": 1.0,
        "shell_surface_density_sigma": 0.0007957747154594767
      }
    },
    {
      "causal_structure": {
        "horizon_radius_2M": 1.9,
        "inside_horizon": false,
        "note": "Both sides can have perfectly regular vacuum invariants, while the shell\u2019s distributional stress-energy appears through the extrinsic curvature jump."
      },
      "coordinates": {
        "R": 10.0,
        "tau": 8.859999999999856
      },
      "curvature_invariants": {
        "kretschmann_exterior_at_shell": 4.332e-05,
        "kretschmann_interior": 0.0,
        "ricci_scalar_exterior": 0.0,
        "ricci_scalar_interior": 0.0
      },
      "local_observables": {
        "Ktheta_in": 0.1,
        "Ktheta_out": 0.09,
        "Rdot": -0.0,
        "jump_Ktheta_expected_minus_m0_over_R2": -0.01,
        "jump_Ktheta_out_minus_in": -0.010000000000000009,
        "jump_Ktheta_residual": -8.673617379884035e-18,
        "shell_rest_mass_m0": 1.0,
        "shell_surface_density_sigma": 0.0007957747154594767
      }
    },
    {
      "causal_structure": {
        "horizon_radius_2M": 1.9,
        "inside_horizon": false,
        "note": "Both sides can have perfectly regular vacuum invariants, while the shell\u2019s distributional stress-energy appears through the extrinsic curvature jump."
      },
      "coordinates": {
        "R": 10.0,
        "tau": 9.489999999999842
      },
      "curvature_invariants": {
        "kretschmann_exterior_at_shell": 4.332e-05,
        "kretschmann_interior": 0.0,
        "ricci_scalar_exterior": 0.0,
        "ricci_scalar_interior": 0.0
      },
      "local_observables": {
        "Ktheta_in": 0.1,
        "Ktheta_out": 0.09,
        "Rdot": -0.0,
        "jump_Ktheta_expected_minus_m0_over_R2": -0.01,
        "jump_Ktheta_out_minus_in": -0.010000000000000009,
        "jump_Ktheta_residual": -8.673617379884035e-18,
        "shell_rest_mass_m0": 1.0,
        "shell_surface_density_sigma": 0.0007957747154594767
      }
    },
    {
      "causal_structure": {
        "horizon_radius_2M": 1.9,
        "inside_horizon": false,
        "note": "Both sides can have perfectly regular vacuum invariants, while the shell\u2019s distributional stress-energy appears through the extrinsic curvature jump."
      },
      "coordinates": {
        "R": 10.0,
        "tau": 10.129999999999828
      },
      "curvature_invariants": {
        "kretschmann_exterior_at_shell": 4.332e-05,
        "kretschmann_interior": 0.0,
        "ricci_scalar_exterior": 0.0,
        "ricci_scalar_interior": 0.0
      },
      "local_observables": {
        "Ktheta_in": 0.1,
        "Ktheta_out": 0.09,
        "Rdot": -0.0,
        "jump_Ktheta_expected_minus_m0_over_R2": -0.01,
        "jump_Ktheta_out_minus_in": -0.010000000000000009,
        "jump_Ktheta_residual": -8.673617379884035e-18,
        "shell_rest_mass_m0": 1.0,
        "shell_surface_density_sigma": 0.0007957747154594767
      }
    },
    {
      "causal_structure": {
        "horizon_radius_2M": 1.9,
        "inside_horizon": false,
        "note": "Both sides can have perfectly regular vacuum invariants, while the shell\u2019s distributional stress-energy appears through the extrinsic curvature jump."
      },
      "coordinates": {
        "R": 10.0,
        "tau": 10.759999999999815
      },
      "curvature_invariants": {
        "kretschmann_exterior_at_shell": 4.332e-05,
        "kretschmann_interior": 0.0,
        "ricci_scalar_exterior": 0.0,
        "ricci_scalar_interior": 0.0
      },
      "local_observables": {
        "Ktheta_in": 0.1,
        "Ktheta_out": 0.09,
        "Rdot": -0.0,
        "jump_Ktheta_expected_minus_m0_over_R2": -0.01,
        "jump_Ktheta_out_minus_in": -0.010000000000000009,
        "jump_Ktheta_residual": -8.673617379884035e-18,
        "shell_rest_mass_m0": 1.0,
        "shell_surface_density_sigma": 0.0007957747154594767
      }
    },
    {
      "causal_structure": {
        "horizon_radius_2M": 1.9,
        "inside_horizon": false,
        "note": "Both sides can have perfectly regular vacuum invariants, while the shell\u2019s distributional stress-energy appears through the extrinsic curvature jump."
      },
      "coordinates": {
        "R": 10.0,
        "tau": 11.389999999999802
      },
      "curvature_invariants": {
        "kretschmann_exterior_at_shell": 4.332e-05,
        "kretschmann_interior": 0.0,
        "ricci_scalar_exterior": 0.0,
        "ricci_scalar_interior": 0.0
      },
      "local_observables": {
        "Ktheta_in": 0.1,
        "Ktheta_out": 0.09,
        "Rdot": -0.0,
        "jump_Ktheta_expected_minus_m0_over_R2": -0.01,
        "jump_Ktheta_out_minus_in": -0.010000000000000009,
        "jump_Ktheta_residual": -8.673617379884035e-18,
        "shell_rest_mass_m0": 1.0,
        "shell_surface_density_sigma": 0.0007957747154594767
      }
    },
    {
      "causal_structure": {
        "horizon_radius_2M": 1.9,
        "inside_horizon": false,
        "note": "Both sides can have perfectly regular vacuum invariants, while the shell\u2019s distributional stress-energy appears through the extrinsic curvature jump."
      },
      "coordinates": {
        "R": 10.0,
        "tau": 12.029999999999788
      },
      "curvature_invariants": {
        "kretschmann_exterior_at_shell": 4.332e-05,
        "kretschmann_interior": 0.0,
        "ricci_scalar_exterior": 0.0,
        "ricci_scalar_interior": 0.0
      },
      "local_observables": {
        "Ktheta_in": 0.1,
        "Ktheta_out": 0.09,
        "Rdot": -0.0,
        "jump_Ktheta_expected_minus_m0_over_R2": -0.01,
        "jump_Ktheta_out_minus_in": -0.010000000000000009,
        "jump_Ktheta_residual": -8.673617379884035e-18,
        "shell_rest_mass_m0": 1.0,
        "shell_surface_density_sigma": 0.0007957747154594767
      }
    },
    {
      "causal_structure": {
        "horizon_radius_2M": 1.9,
        "inside_horizon": false,
        "note": "Both sides can have perfectly regular vacuum invariants, while the shell\u2019s distributional stress-energy appears through the extrinsic curvature jump."
      },
      "coordinates": {
        "R": 10.0,
        "tau": 12.659999999999775
      },
      "curvature_invariants": {
        "kretschmann_exterior_at_shell": 4.332e-05,
        "kretschmann_interior": 0.0,
        "ricci_scalar_exterior": 0.0,
        "ricci_scalar_interior": 0.0
      },
      "local_observables": {
        "Ktheta_in": 0.1,
        "Ktheta_out": 0.09,
        "Rdot": -0.0,
        "jump_Ktheta_expected_minus_m0_over_R2": -0.01,
        "jump_Ktheta_out_minus_in": -0.010000000000000009,
        "jump_Ktheta_residual": -8.673617379884035e-18,
        "shell_rest_mass_m0": 1.0,
        "shell_surface_density_sigma": 0.0007957747154594767
      }
    },
    {
      "causal_structure": {
        "horizon_radius_2M": 1.9,
        "inside_horizon": false,
        "note": "Both sides can have perfectly regular vacuum invariants, while the shell\u2019s distributional stress-energy appears through the extrinsic curvature jump."
      },
      "coordinates": {
        "R": 10.0,
        "tau": 13.289999999999761
      },
      "curvature_invariants": {
        "kretschmann_exterior_at_shell": 4.332e-05,
        "kretschmann_interior": 0.0,
        "ricci_scalar_exterior": 0.0,
        "ricci_scalar_interior": 0.0
      },
      "local_observables": {
        "Ktheta_in": 0.1,
        "Ktheta_out": 0.09,
        "Rdot": -0.0,
        "jump_Ktheta_expected_minus_m0_over_R2": -0.01,
        "jump_Ktheta_out_minus_in": -0.010000000000000009,
        "jump_Ktheta_residual": -8.673617379884035e-18,
        "shell_rest_mass_m0": 1.0,
        "shell_surface_density_sigma": 0.0007957747154594767
      }
    },
    {
      "causal_structure": {
        "horizon_radius_2M": 1.9,
        "inside_horizon": false,
        "note": "Both sides can have perfectly regular vacuum invariants, while the shell\u2019s distributional stress-energy appears through the extrinsic curvature jump."
      },
      "coordinates": {
        "R": 10.0,
        "tau": 13.919999999999748
      },
      "curvature_invariants": {
        "kretschmann_exterior_at_shell": 4.332e-05,
        "kretschmann_interior": 0.0,
        "ricci_scalar_exterior": 0.0,
        "ricci_scalar_interior": 0.0
      },
      "local_observables": {
        "Ktheta_in": 0.1,
        "Ktheta_out": 0.09,
        "Rdot": -0.0,
        "jump_Ktheta_expected_minus_m0_over_R2": -0.01,
        "jump_Ktheta_out_minus_in": -0.010000000000000009,
        "jump_Ktheta_residual": -8.673617379884035e-18,
        "shell_rest_mass_m0": 1.0,
        "shell_surface_density_sigma": 0.0007957747154594767
      }
    },
    {
      "causal_structure": {
        "horizon_radius_2M": 1.9,
        "inside_horizon": false,
        "note": "Both sides can have perfectly regular vacuum invariants, while the shell\u2019s distributional stress-energy appears through the extrinsic curvature jump."
      },
      "coordinates": {
        "R": 10.0,
        "tau": 14.559999999999734
      },
      "curvature_invariants": {
        "kretschmann_exterior_at_shell": 4.332e-05,
        "kretschmann_interior": 0.0,
        "ricci_scalar_exterior": 0.0,
        "ricci_scalar_interior": 0.0
      },
      "local_observables": {
        "Ktheta_in": 0.1,
        "Ktheta_out": 0.09,
        "Rdot": -0.0,
        "jump_Ktheta_expected_minus_m0_over_R2": -0.01,
        "jump_Ktheta_out_minus_in": -0.010000000000000009,
        "jump_Ktheta_residual": -8.673617379884035e-18,
        "shell_rest_mass_m0": 1.0,
        "shell_surface_density_sigma": 0.0007957747154594767
      }
    },
    {
      "causal_structure": {
        "horizon_radius_2M": 1.9,
        "inside_horizon": false,
        "note": "Both sides can have perfectly regular vacuum invariants, while the shell\u2019s distributional stress-energy appears through the extrinsic curvature jump."
      },
      "coordinates": {
        "R": 10.0,
        "tau": 15.18999999999972
      },
      "curvature_invariants": {
        "kretschmann_exterior_at_shell": 4.332e-05,
        "kretschmann_interior": 0.0,
        "ricci_scalar_exterior": 0.0,
        "ricci_scalar_interior": 0.0
      },
      "local_observables": {
        "Ktheta_in": 0.1,
        "Ktheta_out": 0.09,
        "Rdot": -0.0,
        "jump_Ktheta_expected_minus_m0_over_R2": -0.01,
        "jump_Ktheta_out_minus_in": -0.010000000000000009,
        "jump_Ktheta_residual": -8.673617379884035e-18,
        "shell_rest_mass_m0": 1.0,
        "shell_surface_density_sigma": 0.0007957747154594767
      }
    },
    {
      "causal_structure": {
        "horizon_radius_2M": 1.9,
        "inside_horizon": false,
        "note": "Both sides can have perfectly regular vacuum invariants, while the shell\u2019s distributional stress-energy appears through the extrinsic curvature jump."
      },
      "coordinates": {
        "R": 10.0,
        "tau": 15.819999999999707
      },
      "curvature_invariants": {
        "kretschmann_exterior_at_shell": 4.332e-05,
        "kretschmann_interior": 0.0,
        "ricci_scalar_exterior": 0.0,
        "ricci_scalar_interior": 0.0
      },
      "local_observables": {
        "Ktheta_in": 0.1,
        "Ktheta_out": 0.09,
        "Rdot": -0.0,
        "jump_Ktheta_expected_minus_m0_over_R2": -0.01,
        "jump_Ktheta_out_minus_in": -0.010000000000000009,
        "jump_Ktheta_residual": -8.673617379884035e-18,
        "shell_rest_mass_m0": 1.0,
        "shell_surface_density_sigma": 0.0007957747154594767
      }
    },
    {
      "causal_structure": {
        "horizon_radius_2M": 1.9,
        "inside_horizon": false,
        "note": "Both sides can have perfectly regular vacuum invariants, while the shell\u2019s distributional stress-energy appears through the extrinsic curvature jump."
      },
      "coordinates": {
        "R": 10.0,
        "tau": 16.459999999999773
      },
      "curvature_invariants": {
        "kretschmann_exterior_at_shell": 4.332e-05,
        "kretschmann_interior": 0.0,
        "ricci_scalar_exterior": 0.0,
        "ricci_scalar_interior": 0.0
      },
      "local_observables": {
        "Ktheta_in": 0.1,
        "Ktheta_out": 0.09,
        "Rdot": -0.0,
        "jump_Ktheta_expected_minus_m0_over_R2": -0.01,
        "jump_Ktheta_out_minus_in": -0.010000000000000009,
        "jump_Ktheta_residual": -8.673617379884035e-18,
        "shell_rest_mass_m0": 1.0,
        "shell_surface_density_sigma": 0.0007957747154594767
      }
    },
    {
      "causal_structure": {
        "horizon_radius_2M": 1.9,
        "inside_horizon": false,
        "note": "Both sides can have perfectly regular vacuum invariants, while the shell\u2019s distributional stress-energy appears through the extrinsic curvature jump."
      },
      "coordinates": {
        "R": 10.0,
        "tau": 17.089999999999872
      },
      "curvature_invariants": {
        "kretschmann_exterior_at_shell": 4.332e-05,
        "kretschmann_interior": 0.0,
        "ricci_scalar_exterior": 0.0,
        "ricci_scalar_interior": 0.0
      },
      "local_observables": {
        "Ktheta_in": 0.1,
        "Ktheta_out": 0.09,
        "Rdot": -0.0,
        "jump_Ktheta_expected_minus_m0_over_R2": -0.01,
        "jump_Ktheta_out_minus_in": -0.010000000000000009,
        "jump_Ktheta_residual": -8.673617379884035e-18,
        "shell_rest_mass_m0": 1.0,
        "shell_surface_density_sigma": 0.0007957747154594767
      }
    },
    {
      "causal_structure": {
        "horizon_radius_2M": 1.9,
        "inside_horizon": false,
        "note": "Both sides can have perfectly regular vacuum invariants, while the shell\u2019s distributional stress-energy appears through the extrinsic curvature jump."
      },
      "coordinates": {
        "R": 10.0,
        "tau": 17.71999999999997
      },
      "curvature_invariants": {
        "kretschmann_exterior_at_shell": 4.332e-05,
        "kretschmann_interior": 0.0,
        "ricci_scalar_exterior": 0.0,
        "ricci_scalar_interior": 0.0
      },
      "local_observables": {
        "Ktheta_in": 0.1,
        "Ktheta_out": 0.09,
        "Rdot": -0.0,
        "jump_Ktheta_expected_minus_m0_over_R2": -0.01,
        "jump_Ktheta_out_minus_in": -0.010000000000000009,
        "jump_Ktheta_residual": -8.673617379884035e-18,
        "shell_rest_mass_m0": 1.0,
        "shell_surface_density_sigma": 0.0007957747154594767
      }
    },
    {
      "causal_structure": {
        "horizon_radius_2M": 1.9,
        "inside_horizon": false,
        "note": "Both sides can have perfectly regular vacuum invariants, while the shell\u2019s distributional stress-energy appears through the extrinsic curvature jump."
      },
      "coordinates": {
        "R": 10.0,
        "tau": 18.35000000000007
      },
      "curvature_invariants": {
        "kretschmann_exterior_at_shell": 4.332e-05,
        "kretschmann_interior": 0.0,
        "ricci_scalar_exterior": 0.0,
        "ricci_scalar_interior": 0.0
      },
      "local_observables": {
        "Ktheta_in": 0.1,
        "Ktheta_out": 0.09,
        "Rdot": -0.0,
        "jump_Ktheta_expected_minus_m0_over_R2": -0.01,
        "jump_Ktheta_out_minus_in": -0.010000000000000009,
        "jump_Ktheta_residual": -8.673617379884035e-18,
        "shell_rest_mass_m0": 1.0,
        "shell_surface_density_sigma": 0.0007957747154594767
      }
    },
    {
      "causal_structure": {
        "horizon_radius_2M": 1.9,
        "inside_horizon": false,
        "note": "Both sides can have perfectly regular vacuum invariants, while the shell\u2019s distributional stress-energy appears through the extrinsic curvature jump."
      },
      "coordinates": {
        "R": 10.0,
        "tau": 18.99000000000017
      },
      "curvature_invariants": {
        "kretschmann_exterior_at_shell": 4.332e-05,
        "kretschmann_interior": 0.0,
        "ricci_scalar_exterior": 0.0,
        "ricci_scalar_interior": 0.0
      },
      "local_observables": {
        "Ktheta_in": 0.1,
        "Ktheta_out": 0.09,
        "Rdot": -0.0,
        "jump_Ktheta_expected_minus_m0_over_R2": -0.01,
        "jump_Ktheta_out_minus_in": -0.010000000000000009,
        "jump_Ktheta_residual": -8.673617379884035e-18,
        "shell_rest_mass_m0": 1.0,
        "shell_surface_density_sigma": 0.0007957747154594767
      }
    },
    {
      "causal_structure": {
        "horizon_radius_2M": 1.9,
        "inside_horizon": false,
        "note": "Both sides can have perfectly regular vacuum invariants, while the shell\u2019s distributional stress-energy appears through the extrinsic curvature jump."
      },
      "coordinates": {
        "R": 10.0,
        "tau": 19.620000000000267
      },
      "curvature_invariants": {
        "kretschmann_exterior_at_shell": 4.332e-05,
        "kretschmann_interior": 0.0,
        "ricci_scalar_exterior": 0.0,
        "ricci_scalar_interior": 0.0
      },
      "local_observables": {
        "Ktheta_in": 0.1,
        "Ktheta_out": 0.09,
        "Rdot": -0.0,
        "jump_Ktheta_expected_minus_m0_over_R2": -0.01,
        "jump_Ktheta_out_minus_in": -0.010000000000000009,
        "jump_Ktheta_residual": -8.673617379884035e-18,
        "shell_rest_mass_m0": 1.0,
        "shell_surface_density_sigma": 0.0007957747154594767
      }
    },
    {
      "causal_structure": {
        "horizon_radius_2M": 1.9,
        "inside_horizon": false,
        "note": "Both sides can have perfectly regular vacuum invariants, while the shell\u2019s distributional stress-energy appears through the extrinsic curvature jump."
      },
      "coordinates": {
        "R": 10.0,
        "tau": 20.250000000000366
      },
      "curvature_invariants": {
        "kretschmann_exterior_at_shell": 4.332e-05,
        "kretschmann_interior": 0.0,
        "ricci_scalar_exterior": 0.0,
        "ricci_scalar_interior": 0.0
      },
      "local_observables": {
        "Ktheta_in": 0.1,
        "Ktheta_out": 0.09,
        "Rdot": -0.0,
        "jump_Ktheta_expected_minus_m0_over_R2": -0.01,
        "jump_Ktheta_out_minus_in": -0.010000000000000009,
        "jump_Ktheta_residual": -8.673617379884035e-18,
        "shell_rest_mass_m0": 1.0,
        "shell_surface_density_sigma": 0.0007957747154594767
      }
    },
    {
      "causal_structure": {
        "horizon_radius_2M": 1.9,
        "inside_horizon": false,
        "note": "Both sides can have perfectly regular vacuum invariants, while the shell\u2019s distributional stress-energy appears through the extrinsic curvature jump."
      },
      "coordinates": {
        "R": 10.0,
        "tau": 20.890000000000466
      },
      "curvature_invariants": {
        "kretschmann_exterior_at_shell": 4.332e-05,
        "kretschmann_interior": 0.0,
        "ricci_scalar_exterior": 0.0,
        "ricci_scalar_interior": 0.0
      },
      "local_observables": {
        "Ktheta_in": 0.1,
        "Ktheta_out": 0.09,
        "Rdot": -0.0,
        "jump_Ktheta_expected_minus_m0_over_R2": -0.01,
        "jump_Ktheta_out_minus_in": -0.010000000000000009,
        "jump_Ktheta_residual": -8.673617379884035e-18,
        "shell_rest_mass_m0": 1.0,
        "shell_surface_density_sigma": 0.0007957747154594767
      }
    },
    {
      "causal_structure": {
        "horizon_radius_2M": 1.9,
        "inside_horizon": false,
        "note": "Both sides can have perfectly regular vacuum invariants, while the shell\u2019s distributional stress-energy appears through the extrinsic curvature jump."
      },
      "coordinates": {
        "R": 10.0,
        "tau": 21.520000000000564
      },
      "curvature_invariants": {
        "kretschmann_exterior_at_shell": 4.332e-05,
        "kretschmann_interior": 0.0,
        "ricci_scalar_exterior": 0.0,
        "ricci_scalar_interior": 0.0
      },
      "local_observables": {
        "Ktheta_in": 0.1,
        "Ktheta_out": 0.09,
        "Rdot": -0.0,
        "jump_Ktheta_expected_minus_m0_over_R2": -0.01,
        "jump_Ktheta_out_minus_in": -0.010000000000000009,
        "jump_Ktheta_residual": -8.673617379884035e-18,
        "shell_rest_mass_m0": 1.0,
        "shell_surface_density_sigma": 0.0007957747154594767
      }
    },
    {
      "causal_structure": {
        "horizon_radius_2M": 1.9,
        "inside_horizon": false,
        "note": "Both sides can have perfectly regular vacuum invariants, while the shell\u2019s distributional stress-energy appears through the extrinsic curvature jump."
      },
      "coordinates": {
        "R": 10.0,
        "tau": 22.150000000000663
      },
      "curvature_invariants": {
        "kretschmann_exterior_at_shell": 4.332e-05,
        "kretschmann_interior": 0.0,
        "ricci_scalar_exterior": 0.0,
        "ricci_scalar_interior": 0.0
      },
      "local_observables": {
        "Ktheta_in": 0.1,
        "Ktheta_out": 0.09,
        "Rdot": -0.0,
        "jump_Ktheta_expected_minus_m0_over_R2": -0.01,
        "jump_Ktheta_out_minus_in": -0.010000000000000009,
        "jump_Ktheta_residual": -8.673617379884035e-18,
        "shell_rest_mass_m0": 1.0,
        "shell_surface_density_sigma": 0.0007957747154594767
      }
    },
    {
      "causal_structure": {
        "horizon_radius_2M": 1.9,
        "inside_horizon": false,
        "note": "Both sides can have perfectly regular vacuum invariants, while the shell\u2019s distributional stress-energy appears through the extrinsic curvature jump."
      },
      "coordinates": {
        "R": 10.0,
        "tau": 22.78000000000076
      },
      "curvature_invariants": {
        "kretschmann_exterior_at_shell": 4.332e-05,
        "kretschmann_interior": 0.0,
        "ricci_scalar_exterior": 0.0,
        "ricci_scalar_interior": 0.0
      },
      "local_observables": {
        "Ktheta_in": 0.1,
        "Ktheta_out": 0.09,
        "Rdot": -0.0,
        "jump_Ktheta_expected_minus_m0_over_R2": -0.01,
        "jump_Ktheta_out_minus_in": -0.010000000000000009,
        "jump_Ktheta_residual": -8.673617379884035e-18,
        "shell_rest_mass_m0": 1.0,
        "shell_surface_density_sigma": 0.0007957747154594767
      }
    },
    {
      "causal_structure": {
        "horizon_radius_2M": 1.9,
        "inside_horizon": false,
        "note": "Both sides can have perfectly regular vacuum invariants, while the shell\u2019s distributional stress-energy appears through the extrinsic curvature jump."
      },
      "coordinates": {
        "R": 10.0,
        "tau": 23.42000000000086
      },
      "curvature_invariants": {
        "kretschmann_exterior_at_shell": 4.332e-05,
        "kretschmann_interior": 0.0,
        "ricci_scalar_exterior": 0.0,
        "ricci_scalar_interior": 0.0
      },
      "local_observables": {
        "Ktheta_in": 0.1,
        "Ktheta_out": 0.09,
        "Rdot": -0.0,
        "jump_Ktheta_expected_minus_m0_over_R2": -0.01,
        "jump_Ktheta_out_minus_in": -0.010000000000000009,
        "jump_Ktheta_residual": -8.673617379884035e-18,
        "shell_rest_mass_m0": 1.0,
        "shell_surface_density_sigma": 0.0007957747154594767
      }
    },
    {
      "causal_structure": {
        "horizon_radius_2M": 1.9,
        "inside_horizon": false,
        "note": "Both sides can have perfectly regular vacuum invariants, while the shell\u2019s distributional stress-energy appears through the extrinsic curvature jump."
      },
      "coordinates": {
        "R": 10.0,
        "tau": 24.05000000000096
      },
      "curvature_invariants": {
        "kretschmann_exterior_at_shell": 4.332e-05,
        "kretschmann_interior": 0.0,
        "ricci_scalar_exterior": 0.0,
        "ricci_scalar_interior": 0.0
      },
      "local_observables": {
        "Ktheta_in": 0.1,
        "Ktheta_out": 0.09,
        "Rdot": -0.0,
        "jump_Ktheta_expected_minus_m0_over_R2": -0.01,
        "jump_Ktheta_out_minus_in": -0.010000000000000009,
        "jump_Ktheta_residual": -8.673617379884035e-18,
        "shell_rest_mass_m0": 1.0,
        "shell_surface_density_sigma": 0.0007957747154594767
      }
    },
    {
      "causal_structure": {
        "horizon_radius_2M": 1.9,
        "inside_horizon": false,
        "note": "Both sides can have perfectly regular vacuum invariants, while the shell\u2019s distributional stress-energy appears through the extrinsic curvature jump."
      },
      "coordinates": {
        "R": 10.0,
        "tau": 24.68000000000106
      },
      "curvature_invariants": {
        "kretschmann_exterior_at_shell": 4.332e-05,
        "kretschmann_interior": 0.0,
        "ricci_scalar_exterior": 0.0,
        "ricci_scalar_interior": 0.0
      },
      "local_observables": {
        "Ktheta_in": 0.1,
        "Ktheta_out": 0.09,
        "Rdot": -0.0,
        "jump_Ktheta_expected_minus_m0_over_R2": -0.01,
        "jump_Ktheta_out_minus_in": -0.010000000000000009,
        "jump_Ktheta_residual": -8.673617379884035e-18,
        "shell_rest_mass_m0": 1.0,
        "shell_surface_density_sigma": 0.0007957747154594767
      }
    },
    {
      "causal_structure": {
        "horizon_radius_2M": 1.9,
        "inside_horizon": false,
        "note": "Both sides can have perfectly regular vacuum invariants, while the shell\u2019s distributional stress-energy appears through the extrinsic curvature jump."
      },
      "coordinates": {
        "R": 10.0,
        "tau": 25.32000000000116
      },
      "curvature_invariants": {
        "kretschmann_exterior_at_shell": 4.332e-05,
        "kretschmann_interior": 0.0,
        "ricci_scalar_exterior": 0.0,
        "ricci_scalar_interior": 0.0
      },
      "local_observables": {
        "Ktheta_in": 0.1,
        "Ktheta_out": 0.09,
        "Rdot": -0.0,
        "jump_Ktheta_expected_minus_m0_over_R2": -0.01,
        "jump_Ktheta_out_minus_in": -0.010000000000000009,
        "jump_Ktheta_residual": -8.673617379884035e-18,
        "shell_rest_mass_m0": 1.0,
        "shell_surface_density_sigma": 0.0007957747154594767
      }
    },
    {
      "causal_structure": {
        "horizon_radius_2M": 1.9,
        "inside_horizon": false,
        "note": "Both sides can have perfectly regular vacuum invariants, while the shell\u2019s distributional stress-energy appears through the extrinsic curvature jump."
      },
      "coordinates": {
        "R": 10.0,
        "tau": 25.950000000001257
      },
      "curvature_invariants": {
        "kretschmann_exterior_at_shell": 4.332e-05,
        "kretschmann_interior": 0.0,
        "ricci_scalar_exterior": 0.0,
        "ricci_scalar_interior": 0.0
      },
      "local_observables": {
        "Ktheta_in": 0.1,
        "Ktheta_out": 0.09,
        "Rdot": -0.0,
        "jump_Ktheta_expected_minus_m0_over_R2": -0.01,
        "jump_Ktheta_out_minus_in": -0.010000000000000009,
        "jump_Ktheta_residual": -8.673617379884035e-18,
        "shell_rest_mass_m0": 1.0,
        "shell_surface_density_sigma": 0.0007957747154594767
      }
    },
    {
      "causal_structure": {
        "horizon_radius_2M": 1.9,
        "inside_horizon": false,
        "note": "Both sides can have perfectly regular vacuum invariants, while the shell\u2019s distributional stress-energy appears through the extrinsic curvature jump."
      },
      "coordinates": {
        "R": 10.0,
        "tau": 26.580000000001355
      },
      "curvature_invariants": {
        "kretschmann_exterior_at_shell": 4.332e-05,
        "kretschmann_interior": 0.0,
        "ricci_scalar_exterior": 0.0,
        "ricci_scalar_interior": 0.0
      },
      "local_observables": {
        "Ktheta_in": 0.1,
        "Ktheta_out": 0.09,
        "Rdot": -0.0,
        "jump_Ktheta_expected_minus_m0_over_R2": -0.01,
        "jump_Ktheta_out_minus_in": -0.010000000000000009,
        "jump_Ktheta_residual": -8.673617379884035e-18,
        "shell_rest_mass_m0": 1.0,
        "shell_surface_density_sigma": 0.0007957747154594767
      }
    },
    {
      "causal_structure": {
        "horizon_radius_2M": 1.9,
        "inside_horizon": false,
        "note": "Both sides can have perfectly regular vacuum invariants, while the shell\u2019s distributional stress-energy appears through the extrinsic curvature jump."
      },
      "coordinates": {
        "R": 10.0,
        "tau": 27.220000000001455
      },
      "curvature_invariants": {
        "kretschmann_exterior_at_shell": 4.332e-05,
        "kretschmann_interior": 0.0,
        "ricci_scalar_exterior": 0.0,
        "ricci_scalar_interior": 0.0
      },
      "local_observables": {
        "Ktheta_in": 0.1,
        "Ktheta_out": 0.09,
        "Rdot": -0.0,
        "jump_Ktheta_expected_minus_m0_over_R2": -0.01,
        "jump_Ktheta_out_minus_in": -0.010000000000000009,
        "jump_Ktheta_residual": -8.673617379884035e-18,
        "shell_rest_mass_m0": 1.0,
        "shell_surface_density_sigma": 0.0007957747154594767
      }
    },
    {
      "causal_structure": {
        "horizon_radius_2M": 1.9,
        "inside_horizon": false,
        "note": "Both sides can have perfectly regular vacuum invariants, while the shell\u2019s distributional stress-energy appears through the extrinsic curvature jump."
      },
      "coordinates": {
        "R": 10.0,
        "tau": 27.850000000001554
      },
      "curvature_invariants": {
        "kretschmann_exterior_at_shell": 4.332e-05,
        "kretschmann_interior": 0.0,
        "ricci_scalar_exterior": 0.0,
        "ricci_scalar_interior": 0.0
      },
      "local_observables": {
        "Ktheta_in": 0.1,
        "Ktheta_out": 0.09,
        "Rdot": -0.0,
        "jump_Ktheta_expected_minus_m0_over_R2": -0.01,
        "jump_Ktheta_out_minus_in": -0.010000000000000009,
        "jump_Ktheta_residual": -8.673617379884035e-18,
        "shell_rest_mass_m0": 1.0,
        "shell_surface_density_sigma": 0.0007957747154594767
      }
    },
    {
      "causal_structure": {
        "horizon_radius_2M": 1.9,
        "inside_horizon": false,
        "note": "Both sides can have perfectly regular vacuum invariants, while the shell\u2019s distributional stress-energy appears through the extrinsic curvature jump."
      },
      "coordinates": {
        "R": 10.0,
        "tau": 28.480000000001652
      },
      "curvature_invariants": {
        "kretschmann_exterior_at_shell": 4.332e-05,
        "kretschmann_interior": 0.0,
        "ricci_scalar_exterior": 0.0,
        "ricci_scalar_interior": 0.0
      },
      "local_observables": {
        "Ktheta_in": 0.1,
        "Ktheta_out": 0.09,
        "Rdot": -0.0,
        "jump_Ktheta_expected_minus_m0_over_R2": -0.01,
        "jump_Ktheta_out_minus_in": -0.010000000000000009,
        "jump_Ktheta_residual": -8.673617379884035e-18,
        "shell_rest_mass_m0": 1.0,
        "shell_surface_density_sigma": 0.0007957747154594767
      }
    },
    {
      "causal_structure": {
        "horizon_radius_2M": 1.9,
        "inside_horizon": false,
        "note": "Both sides can have perfectly regular vacuum invariants, while the shell\u2019s distributional stress-energy appears through the extrinsic curvature jump."
      },
      "coordinates": {
        "R": 10.0,
        "tau": 29.11000000000175
      },
      "curvature_invariants": {
        "kretschmann_exterior_at_shell": 4.332e-05,
        "kretschmann_interior": 0.0,
        "ricci_scalar_exterior": 0.0,
        "ricci_scalar_interior": 0.0
      },
      "local_observables": {
        "Ktheta_in": 0.1,
        "Ktheta_out": 0.09,
        "Rdot": -0.0,
        "jump_Ktheta_expected_minus_m0_over_R2": -0.01,
        "jump_Ktheta_out_minus_in": -0.010000000000000009,
        "jump_Ktheta_residual": -8.673617379884035e-18,
        "shell_rest_mass_m0": 1.0,
        "shell_surface_density_sigma": 0.0007957747154594767
      }
    },
    {
      "causal_structure": {
        "horizon_radius_2M": 1.9,
        "inside_horizon": false,
        "note": "Both sides can have perfectly regular vacuum invariants, while the shell\u2019s distributional stress-energy appears through the extrinsic curvature jump."
      },
      "coordinates": {
        "R": 10.0,
        "tau": 29.75000000000185
      },
      "curvature_invariants": {
        "kretschmann_exterior_at_shell": 4.332e-05,
        "kretschmann_interior": 0.0,
        "ricci_scalar_exterior": 0.0,
        "ricci_scalar_interior": 0.0
      },
      "local_observables": {
        "Ktheta_in": 0.1,
        "Ktheta_out": 0.09,
        "Rdot": -0.0,
        "jump_Ktheta_expected_minus_m0_over_R2": -0.01,
        "jump_Ktheta_out_minus_in": -0.010000000000000009,
        "jump_Ktheta_residual": -8.673617379884035e-18,
        "shell_rest_mass_m0": 1.0,
        "shell_surface_density_sigma": 0.0007957747154594767
      }
    },
    {
      "causal_structure": {
        "horizon_radius_2M": 1.9,
        "inside_horizon": false,
        "note": "Both sides can have perfectly regular vacuum invariants, while the shell\u2019s distributional stress-energy appears through the extrinsic curvature jump."
      },
      "coordinates": {
        "R": 10.0,
        "tau": 30.38000000000195
      },
      "curvature_invariants": {
        "kretschmann_exterior_at_shell": 4.332e-05,
        "kretschmann_interior": 0.0,
        "ricci_scalar_exterior": 0.0,
        "ricci_scalar_interior": 0.0
      },
      "local_observables": {
        "Ktheta_in": 0.1,
        "Ktheta_out": 0.09,
        "Rdot": -0.0,
        "jump_Ktheta_expected_minus_m0_over_R2": -0.01,
        "jump_Ktheta_out_minus_in": -0.010000000000000009,
        "jump_Ktheta_residual": -8.673617379884035e-18,
        "shell_rest_mass_m0": 1.0,
        "shell_surface_density_sigma": 0.0007957747154594767
      }
    },
    {
      "causal_structure": {
        "horizon_radius_2M": 1.9,
        "inside_horizon": false,
        "note": "Both sides can have perfectly regular vacuum invariants, while the shell\u2019s distributional stress-energy appears through the extrinsic curvature jump."
      },
      "coordinates": {
        "R": 10.0,
        "tau": 31.010000000002048
      },
      "curvature_invariants": {
        "kretschmann_exterior_at_shell": 4.332e-05,
        "kretschmann_interior": 0.0,
        "ricci_scalar_exterior": 0.0,
        "ricci_scalar_interior": 0.0
      },
      "local_observables": {
        "Ktheta_in": 0.1,
        "Ktheta_out": 0.09,
        "Rdot": -0.0,
        "jump_Ktheta_expected_minus_m0_over_R2": -0.01,
        "jump_Ktheta_out_minus_in": -0.010000000000000009,
        "jump_Ktheta_residual": -8.673617379884035e-18,
        "shell_rest_mass_m0": 1.0,
        "shell_surface_density_sigma": 0.0007957747154594767
      }
    },
    {
      "causal_structure": {
        "horizon_radius_2M": 1.9,
        "inside_horizon": false,
        "note": "Both sides can have perfectly regular vacuum invariants, while the shell\u2019s distributional stress-energy appears through the extrinsic curvature jump."
      },
      "coordinates": {
        "R": 10.0,
        "tau": 31.650000000002148
      },
      "curvature_invariants": {
        "kretschmann_exterior_at_shell": 4.332e-05,
        "kretschmann_interior": 0.0,
        "ricci_scalar_exterior": 0.0,
        "ricci_scalar_interior": 0.0
      },
      "local_observables": {
        "Ktheta_in": 0.1,
        "Ktheta_out": 0.09,
        "Rdot": -0.0,
        "jump_Ktheta_expected_minus_m0_over_R2": -0.01,
        "jump_Ktheta_out_minus_in": -0.010000000000000009,
        "jump_Ktheta_residual": -8.673617379884035e-18,
        "shell_rest_mass_m0": 1.0,
        "shell_surface_density_sigma": 0.0007957747154594767
      }
    },
    {
      "causal_structure": {
        "horizon_radius_2M": 1.9,
        "inside_horizon": false,
        "note": "Both sides can have perfectly regular vacuum invariants, while the shell\u2019s distributional stress-energy appears through the extrinsic curvature jump."
      },
      "coordinates": {
        "R": 10.0,
        "tau": 32.28000000000215
      },
      "curvature_invariants": {
        "kretschmann_exterior_at_shell": 4.332e-05,
        "kretschmann_interior": 0.0,
        "ricci_scalar_exterior": 0.0,
        "ricci_scalar_interior": 0.0
      },
      "local_observables": {
        "Ktheta_in": 0.1,
        "Ktheta_out": 0.09,
        "Rdot": -0.0,
        "jump_Ktheta_expected_minus_m0_over_R2": -0.01,
        "jump_Ktheta_out_minus_in": -0.010000000000000009,
        "jump_Ktheta_residual": -8.673617379884035e-18,
        "shell_rest_mass_m0": 1.0,
        "shell_surface_density_sigma": 0.0007957747154594767
      }
    },
    {
      "causal_structure": {
        "horizon_radius_2M": 1.9,
        "inside_horizon": false,
        "note": "Both sides can have perfectly regular vacuum invariants, while the shell\u2019s distributional stress-energy appears through the extrinsic curvature jump."
      },
      "coordinates": {
        "R": 10.0,
        "tau": 32.91000000000202
      },
      "curvature_invariants": {
        "kretschmann_exterior_at_shell": 4.332e-05,
        "kretschmann_interior": 0.0,
        "ricci_scalar_exterior": 0.0,
        "ricci_scalar_interior": 0.0
      },
      "local_observables": {
        "Ktheta_in": 0.1,
        "Ktheta_out": 0.09,
        "Rdot": -0.0,
        "jump_Ktheta_expected_minus_m0_over_R2": -0.01,
        "jump_Ktheta_out_minus_in": -0.010000000000000009,
        "jump_Ktheta_residual": -8.673617379884035e-18,
        "shell_rest_mass_m0": 1.0,
        "shell_surface_density_sigma": 0.0007957747154594767
      }
    },
    {
      "causal_structure": {
        "horizon_radius_2M": 1.9,
        "inside_horizon": false,
        "note": "Both sides can have perfectly regular vacuum invariants, while the shell\u2019s distributional stress-energy appears through the extrinsic curvature jump."
      },
      "coordinates": {
        "R": 10.0,
        "tau": 33.540000000001896
      },
      "curvature_invariants": {
        "kretschmann_exterior_at_shell": 4.332e-05,
        "kretschmann_interior": 0.0,
        "ricci_scalar_exterior": 0.0,
        "ricci_scalar_interior": 0.0
      },
      "local_observables": {
        "Ktheta_in": 0.1,
        "Ktheta_out": 0.09,
        "Rdot": -0.0,
        "jump_Ktheta_expected_minus_m0_over_R2": -0.01,
        "jump_Ktheta_out_minus_in": -0.010000000000000009,
        "jump_Ktheta_residual": -8.673617379884035e-18,
        "shell_rest_mass_m0": 1.0,
        "shell_surface_density_sigma": 0.0007957747154594767
      }
    },
    {
      "causal_structure": {
        "horizon_radius_2M": 1.9,
        "inside_horizon": false,
        "note": "Both sides can have perfectly regular vacuum invariants, while the shell\u2019s distributional stress-energy appears through the extrinsic curvature jump."
      },
      "coordinates": {
        "R": 10.0,
        "tau": 34.18000000000177
      },
      "curvature_invariants": {
        "kretschmann_exterior_at_shell": 4.332e-05,
        "kretschmann_interior": 0.0,
        "ricci_scalar_exterior": 0.0,
        "ricci_scalar_interior": 0.0
      },
      "local_observables": {
        "Ktheta_in": 0.1,
        "Ktheta_out": 0.09,
        "Rdot": -0.0,
        "jump_Ktheta_expected_minus_m0_over_R2": -0.01,
        "jump_Ktheta_out_minus_in": -0.010000000000000009,
        "jump_Ktheta_residual": -8.673617379884035e-18,
        "shell_rest_mass_m0": 1.0,
        "shell_surface_density_sigma": 0.0007957747154594767
      }
    },
    {
      "causal_structure": {
        "horizon_radius_2M": 1.9,
        "inside_horizon": false,
        "note": "Both sides can have perfectly regular vacuum invariants, while the shell\u2019s distributional stress-energy appears through the extrinsic curvature jump."
      },
      "coordinates": {
        "R": 10.0,
        "tau": 34.810000000001644
      },
      "curvature_invariants": {
        "kretschmann_exterior_at_shell": 4.332e-05,
        "kretschmann_interior": 0.0,
        "ricci_scalar_exterior": 0.0,
        "ricci_scalar_interior": 0.0
      },
      "local_observables": {
        "Ktheta_in": 0.1,
        "Ktheta_out": 0.09,
        "Rdot": -0.0,
        "jump_Ktheta_expected_minus_m0_over_R2": -0.01,
        "jump_Ktheta_out_minus_in": -0.010000000000000009,
        "jump_Ktheta_residual": -8.673617379884035e-18,
        "shell_rest_mass_m0": 1.0,
        "shell_surface_density_sigma": 0.0007957747154594767
      }
    },
    {
      "causal_structure": {
        "horizon_radius_2M": 1.9,
        "inside_horizon": false,
        "note": "Both sides can have perfectly regular vacuum invariants, while the shell\u2019s distributional stress-energy appears through the extrinsic curvature jump."
      },
      "coordinates": {
        "R": 10.0,
        "tau": 35.44000000000152
      },
      "curvature_invariants": {
        "kretschmann_exterior_at_shell": 4.332e-05,
        "kretschmann_interior": 0.0,
        "ricci_scalar_exterior": 0.0,
        "ricci_scalar_interior": 0.0
      },
      "local_observables": {
        "Ktheta_in": 0.1,
        "Ktheta_out": 0.09,
        "Rdot": -0.0,
        "jump_Ktheta_expected_minus_m0_over_R2": -0.01,
        "jump_Ktheta_out_minus_in": -0.010000000000000009,
        "jump_Ktheta_residual": -8.673617379884035e-18,
        "shell_rest_mass_m0": 1.0,
        "shell_surface_density_sigma": 0.0007957747154594767
      }
    },
    {
      "causal_structure": {
        "horizon_radius_2M": 1.9,
        "inside_horizon": false,
        "note": "Both sides can have perfectly regular vacuum invariants, while the shell\u2019s distributional stress-energy appears through the extrinsic curvature jump."
      },
      "coordinates": {
        "R": 10.0,
        "tau": 36.08000000000139
      },
      "curvature_invariants": {
        "kretschmann_exterior_at_shell": 4.332e-05,
        "kretschmann_interior": 0.0,
        "ricci_scalar_exterior": 0.0,
        "ricci_scalar_interior": 0.0
      },
      "local_observables": {
        "Ktheta_in": 0.1,
        "Ktheta_out": 0.09,
        "Rdot": -0.0,
        "jump_Ktheta_expected_minus_m0_over_R2": -0.01,
        "jump_Ktheta_out_minus_in": -0.010000000000000009,
        "jump_Ktheta_residual": -8.673617379884035e-18,
        "shell_rest_mass_m0": 1.0,
        "shell_surface_density_sigma": 0.0007957747154594767
      }
    },
    {
      "causal_structure": {
        "horizon_radius_2M": 1.9,
        "inside_horizon": false,
        "note": "Both sides can have perfectly regular vacuum invariants, while the shell\u2019s distributional stress-energy appears through the extrinsic curvature jump."
      },
      "coordinates": {
        "R": 10.0,
        "tau": 36.710000000001266
      },
      "curvature_invariants": {
        "kretschmann_exterior_at_shell": 4.332e-05,
        "kretschmann_interior": 0.0,
        "ricci_scalar_exterior": 0.0,
        "ricci_scalar_interior": 0.0
      },
      "local_observables": {
        "Ktheta_in": 0.1,
        "Ktheta_out": 0.09,
        "Rdot": -0.0,
        "jump_Ktheta_expected_minus_m0_over_R2": -0.01,
        "jump_Ktheta_out_minus_in": -0.010000000000000009,
        "jump_Ktheta_residual": -8.673617379884035e-18,
        "shell_rest_mass_m0": 1.0,
        "shell_surface_density_sigma": 0.0007957747154594767
      }
    },
    {
      "causal_structure": {
        "horizon_radius_2M": 1.9,
        "inside_horizon": false,
        "note": "Both sides can have perfectly regular vacuum invariants, while the shell\u2019s distributional stress-energy appears through the extrinsic curvature jump."
      },
      "coordinates": {
        "R": 10.0,
        "tau": 37.34000000000114
      },
      "curvature_invariants": {
        "kretschmann_exterior_at_shell": 4.332e-05,
        "kretschmann_interior": 0.0,
        "ricci_scalar_exterior": 0.0,
        "ricci_scalar_interior": 0.0
      },
      "local_observables": {
        "Ktheta_in": 0.1,
        "Ktheta_out": 0.09,
        "Rdot": -0.0,
        "jump_Ktheta_expected_minus_m0_over_R2": -0.01,
        "jump_Ktheta_out_minus_in": -0.010000000000000009,
        "jump_Ktheta_residual": -8.673617379884035e-18,
        "shell_rest_mass_m0": 1.0,
        "shell_surface_density_sigma": 0.0007957747154594767
      }
    },
    {
      "causal_structure": {
        "horizon_radius_2M": 1.9,
        "inside_horizon": false,
        "note": "Both sides can have perfectly regular vacuum invariants, while the shell\u2019s distributional stress-energy appears through the extrinsic curvature jump."
      },
      "coordinates": {
        "R": 10.0,
        "tau": 37.970000000001015
      },
      "curvature_invariants": {
        "kretschmann_exterior_at_shell": 4.332e-05,
        "kretschmann_interior": 0.0,
        "ricci_scalar_exterior": 0.0,
        "ricci_scalar_interior": 0.0
      },
      "local_observables": {
        "Ktheta_in": 0.1,
        "Ktheta_out": 0.09,
        "Rdot": -0.0,
        "jump_Ktheta_expected_minus_m0_over_R2": -0.01,
        "jump_Ktheta_out_minus_in": -0.010000000000000009,
        "jump_Ktheta_residual": -8.673617379884035e-18,
        "shell_rest_mass_m0": 1.0,
        "shell_surface_density_sigma": 0.0007957747154594767
      }
    },
    {
      "causal_structure": {
        "horizon_radius_2M": 1.9,
        "inside_horizon": false,
        "note": "Both sides can have perfectly regular vacuum invariants, while the shell\u2019s distributional stress-energy appears through the extrinsic curvature jump."
      },
      "coordinates": {
        "R": 10.0,
        "tau": 38.61000000000089
      },
      "curvature_invariants": {
        "kretschmann_exterior_at_shell": 4.332e-05,
        "kretschmann_interior": 0.0,
        "ricci_scalar_exterior": 0.0,
        "ricci_scalar_interior": 0.0
      },
      "local_observables": {
        "Ktheta_in": 0.1,
        "Ktheta_out": 0.09,
        "Rdot": -0.0,
        "jump_Ktheta_expected_minus_m0_over_R2": -0.01,
        "jump_Ktheta_out_minus_in": -0.010000000000000009,
        "jump_Ktheta_residual": -8.673617379884035e-18,
        "shell_rest_mass_m0": 1.0,
        "shell_surface_density_sigma": 0.0007957747154594767
      }
    },
    {
      "causal_structure": {
        "horizon_radius_2M": 1.9,
        "inside_horizon": false,
        "note": "Both sides can have perfectly regular vacuum invariants, while the shell\u2019s distributional stress-energy appears through the extrinsic curvature jump."
      },
      "coordinates": {
        "R": 10.0,
        "tau": 39.24000000000076
      },
      "curvature_invariants": {
        "kretschmann_exterior_at_shell": 4.332e-05,
        "kretschmann_interior": 0.0,
        "ricci_scalar_exterior": 0.0,
        "ricci_scalar_interior": 0.0
      },
      "local_observables": {
        "Ktheta_in": 0.1,
        "Ktheta_out": 0.09,
        "Rdot": -0.0,
        "jump_Ktheta_expected_minus_m0_over_R2": -0.01,
        "jump_Ktheta_out_minus_in": -0.010000000000000009,
        "jump_Ktheta_residual": -8.673617379884035e-18,
        "shell_rest_mass_m0": 1.0,
        "shell_surface_density_sigma": 0.0007957747154594767
      }
    },
    {
      "causal_structure": {
        "horizon_radius_2M": 1.9,
        "inside_horizon": false,
        "note": "Both sides can have perfectly regular vacuum invariants, while the shell\u2019s distributional stress-energy appears through the extrinsic curvature jump."
      },
      "coordinates": {
        "R": 10.0,
        "tau": 39.87000000000064
      },
      "curvature_invariants": {
        "kretschmann_exterior_at_shell": 4.332e-05,
        "kretschmann_interior": 0.0,
        "ricci_scalar_exterior": 0.0,
        "ricci_scalar_interior": 0.0
      },
      "local_observables": {
        "Ktheta_in": 0.1,
        "Ktheta_out": 0.09,
        "Rdot": -0.0,
        "jump_Ktheta_expected_minus_m0_over_R2": -0.01,
        "jump_Ktheta_out_minus_in": -0.010000000000000009,
        "jump_Ktheta_residual": -8.673617379884035e-18,
        "shell_rest_mass_m0": 1.0,
        "shell_surface_density_sigma": 0.0007957747154594767
      }
    },
    {
      "causal_structure": {
        "horizon_radius_2M": 1.9,
        "inside_horizon": false,
        "note": "Both sides can have perfectly regular vacuum invariants, while the shell\u2019s distributional stress-energy appears through the extrinsic curvature jump."
      },
      "coordinates": {
        "R": 10.0,
        "tau": 40.51000000000051
      },
      "curvature_invariants": {
        "kretschmann_exterior_at_shell": 4.332e-05,
        "kretschmann_interior": 0.0,
        "ricci_scalar_exterior": 0.0,
        "ricci_scalar_interior": 0.0
      },
      "local_observables": {
        "Ktheta_in": 0.1,
        "Ktheta_out": 0.09,
        "Rdot": -0.0,
        "jump_Ktheta_expected_minus_m0_over_R2": -0.01,
        "jump_Ktheta_out_minus_in": -0.010000000000000009,
        "jump_Ktheta_residual": -8.673617379884035e-18,
        "shell_rest_mass_m0": 1.0,
        "shell_surface_density_sigma": 0.0007957747154594767
      }
    },
    {
      "causal_structure": {
        "horizon_radius_2M": 1.9,
        "inside_horizon": false,
        "note": "Both sides can have perfectly regular vacuum invariants, while the shell\u2019s distributional stress-energy appears through the extrinsic curvature jump."
      },
      "coordinates": {
        "R": 10.0,
        "tau": 41.140000000000384
      },
      "curvature_invariants": {
        "kretschmann_exterior_at_shell": 4.332e-05,
        "kretschmann_interior": 0.0,
        "ricci_scalar_exterior": 0.0,
        "ricci_scalar_interior": 0.0
      },
      "local_observables": {
        "Ktheta_in": 0.1,
        "Ktheta_out": 0.09,
        "Rdot": -0.0,
        "jump_Ktheta_expected_minus_m0_over_R2": -0.01,
        "jump_Ktheta_out_minus_in": -0.010000000000000009,
        "jump_Ktheta_residual": -8.673617379884035e-18,
        "shell_rest_mass_m0": 1.0,
        "shell_surface_density_sigma": 0.0007957747154594767
      }
    },
    {
      "causal_structure": {
        "horizon_radius_2M": 1.9,
        "inside_horizon": false,
        "note": "Both sides can have perfectly regular vacuum invariants, while the shell\u2019s distributional stress-energy appears through the extrinsic curvature jump."
      },
      "coordinates": {
        "R": 10.0,
        "tau": 41.77000000000026
      },
      "curvature_invariants": {
        "kretschmann_exterior_at_shell": 4.332e-05,
        "kretschmann_interior": 0.0,
        "ricci_scalar_exterior": 0.0,
        "ricci_scalar_interior": 0.0
      },
      "local_observables": {
        "Ktheta_in": 0.1,
        "Ktheta_out": 0.09,
        "Rdot": -0.0,
        "jump_Ktheta_expected_minus_m0_over_R2": -0.01,
        "jump_Ktheta_out_minus_in": -0.010000000000000009,
        "jump_Ktheta_residual": -8.673617379884035e-18,
        "shell_rest_mass_m0": 1.0,
        "shell_surface_density_sigma": 0.0007957747154594767
      }
    },
    {
      "causal_structure": {
        "horizon_radius_2M": 1.9,
        "inside_horizon": false,
        "note": "Both sides can have perfectly regular vacuum invariants, while the shell\u2019s distributional stress-energy appears through the extrinsic curvature jump."
      },
      "coordinates": {
        "R": 10.0,
        "tau": 42.41000000000013
      },
      "curvature_invariants": {
        "kretschmann_exterior_at_shell": 4.332e-05,
        "kretschmann_interior": 0.0,
        "ricci_scalar_exterior": 0.0,
        "ricci_scalar_interior": 0.0
      },
      "local_observables": {
        "Ktheta_in": 0.1,
        "Ktheta_out": 0.09,
        "Rdot": -0.0,
        "jump_Ktheta_expected_minus_m0_over_R2": -0.01,
        "jump_Ktheta_out_minus_in": -0.010000000000000009,
        "jump_Ktheta_residual": -8.673617379884035e-18,
        "shell_rest_mass_m0": 1.0,
        "shell_surface_density_sigma": 0.0007957747154594767
      }
    },
    {
      "causal_structure": {
        "horizon_radius_2M": 1.9,
        "inside_horizon": false,
        "note": "Both sides can have perfectly regular vacuum invariants, while the shell\u2019s distributional stress-energy appears through the extrinsic curvature jump."
      },
      "coordinates": {
        "R": 10.0,
        "tau": 43.040000000000006
      },
      "curvature_invariants": {
        "kretschmann_exterior_at_shell": 4.332e-05,
        "kretschmann_interior": 0.0,
        "ricci_scalar_exterior": 0.0,
        "ricci_scalar_interior": 0.0
      },
      "local_observables": {
        "Ktheta_in": 0.1,
        "Ktheta_out": 0.09,
        "Rdot": -0.0,
        "jump_Ktheta_expected_minus_m0_over_R2": -0.01,
        "jump_Ktheta_out_minus_in": -0.010000000000000009,
        "jump_Ktheta_residual": -8.673617379884035e-18,
        "shell_rest_mass_m0": 1.0,
        "shell_surface_density_sigma": 0.0007957747154594767
      }
    },
    {
      "causal_structure": {
        "horizon_radius_2M": 1.9,
        "inside_horizon": false,
        "note": "Both sides can have perfectly regular vacuum invariants, while the shell\u2019s distributional stress-energy appears through the extrinsic curvature jump."
      },
      "coordinates": {
        "R": 10.0,
        "tau": 43.66999999999988
      },
      "curvature_invariants": {
        "kretschmann_exterior_at_shell": 4.332e-05,
        "kretschmann_interior": 0.0,
        "ricci_scalar_exterior": 0.0,
        "ricci_scalar_interior": 0.0
      },
      "local_observables": {
        "Ktheta_in": 0.1,
        "Ktheta_out": 0.09,
        "Rdot": -0.0,
        "jump_Ktheta_expected_minus_m0_over_R2": -0.01,
        "jump_Ktheta_out_minus_in": -0.010000000000000009,
        "jump_Ktheta_residual": -8.673617379884035e-18,
        "shell_rest_mass_m0": 1.0,
        "shell_surface_density_sigma": 0.0007957747154594767
      }
    },
    {
      "causal_structure": {
        "horizon_radius_2M": 1.9,
        "inside_horizon": false,
        "note": "Both sides can have perfectly regular vacuum invariants, while the shell\u2019s distributional stress-energy appears through the extrinsic curvature jump."
      },
      "coordinates": {
        "R": 10.0,
        "tau": 44.299999999999756
      },
      "curvature_invariants": {
        "kretschmann_exterior_at_shell": 4.332e-05,
        "kretschmann_interior": 0.0,
        "ricci_scalar_exterior": 0.0,
        "ricci_scalar_interior": 0.0
      },
      "local_observables": {
        "Ktheta_in": 0.1,
        "Ktheta_out": 0.09,
        "Rdot": -0.0,
        "jump_Ktheta_expected_minus_m0_over_R2": -0.01,
        "jump_Ktheta_out_minus_in": -0.010000000000000009,
        "jump_Ktheta_residual": -8.673617379884035e-18,
        "shell_rest_mass_m0": 1.0,
        "shell_surface_density_sigma": 0.0007957747154594767
      }
    },
    {
      "causal_structure": {
        "horizon_radius_2M": 1.9,
        "inside_horizon": false,
        "note": "Both sides can have perfectly regular vacuum invariants, while the shell\u2019s distributional stress-energy appears through the extrinsic curvature jump."
      },
      "coordinates": {
        "R": 10.0,
        "tau": 44.93999999999963
      },
      "curvature_invariants": {
        "kretschmann_exterior_at_shell": 4.332e-05,
        "kretschmann_interior": 0.0,
        "ricci_scalar_exterior": 0.0,
        "ricci_scalar_interior": 0.0
      },
      "local_observables": {
        "Ktheta_in": 0.1,
        "Ktheta_out": 0.09,
        "Rdot": -0.0,
        "jump_Ktheta_expected_minus_m0_over_R2": -0.01,
        "jump_Ktheta_out_minus_in": -0.010000000000000009,
        "jump_Ktheta_residual": -8.673617379884035e-18,
        "shell_rest_mass_m0": 1.0,
        "shell_surface_density_sigma": 0.0007957747154594767
      }
    },
    {
      "causal_structure": {
        "horizon_radius_2M": 1.9,
        "inside_horizon": false,
        "note": "Both sides can have perfectly regular vacuum invariants, while the shell\u2019s distributional stress-energy appears through the extrinsic curvature jump."
      },
      "coordinates": {
        "R": 10.0,
        "tau": 45.5699999999995
      },
      "curvature_invariants": {
        "kretschmann_exterior_at_shell": 4.332e-05,
        "kretschmann_interior": 0.0,
        "ricci_scalar_exterior": 0.0,
        "ricci_scalar_interior": 0.0
      },
      "local_observables": {
        "Ktheta_in": 0.1,
        "Ktheta_out": 0.09,
        "Rdot": -0.0,
        "jump_Ktheta_expected_minus_m0_over_R2": -0.01,
        "jump_Ktheta_out_minus_in": -0.010000000000000009,
        "jump_Ktheta_residual": -8.673617379884035e-18,
        "shell_rest_mass_m0": 1.0,
        "shell_surface_density_sigma": 0.0007957747154594767
      }
    },
    {
      "causal_structure": {
        "horizon_radius_2M": 1.9,
        "inside_horizon": false,
        "note": "Both sides can have perfectly regular vacuum invariants, while the shell\u2019s distributional stress-energy appears through the extrinsic curvature jump."
      },
      "coordinates": {
        "R": 10.0,
        "tau": 46.19999999999938
      },
      "curvature_invariants": {
        "kretschmann_exterior_at_shell": 4.332e-05,
        "kretschmann_interior": 0.0,
        "ricci_scalar_exterior": 0.0,
        "ricci_scalar_interior": 0.0
      },
      "local_observables": {
        "Ktheta_in": 0.1,
        "Ktheta_out": 0.09,
        "Rdot": -0.0,
        "jump_Ktheta_expected_minus_m0_over_R2": -0.01,
        "jump_Ktheta_out_minus_in": -0.010000000000000009,
        "jump_Ktheta_residual": -8.673617379884035e-18,
        "shell_rest_mass_m0": 1.0,
        "shell_surface_density_sigma": 0.0007957747154594767
      }
    },
    {
      "causal_structure": {
        "horizon_radius_2M": 1.9,
        "inside_horizon": false,
        "note": "Both sides can have perfectly regular vacuum invariants, while the shell\u2019s distributional stress-energy appears through the extrinsic curvature jump."
      },
      "coordinates": {
        "R": 10.0,
        "tau": 46.83999999999925
      },
      "curvature_invariants": {
        "kretschmann_exterior_at_shell": 4.332e-05,
        "kretschmann_interior": 0.0,
        "ricci_scalar_exterior": 0.0,
        "ricci_scalar_interior": 0.0
      },
      "local_observables": {
        "Ktheta_in": 0.1,
        "Ktheta_out": 0.09,
        "Rdot": -0.0,
        "jump_Ktheta_expected_minus_m0_over_R2": -0.01,
        "jump_Ktheta_out_minus_in": -0.010000000000000009,
        "jump_Ktheta_residual": -8.673617379884035e-18,
        "shell_rest_mass_m0": 1.0,
        "shell_surface_density_sigma": 0.0007957747154594767
      }
    },
    {
      "causal_structure": {
        "horizon_radius_2M": 1.9,
        "inside_horizon": false,
        "note": "Both sides can have perfectly regular vacuum invariants, while the shell\u2019s distributional stress-energy appears through the extrinsic curvature jump."
      },
      "coordinates": {
        "R": 10.0,
        "tau": 47.469999999999125
      },
      "curvature_invariants": {
        "kretschmann_exterior_at_shell": 4.332e-05,
        "kretschmann_interior": 0.0,
        "ricci_scalar_exterior": 0.0,
        "ricci_scalar_interior": 0.0
      },
      "local_observables": {
        "Ktheta_in": 0.1,
        "Ktheta_out": 0.09,
        "Rdot": -0.0,
        "jump_Ktheta_expected_minus_m0_over_R2": -0.01,
        "jump_Ktheta_out_minus_in": -0.010000000000000009,
        "jump_Ktheta_residual": -8.673617379884035e-18,
        "shell_rest_mass_m0": 1.0,
        "shell_surface_density_sigma": 0.0007957747154594767
      }
    },
    {
      "causal_structure": {
        "horizon_radius_2M": 1.9,
        "inside_horizon": false,
        "note": "Both sides can have perfectly regular vacuum invariants, while the shell\u2019s distributional stress-energy appears through the extrinsic curvature jump."
      },
      "coordinates": {
        "R": 10.0,
        "tau": 48.099999999999
      },
      "curvature_invariants": {
        "kretschmann_exterior_at_shell": 4.332e-05,
        "kretschmann_interior": 0.0,
        "ricci_scalar_exterior": 0.0,
        "ricci_scalar_interior": 0.0
      },
      "local_observables": {
        "Ktheta_in": 0.1,
        "Ktheta_out": 0.09,
        "Rdot": -0.0,
        "jump_Ktheta_expected_minus_m0_over_R2": -0.01,
        "jump_Ktheta_out_minus_in": -0.010000000000000009,
        "jump_Ktheta_residual": -8.673617379884035e-18,
        "shell_rest_mass_m0": 1.0,
        "shell_surface_density_sigma": 0.0007957747154594767
      }
    },
    {
      "causal_structure": {
        "horizon_radius_2M": 1.9,
        "inside_horizon": false,
        "note": "Both sides can have perfectly regular vacuum invariants, while the shell\u2019s distributional stress-energy appears through the extrinsic curvature jump."
      },
      "coordinates": {
        "R": 10.0,
        "tau": 48.729999999998874
      },
      "curvature_invariants": {
        "kretschmann_exterior_at_shell": 4.332e-05,
        "kretschmann_interior": 0.0,
        "ricci_scalar_exterior": 0.0,
        "ricci_scalar_interior": 0.0
      },
      "local_observables": {
        "Ktheta_in": 0.1,
        "Ktheta_out": 0.09,
        "Rdot": -0.0,
        "jump_Ktheta_expected_minus_m0_over_R2": -0.01,
        "jump_Ktheta_out_minus_in": -0.010000000000000009,
        "jump_Ktheta_residual": -8.673617379884035e-18,
        "shell_rest_mass_m0": 1.0,
        "shell_surface_density_sigma": 0.0007957747154594767
      }
    },
    {
      "causal_structure": {
        "horizon_radius_2M": 1.9,
        "inside_horizon": false,
        "note": "Both sides can have perfectly regular vacuum invariants, while the shell\u2019s distributional stress-energy appears through the extrinsic curvature jump."
      },
      "coordinates": {
        "R": 10.0,
        "tau": 49.36999999999875
      },
      "curvature_invariants": {
        "kretschmann_exterior_at_shell": 4.332e-05,
        "kretschmann_interior": 0.0,
        "ricci_scalar_exterior": 0.0,
        "ricci_scalar_interior": 0.0
      },
      "local_observables": {
        "Ktheta_in": 0.1,
        "Ktheta_out": 0.09,
        "Rdot": -0.0,
        "jump_Ktheta_expected_minus_m0_over_R2": -0.01,
        "jump_Ktheta_out_minus_in": -0.010000000000000009,
        "jump_Ktheta_residual": -8.673617379884035e-18,
        "shell_rest_mass_m0": 1.0,
        "shell_surface_density_sigma": 0.0007957747154594767
      }
    },
    {
      "causal_structure": {
        "horizon_radius_2M": 1.9,
        "inside_horizon": false,
        "note": "Both sides can have perfectly regular vacuum invariants, while the shell\u2019s distributional stress-energy appears through the extrinsic curvature jump."
      },
      "coordinates": {
        "R": 10.0,
        "tau": 49.99999999999862
      },
      "curvature_invariants": {
        "kretschmann_exterior_at_shell": 4.332e-05,
        "kretschmann_interior": 0.0,
        "ricci_scalar_exterior": 0.0,
        "ricci_scalar_interior": 0.0
      },
      "local_observables": {
        "Ktheta_in": 0.1,
        "Ktheta_out": 0.09,
        "Rdot": -0.0,
        "jump_Ktheta_expected_minus_m0_over_R2": -0.01,
        "jump_Ktheta_out_minus_in": -0.010000000000000009,
        "jump_Ktheta_residual": -8.673617379884035e-18,
        "shell_rest_mass_m0": 1.0,
        "shell_surface_density_sigma": 0.0007957747154594767
      }
    }
  ],
  "spacetime": "Minkowski interior matched to Schwarzschild exterior across a dust thin shell",
  "theory": "General Relativity (Israel junction conditions)",
  "toy_id": "058",
  "units": {
    "G": 1,
    "c": 1
  }
}