{
  "notes": {
    "assumptions": [
      "Flat Minkowski background",
      "Linearized perturbations in vacuum",
      "Physical model is TT plane wave in +x direction",
      "Gauge model built explicitly from a gauge vector \u03be_\u03bc (pure diffeomorphism)",
      "K_lin is computed from linearized Riemann and is O(h^2) as a scalar proxy"
    ],
    "key_formulas": {
      "K_lin_proxy": "K_lin = R_{\u03b1\u03b2\u03b3\u03b4} R^{\u03b1\u03b2\u03b3\u03b4} (raised with \u03b7)",
      "TT_wave": "h_yy=A cos(k(t-x)), h_zz=-A cos(k(t-x))",
      "linearized_riemann": "R_{\u03b1\u03b2\u03b3\u03b4}=1/2(\u2202\u03b3\u2202\u03b2 h_{\u03b1\u03b4}+\u2202\u03b4\u2202\u03b1 h_{\u03b2\u03b3}-\u2202\u03b4\u2202\u03b2 h_{\u03b1\u03b3}-\u2202\u03b3\u2202\u03b1 h_{\u03b2\u03b4})",
      "pure_gauge": "h_{\u03bc\u03bd}=\u2202_\u03bc \u03be_\u03bd + \u2202_\u03bd \u03be_\u03bc with \u03be_y=(A_gauge/(2k)) y sin(k(t-x))"
    },
    "pressure_point": "Gauge/coordinate degrees of freedom can dominate metric-component behavior while physical curvature diagnostics remain ~0. Large h_{\u03bc\u03bd} does not imply physical gravity."
  },
  "observables": {
    "summary": {
      "max_abs_K_lin_physical_TT_over_grid": 0.0,
      "max_abs_K_lin_pure_gauge_over_grid": 0.0,
      "max_abs_h_physical_TT_over_grid": 0.001,
      "max_abs_h_pure_gauge_over_grid": 0.9974949866040544,
      "note": "Expect: max_abs_h_pure_gauge can be >> max_abs_h_physical, while max_abs_K_lin_pure_gauge ~ 0 (up to floating/analytic cancellation)."
    }
  },
  "parameters": {
    "A_gauge": 1.0,
    "A_phys": 0.001,
    "evaluation_point_y0": 1.0,
    "evaluation_point_z0": 0.0,
    "k": 1.0,
    "t_samples": [
      0.0,
      0.5,
      1.0,
      1.5,
      2.0
    ],
    "x_samples": [
      0.0,
      0.5,
      1.0
    ]
  },
  "sample_points": [
    {
      "causal_structure": {
        "background_lightcone": "Minkowski",
        "note": "Pure-gauge fields can be large while curvature remains ~0; monitoring h_{\u03bc\u03bd} alone is not a physical stability test."
      },
      "coordinates": {
        "t": 0.0,
        "x": 0.0,
        "y": 1.0,
        "z": 0.0
      },
      "curvature_invariants": {
        "linearized_kretschmann_proxy_physical_TT": 0.0,
        "linearized_kretschmann_proxy_pure_gauge": 0.0
      },
      "local_observables": {
        "max_abs_h_physical_TT": 0.001,
        "max_abs_h_pure_gauge": 0.5,
        "ratio_max_abs_h_gauge_over_physical": 500.0,
        "representative_components": {
          "h_ty_pure_gauge": 0.5,
          "h_xy_pure_gauge": -0.5,
          "h_yy_physical_TT": 0.001,
          "h_yy_pure_gauge": 0.0,
          "h_zz_physical_TT": -0.001
        }
      }
    },
    {
      "causal_structure": {
        "background_lightcone": "Minkowski",
        "note": "Pure-gauge fields can be large while curvature remains ~0; monitoring h_{\u03bc\u03bd} alone is not a physical stability test."
      },
      "coordinates": {
        "t": 0.0,
        "x": 0.5,
        "y": 1.0,
        "z": 0.0
      },
      "curvature_invariants": {
        "linearized_kretschmann_proxy_physical_TT": 0.0,
        "linearized_kretschmann_proxy_pure_gauge": 0.0
      },
      "local_observables": {
        "max_abs_h_physical_TT": 0.0008775825618903728,
        "max_abs_h_pure_gauge": 0.479425538604203,
        "ratio_max_abs_h_gauge_over_physical": 546.3024898437905,
        "representative_components": {
          "h_ty_pure_gauge": 0.4387912809451864,
          "h_xy_pure_gauge": -0.4387912809451864,
          "h_yy_physical_TT": 0.0008775825618903728,
          "h_yy_pure_gauge": -0.479425538604203,
          "h_zz_physical_TT": -0.0008775825618903728
        }
      }
    },
    {
      "causal_structure": {
        "background_lightcone": "Minkowski",
        "note": "Pure-gauge fields can be large while curvature remains ~0; monitoring h_{\u03bc\u03bd} alone is not a physical stability test."
      },
      "coordinates": {
        "t": 0.0,
        "x": 1.0,
        "y": 1.0,
        "z": 0.0
      },
      "curvature_invariants": {
        "linearized_kretschmann_proxy_physical_TT": 0.0,
        "linearized_kretschmann_proxy_pure_gauge": 0.0
      },
      "local_observables": {
        "max_abs_h_physical_TT": 0.0005403023058681397,
        "max_abs_h_pure_gauge": 0.8414709848078965,
        "ratio_max_abs_h_gauge_over_physical": 1557.4077246549023,
        "representative_components": {
          "h_ty_pure_gauge": 0.2701511529340699,
          "h_xy_pure_gauge": -0.2701511529340699,
          "h_yy_physical_TT": 0.0005403023058681397,
          "h_yy_pure_gauge": -0.8414709848078965,
          "h_zz_physical_TT": -0.0005403023058681397
        }
      }
    },
    {
      "causal_structure": {
        "background_lightcone": "Minkowski",
        "note": "Pure-gauge fields can be large while curvature remains ~0; monitoring h_{\u03bc\u03bd} alone is not a physical stability test."
      },
      "coordinates": {
        "t": 0.5,
        "x": 0.0,
        "y": 1.0,
        "z": 0.0
      },
      "curvature_invariants": {
        "linearized_kretschmann_proxy_physical_TT": 0.0,
        "linearized_kretschmann_proxy_pure_gauge": 0.0
      },
      "local_observables": {
        "max_abs_h_physical_TT": 0.0008775825618903728,
        "max_abs_h_pure_gauge": 0.479425538604203,
        "ratio_max_abs_h_gauge_over_physical": 546.3024898437905,
        "representative_components": {
          "h_ty_pure_gauge": 0.4387912809451864,
          "h_xy_pure_gauge": -0.4387912809451864,
          "h_yy_physical_TT": 0.0008775825618903728,
          "h_yy_pure_gauge": 0.479425538604203,
          "h_zz_physical_TT": -0.0008775825618903728
        }
      }
    },
    {
      "causal_structure": {
        "background_lightcone": "Minkowski",
        "note": "Pure-gauge fields can be large while curvature remains ~0; monitoring h_{\u03bc\u03bd} alone is not a physical stability test."
      },
      "coordinates": {
        "t": 0.5,
        "x": 0.5,
        "y": 1.0,
        "z": 0.0
      },
      "curvature_invariants": {
        "linearized_kretschmann_proxy_physical_TT": 0.0,
        "linearized_kretschmann_proxy_pure_gauge": 0.0
      },
      "local_observables": {
        "max_abs_h_physical_TT": 0.001,
        "max_abs_h_pure_gauge": 0.5,
        "ratio_max_abs_h_gauge_over_physical": 500.0,
        "representative_components": {
          "h_ty_pure_gauge": 0.5,
          "h_xy_pure_gauge": -0.5,
          "h_yy_physical_TT": 0.001,
          "h_yy_pure_gauge": 0.0,
          "h_zz_physical_TT": -0.001
        }
      }
    },
    {
      "causal_structure": {
        "background_lightcone": "Minkowski",
        "note": "Pure-gauge fields can be large while curvature remains ~0; monitoring h_{\u03bc\u03bd} alone is not a physical stability test."
      },
      "coordinates": {
        "t": 0.5,
        "x": 1.0,
        "y": 1.0,
        "z": 0.0
      },
      "curvature_invariants": {
        "linearized_kretschmann_proxy_physical_TT": 0.0,
        "linearized_kretschmann_proxy_pure_gauge": 0.0
      },
      "local_observables": {
        "max_abs_h_physical_TT": 0.0008775825618903728,
        "max_abs_h_pure_gauge": 0.479425538604203,
        "ratio_max_abs_h_gauge_over_physical": 546.3024898437905,
        "representative_components": {
          "h_ty_pure_gauge": 0.4387912809451864,
          "h_xy_pure_gauge": -0.4387912809451864,
          "h_yy_physical_TT": 0.0008775825618903728,
          "h_yy_pure_gauge": -0.479425538604203,
          "h_zz_physical_TT": -0.0008775825618903728
        }
      }
    },
    {
      "causal_structure": {
        "background_lightcone": "Minkowski",
        "note": "Pure-gauge fields can be large while curvature remains ~0; monitoring h_{\u03bc\u03bd} alone is not a physical stability test."
      },
      "coordinates": {
        "t": 1.0,
        "x": 0.0,
        "y": 1.0,
        "z": 0.0
      },
      "curvature_invariants": {
        "linearized_kretschmann_proxy_physical_TT": 0.0,
        "linearized_kretschmann_proxy_pure_gauge": 0.0
      },
      "local_observables": {
        "max_abs_h_physical_TT": 0.0005403023058681397,
        "max_abs_h_pure_gauge": 0.8414709848078965,
        "ratio_max_abs_h_gauge_over_physical": 1557.4077246549023,
        "representative_components": {
          "h_ty_pure_gauge": 0.2701511529340699,
          "h_xy_pure_gauge": -0.2701511529340699,
          "h_yy_physical_TT": 0.0005403023058681397,
          "h_yy_pure_gauge": 0.8414709848078965,
          "h_zz_physical_TT": -0.0005403023058681397
        }
      }
    },
    {
      "causal_structure": {
        "background_lightcone": "Minkowski",
        "note": "Pure-gauge fields can be large while curvature remains ~0; monitoring h_{\u03bc\u03bd} alone is not a physical stability test."
      },
      "coordinates": {
        "t": 1.0,
        "x": 0.5,
        "y": 1.0,
        "z": 0.0
      },
      "curvature_invariants": {
        "linearized_kretschmann_proxy_physical_TT": 0.0,
        "linearized_kretschmann_proxy_pure_gauge": 0.0
      },
      "local_observables": {
        "max_abs_h_physical_TT": 0.0008775825618903728,
        "max_abs_h_pure_gauge": 0.479425538604203,
        "ratio_max_abs_h_gauge_over_physical": 546.3024898437905,
        "representative_components": {
          "h_ty_pure_gauge": 0.4387912809451864,
          "h_xy_pure_gauge": -0.4387912809451864,
          "h_yy_physical_TT": 0.0008775825618903728,
          "h_yy_pure_gauge": 0.479425538604203,
          "h_zz_physical_TT": -0.0008775825618903728
        }
      }
    },
    {
      "causal_structure": {
        "background_lightcone": "Minkowski",
        "note": "Pure-gauge fields can be large while curvature remains ~0; monitoring h_{\u03bc\u03bd} alone is not a physical stability test."
      },
      "coordinates": {
        "t": 1.0,
        "x": 1.0,
        "y": 1.0,
        "z": 0.0
      },
      "curvature_invariants": {
        "linearized_kretschmann_proxy_physical_TT": 0.0,
        "linearized_kretschmann_proxy_pure_gauge": 0.0
      },
      "local_observables": {
        "max_abs_h_physical_TT": 0.001,
        "max_abs_h_pure_gauge": 0.5,
        "ratio_max_abs_h_gauge_over_physical": 500.0,
        "representative_components": {
          "h_ty_pure_gauge": 0.5,
          "h_xy_pure_gauge": -0.5,
          "h_yy_physical_TT": 0.001,
          "h_yy_pure_gauge": 0.0,
          "h_zz_physical_TT": -0.001
        }
      }
    },
    {
      "causal_structure": {
        "background_lightcone": "Minkowski",
        "note": "Pure-gauge fields can be large while curvature remains ~0; monitoring h_{\u03bc\u03bd} alone is not a physical stability test."
      },
      "coordinates": {
        "t": 1.5,
        "x": 0.0,
        "y": 1.0,
        "z": 0.0
      },
      "curvature_invariants": {
        "linearized_kretschmann_proxy_physical_TT": 0.0,
        "linearized_kretschmann_proxy_pure_gauge": 0.0
      },
      "local_observables": {
        "max_abs_h_physical_TT": 7.07372016677029e-05,
        "max_abs_h_pure_gauge": 0.9974949866040544,
        "ratio_max_abs_h_gauge_over_physical": 14101.41994717172,
        "representative_components": {
          "h_ty_pure_gauge": 0.03536860083385145,
          "h_xy_pure_gauge": -0.03536860083385145,
          "h_yy_physical_TT": 7.07372016677029e-05,
          "h_yy_pure_gauge": 0.9974949866040544,
          "h_zz_physical_TT": -7.07372016677029e-05
        }
      }
    },
    {
      "causal_structure": {
        "background_lightcone": "Minkowski",
        "note": "Pure-gauge fields can be large while curvature remains ~0; monitoring h_{\u03bc\u03bd} alone is not a physical stability test."
      },
      "coordinates": {
        "t": 1.5,
        "x": 0.5,
        "y": 1.0,
        "z": 0.0
      },
      "curvature_invariants": {
        "linearized_kretschmann_proxy_physical_TT": 0.0,
        "linearized_kretschmann_proxy_pure_gauge": 0.0
      },
      "local_observables": {
        "max_abs_h_physical_TT": 0.0005403023058681397,
        "max_abs_h_pure_gauge": 0.8414709848078965,
        "ratio_max_abs_h_gauge_over_physical": 1557.4077246549023,
        "representative_components": {
          "h_ty_pure_gauge": 0.2701511529340699,
          "h_xy_pure_gauge": -0.2701511529340699,
          "h_yy_physical_TT": 0.0005403023058681397,
          "h_yy_pure_gauge": 0.8414709848078965,
          "h_zz_physical_TT": -0.0005403023058681397
        }
      }
    },
    {
      "causal_structure": {
        "background_lightcone": "Minkowski",
        "note": "Pure-gauge fields can be large while curvature remains ~0; monitoring h_{\u03bc\u03bd} alone is not a physical stability test."
      },
      "coordinates": {
        "t": 1.5,
        "x": 1.0,
        "y": 1.0,
        "z": 0.0
      },
      "curvature_invariants": {
        "linearized_kretschmann_proxy_physical_TT": 0.0,
        "linearized_kretschmann_proxy_pure_gauge": 0.0
      },
      "local_observables": {
        "max_abs_h_physical_TT": 0.0008775825618903728,
        "max_abs_h_pure_gauge": 0.479425538604203,
        "ratio_max_abs_h_gauge_over_physical": 546.3024898437905,
        "representative_components": {
          "h_ty_pure_gauge": 0.4387912809451864,
          "h_xy_pure_gauge": -0.4387912809451864,
          "h_yy_physical_TT": 0.0008775825618903728,
          "h_yy_pure_gauge": 0.479425538604203,
          "h_zz_physical_TT": -0.0008775825618903728
        }
      }
    },
    {
      "causal_structure": {
        "background_lightcone": "Minkowski",
        "note": "Pure-gauge fields can be large while curvature remains ~0; monitoring h_{\u03bc\u03bd} alone is not a physical stability test."
      },
      "coordinates": {
        "t": 2.0,
        "x": 0.0,
        "y": 1.0,
        "z": 0.0
      },
      "curvature_invariants": {
        "linearized_kretschmann_proxy_physical_TT": 0.0,
        "linearized_kretschmann_proxy_pure_gauge": 0.0
      },
      "local_observables": {
        "max_abs_h_physical_TT": 0.0004161468365471424,
        "max_abs_h_pure_gauge": 0.9092974268256817,
        "ratio_max_abs_h_gauge_over_physical": 2185.039863261519,
        "representative_components": {
          "h_ty_pure_gauge": -0.2080734182735712,
          "h_xy_pure_gauge": 0.2080734182735712,
          "h_yy_physical_TT": -0.0004161468365471424,
          "h_yy_pure_gauge": 0.9092974268256817,
          "h_zz_physical_TT": 0.0004161468365471424
        }
      }
    },
    {
      "causal_structure": {
        "background_lightcone": "Minkowski",
        "note": "Pure-gauge fields can be large while curvature remains ~0; monitoring h_{\u03bc\u03bd} alone is not a physical stability test."
      },
      "coordinates": {
        "t": 2.0,
        "x": 0.5,
        "y": 1.0,
        "z": 0.0
      },
      "curvature_invariants": {
        "linearized_kretschmann_proxy_physical_TT": 0.0,
        "linearized_kretschmann_proxy_pure_gauge": 0.0
      },
      "local_observables": {
        "max_abs_h_physical_TT": 7.07372016677029e-05,
        "max_abs_h_pure_gauge": 0.9974949866040544,
        "ratio_max_abs_h_gauge_over_physical": 14101.41994717172,
        "representative_components": {
          "h_ty_pure_gauge": 0.03536860083385145,
          "h_xy_pure_gauge": -0.03536860083385145,
          "h_yy_physical_TT": 7.07372016677029e-05,
          "h_yy_pure_gauge": 0.9974949866040544,
          "h_zz_physical_TT": -7.07372016677029e-05
        }
      }
    },
    {
      "causal_structure": {
        "background_lightcone": "Minkowski",
        "note": "Pure-gauge fields can be large while curvature remains ~0; monitoring h_{\u03bc\u03bd} alone is not a physical stability test."
      },
      "coordinates": {
        "t": 2.0,
        "x": 1.0,
        "y": 1.0,
        "z": 0.0
      },
      "curvature_invariants": {
        "linearized_kretschmann_proxy_physical_TT": 0.0,
        "linearized_kretschmann_proxy_pure_gauge": 0.0
      },
      "local_observables": {
        "max_abs_h_physical_TT": 0.0005403023058681397,
        "max_abs_h_pure_gauge": 0.8414709848078965,
        "ratio_max_abs_h_gauge_over_physical": 1557.4077246549023,
        "representative_components": {
          "h_ty_pure_gauge": 0.2701511529340699,
          "h_xy_pure_gauge": -0.2701511529340699,
          "h_yy_physical_TT": 0.0005403023058681397,
          "h_yy_pure_gauge": 0.8414709848078965,
          "h_zz_physical_TT": -0.0005403023058681397
        }
      }
    }
  ],
  "spacetime": "Minkowski + perturbations (TT wave vs pure gauge diffeomorphism)",
  "theory": "General Relativity (linearized; gauge vs physical modes)",
  "toy_id": "052",
  "units": {
    "G": 1,
    "c": 1
  }
}