{
  "notes": {
    "assumptions": [
      "Static, spherically symmetric configuration",
      "EOS: p_r = w \u03c1 (constant w)",
      "Anisotropy: \u0394 = alpha * p_r * (r^2/r0^2)",
      "Matched to exterior Schwarzschild at surface via e^{nu(R)}=1-2M/R when a surface is found",
      "Kretschmann is exported as a vacuum-like proxy 48 m(r)^2 / r^6 (exact outside, heuristic inside)"
    ],
    "key_equations": {
      "anisotropic_TOV": "dp_r/dr = -(\u03c1+p_r)(m+4\u03c0 r^3 p_r)/(r(r-2m)) + 2\u0394/r",
      "dm_dr": "dm/dr = 4\u03c0 r^2 \u03c1",
      "dnu_dr": "d\u03bd/dr = 2(m+4\u03c0 r^3 p_r)/(r(r-2m))",
      "trace_to_ricci": "R = -8\u03c0(-\u03c1 + p_r + 2 p_t) = 8\u03c0(\u03c1 - p_r - 2 p_t)"
    },
    "pressure_point": "Matter-model assumptions (perfect fluid vs anisotropic stress) materially change compactness, redshift, and proximity to trapped surfaces. 'Collapse' is not purely geometric."
  },
  "observables": {
    "global": {
      "M_total": 8.4785385777986,
      "R_surface_or_last": 50.00099999999862,
      "buchdahl_ratio_compared_to_8over9": 0.3815266054688382,
      "compactness_2M_over_R": 0.33913476041674506,
      "note": "Buchdahl bound 2M/R<8/9 applies to isotropic perfect fluids; anisotropy can evade it. This toy reports compactness and proximity to trapped surfaces.",
      "surface_found": false,
      "surface_redshift_to_infinity": null,
      "trapped_reached": false
    }
  },
  "parameters": {
    "alpha_anisotropy": 0.0,
    "dr": 0.01,
    "n_samples_exported": 60,
    "p_c": 0.001,
    "p_floor_surface_threshold": 1e-12,
    "r0_anisotropy_scale": 10.0,
    "r_max": 50.0,
    "w_in_p_equals_w_rho": 0.2
  },
  "sample_points": [
    {
      "causal_structure": {
        "r_minus_2m": 0.001,
        "trapped_surface_indicator_r_le_2m": false
      },
      "coordinates": {
        "phi": null,
        "r": 0.001,
        "t": null,
        "theta": null
      },
      "curvature_invariants": {
        "kretschmann_proxy_48m2_over_r6": 0.0,
        "ricci_scalar_R": 0.05026548245743669
      },
      "local_observables": {
        "anisotropy_Delta_p_t_minus_p_r": 0.0,
        "compactness_2m_over_r": 0.0,
        "m_enclosed": 0.0,
        "metric_potential_nu_matched": 0.0,
        "p_r": 0.001,
        "p_t": 0.001,
        "rho_energy_density": 0.005,
        "sound_speed_squared_cs2": 0.2
      }
    },
    {
      "causal_structure": {
        "r_minus_2m": 0.8262744233400037,
        "trapped_surface_indicator_r_le_2m": false
      },
      "coordinates": {
        "phi": null,
        "r": 0.8510000000000005,
        "t": null,
        "theta": null
      },
      "curvature_invariants": {
        "kretschmann_proxy_48m2_over_r6": 0.019315090346480983,
        "ricci_scalar_R": 0.04677699087088081
      },
      "local_observables": {
        "anisotropy_Delta_p_t_minus_p_r": 0.0,
        "compactness_2m_over_r": 0.029054731680372318,
        "m_enclosed": 0.01236278832999843,
        "metric_potential_nu_matched": 0.0239757247507674,
        "p_r": 0.0009305986650081429,
        "p_t": 0.0009305986650081429,
        "rho_energy_density": 0.004652993325040714,
        "sound_speed_squared_cs2": 0.2
      }
    },
    {
      "causal_structure": {
        "r_minus_2m": 1.5191131966314846,
        "trapped_surface_indicator_r_le_2m": false
      },
      "coordinates": {
        "phi": null,
        "r": 1.6910000000000012,
        "t": null,
        "theta": null
      },
      "curvature_invariants": {
        "kretschmann_proxy_48m2_over_r6": 0.015163682075925602,
        "ricci_scalar_R": 0.03821718900109047
      },
      "local_observables": {
        "anisotropy_Delta_p_t_minus_p_r": 0.0,
        "compactness_2m_over_r": 0.10164802091574009,
        "m_enclosed": 0.0859434016842583,
        "metric_potential_nu_matched": 0.09134440665988751,
        "p_r": 0.0007603068175750952,
        "p_t": 0.0007603068175750952,
        "rho_energy_density": 0.0038015340878754756,
        "sound_speed_squared_cs2": 0.2
      }
    },
    {
      "causal_structure": {
        "r_minus_2m": 2.056300510177191,
        "trapped_surface_indicator_r_le_2m": false
      },
      "coordinates": {
        "phi": null,
        "r": 2.5409999999999897,
        "t": null,
        "theta": null
      },
      "curvature_invariants": {
        "kretschmann_proxy_48m2_over_r6": 0.0104736578147343,
        "ricci_scalar_R": 0.028058419036093525
      },
      "local_observables": {
        "anisotropy_Delta_p_t_minus_p_r": 0.0,
        "compactness_2m_over_r": 0.19075147179173588,
        "m_enclosed": 0.24234974491139943,
        "metric_potential_nu_matched": 0.19434329247211862,
        "p_r": 0.0005582045106172522,
        "p_t": 0.0005582045106172522,
        "rho_energy_density": 0.002791022553086261,
        "sound_speed_squared_cs2": 0.2
      }
    },
    {
      "causal_structure": {
        "r_minus_2m": 2.472044890843321,
        "trapped_surface_indicator_r_le_2m": false
      },
      "coordinates": {
        "phi": null,
        "r": 3.3909999999999716,
        "t": null,
        "theta": null
      },
      "curvature_invariants": {
        "kretschmann_proxy_48m2_over_r6": 0.0066650452265731176,
        "ricci_scalar_R": 0.01928803228098799
      },
      "local_observables": {
        "anisotropy_Delta_p_t_minus_p_r": 0.0,
        "compactness_2m_over_r": 0.270998262800548,
        "m_enclosed": 0.45947755457832534,
        "metric_potential_nu_matched": 0.3192779312447886,
        "p_r": 0.0003837232100044105,
        "p_t": 0.0003837232100044105,
        "rho_energy_density": 0.0019186160500220524,
        "sound_speed_squared_cs2": 0.2
      }
    },
    {
      "causal_structure": {
        "r_minus_2m": 2.8352328811109024,
        "trapped_surface_indicator_r_le_2m": false
      },
      "coordinates": {
        "phi": null,
        "r": 4.2409999999999535,
        "t": null,
        "theta": null
      },
      "curvature_invariants": {
        "kretschmann_proxy_48m2_over_r6": 0.004075663997422796,
        "ricci_scalar_R": 0.012917981193624773
      },
      "local_observables": {
        "anisotropy_Delta_p_t_minus_p_r": 0.0,
        "compactness_2m_over_r": 0.33147067174936723,
        "m_enclosed": 0.7028835594445255,
        "metric_potential_nu_matched": 0.45289945882073124,
        "p_r": 0.00025699507021669063,
        "p_t": 0.00025699507021669063,
        "rho_energy_density": 0.0012849753510834532,
        "sound_speed_squared_cs2": 0.2
      }
    },
    {
      "causal_structure": {
        "r_minus_2m": 3.1926054111242226,
        "trapped_surface_indicator_r_le_2m": false
      },
      "coordinates": {
        "phi": null,
        "r": 5.080999999999936,
        "t": null,
        "theta": null
      },
      "curvature_invariants": {
        "kretschmann_proxy_48m2_over_r6": 0.002486975868114795,
        "ricci_scalar_R": 0.00873241101431539
      },
      "local_observables": {
        "anisotropy_Delta_p_t_minus_p_r": 0.0,
        "compactness_2m_over_r": 0.3716580572477341,
        "m_enclosed": 0.9441972944378565,
        "metric_potential_nu_matched": 0.5834257002572248,
        "p_r": 0.0001737257972548008,
        "p_t": 0.0001737257972548008,
        "rho_energy_density": 0.0008686289862740039,
        "sound_speed_squared_cs2": 0.2
      }
    },
    {
      "causal_structure": {
        "r_minus_2m": 3.5777736530502966,
        "trapped_surface_indicator_r_le_2m": false
      },
      "coordinates": {
        "phi": null,
        "r": 5.9309999999999174,
        "t": null,
        "theta": null
      },
      "curvature_invariants": {
        "kretschmann_proxy_48m2_over_r6": 0.0015266557090677182,
        "ricci_scalar_R": 0.006012606185709243
      },
      "local_observables": {
        "anisotropy_Delta_p_t_minus_p_r": 0.0,
        "compactness_2m_over_r": 0.39676721412066324,
        "m_enclosed": 1.1766131734748104,
        "metric_potential_nu_matched": 0.7078201040486902,
        "p_r": 0.00011961699941506656,
        "p_t": 0.00011961699941506656,
        "rho_energy_density": 0.0005980849970753328,
        "sound_speed_squared_cs2": 0.2
      }
    },
    {
      "causal_structure": {
        "r_minus_2m": 3.9944265134434143,
        "trapped_surface_indicator_r_le_2m": false
      },
      "coordinates": {
        "phi": null,
        "r": 6.780999999999899,
        "t": null,
        "theta": null
      },
      "curvature_invariants": {
        "kretschmann_proxy_48m2_over_r6": 0.000958428635735567,
        "ricci_scalar_R": 0.004272248220425236
      },
      "local_observables": {
        "anisotropy_Delta_p_t_minus_p_r": 0.0,
        "compactness_2m_over_r": 0.4109384289273745,
        "m_enclosed": 1.3932867432782425,
        "metric_potential_nu_matched": 0.8217261347484921,
        "p_r": 8.49936777995287e-05,
        "p_t": 8.49936777995287e-05,
        "rho_energy_density": 0.0004249683889976435,
        "sound_speed_squared_cs2": 0.2
      }
    },
    {
      "causal_structure": {
        "r_minus_2m": 4.441884582766013,
        "trapped_surface_indicator_r_le_2m": false
      },
      "coordinates": {
        "phi": null,
        "r": 7.630999999999881,
        "t": null,
        "theta": null
      },
      "curvature_invariants": {
        "kretschmann_proxy_48m2_over_r6": 0.0006180633604773344,
        "ricci_scalar_R": 0.003138027132540678
      },
      "local_observables": {
        "anisotropy_Delta_p_t_minus_p_r": 0.0,
        "compactness_2m_over_r": 0.41791579311150795,
        "m_enclosed": 1.5945577086169338,
        "metric_potential_nu_matched": 0.9245747691768885,
        "p_r": 6.242906621254191e-05,
        "p_t": 6.242906621254191e-05,
        "rho_energy_density": 0.00031214533106270953,
        "sound_speed_squared_cs2": 0.2
      }
    },
    {
      "causal_structure": {
        "r_minus_2m": 4.91060954868264,
        "trapped_surface_indicator_r_le_2m": false
      },
      "coordinates": {
        "phi": null,
        "r": 8.470999999999863,
        "t": null,
        "theta": null
      },
      "curvature_invariants": {
        "kretschmann_proxy_48m2_over_r6": 0.00041168819205847265,
        "ricci_scalar_R": 0.002385909944736687
      },
      "local_observables": {
        "anisotropy_Delta_p_t_minus_p_r": 0.0,
        "compactness_2m_over_r": 0.42030344130767106,
        "m_enclosed": 1.780195225658612,
        "metric_potential_nu_matched": 1.0159126761599204,
        "p_r": 4.746617018461932e-05,
        "p_t": 4.746617018461932e-05,
        "rho_energy_density": 0.0002373308509230966,
        "sound_speed_squared_cs2": 0.2
      }
    },
    {
      "causal_structure": {
        "r_minus_2m": 5.4073649832812345,
        "trapped_surface_indicator_r_le_2m": false
      },
      "coordinates": {
        "phi": null,
        "r": 9.320999999999845,
        "t": null,
        "theta": null
      },
      "curvature_invariants": {
        "kretschmann_proxy_48m2_over_r6": 0.00028026369311305783,
        "ricci_scalar_R": 0.0018597981750553315
      },
      "local_observables": {
        "anisotropy_Delta_p_t_minus_p_r": 0.0,
        "compactness_2m_over_r": 0.4198728695117129,
        "m_enclosed": 1.9568175083593053,
        "metric_potential_nu_matched": 1.0989502114817984,
        "p_r": 3.699950908916776e-05,
        "p_t": 3.699950908916776e-05,
        "rho_energy_density": 0.0001849975454458388,
        "sound_speed_squared_cs2": 0.2
      }
    },
    {
      "causal_structure": {
        "r_minus_2m": 5.922619340824831,
        "trapped_surface_indicator_r_le_2m": false
      },
      "coordinates": {
        "phi": null,
        "r": 10.170999999999827,
        "t": null,
        "theta": null
      },
      "curvature_invariants": {
        "kretschmann_proxy_48m2_over_r6": 0.00019563482502611655,
        "ricci_scalar_R": 0.0014862036905749498
      },
      "local_observables": {
        "anisotropy_Delta_p_t_minus_p_r": 0.0,
        "compactness_2m_over_r": 0.4176954733236721,
        "m_enclosed": 2.124190329587498,
        "metric_potential_nu_matched": 1.173697866093747,
        "p_r": 2.956708297455262e-05,
        "p_t": 2.956708297455262e-05,
        "rho_energy_density": 0.0001478354148727631,
        "sound_speed_squared_cs2": 0.2
      }
    },
    {
      "causal_structure": {
        "r_minus_2m": 6.452888803725656,
        "trapped_surface_indicator_r_le_2m": false
      },
      "coordinates": {
        "phi": null,
        "r": 11.020999999999809,
        "t": null,
        "theta": null
      },
      "curvature_invariants": {
        "kretschmann_proxy_48m2_over_r6": 0.0001397425183289527,
        "ricci_scalar_R": 0.0012135408877455177
      },
      "local_observables": {
        "anisotropy_Delta_p_t_minus_p_r": 0.0,
        "compactness_2m_over_r": 0.4144915340054652,
        "m_enclosed": 2.2840555981370763,
        "metric_potential_nu_matched": 1.2412587228561667,
        "p_r": 2.4142628866103252e-05,
        "p_t": 2.4142628866103252e-05,
        "rho_energy_density": 0.00012071314433051626,
        "sound_speed_squared_cs2": 0.2
      }
    },
    {
      "causal_structure": {
        "r_minus_2m": 6.988872944492382,
        "trapped_surface_indicator_r_le_2m": false
      },
      "coordinates": {
        "phi": null,
        "r": 11.860999999999791,
        "t": null,
        "theta": null
      },
      "curvature_invariants": {
        "kretschmann_proxy_48m2_over_r6": 0.00010230353044213493,
        "ricci_scalar_R": 0.001011604251920611
      },
      "local_observables": {
        "anisotropy_Delta_p_t_minus_p_r": 0.0,
        "compactness_2m_over_r": 0.4107686582503579,
        "m_enclosed": 2.4360635277537046,
        "metric_potential_nu_matched": 1.3019270564265744,
        "p_r": 2.0125227143243025e-05,
        "p_t": 2.0125227143243025e-05,
        "rho_energy_density": 0.00010062613571621512,
        "sound_speed_squared_cs2": 0.2
      }
    },
    {
      "causal_structure": {
        "r_minus_2m": 7.541040710011406,
        "trapped_surface_indicator_r_le_2m": false
      },
      "coordinates": {
        "phi": null,
        "r": 12.710999999999773,
        "t": null,
        "theta": null
      },
      "curvature_invariants": {
        "kretschmann_proxy_48m2_over_r6": 7.60461409860443e-05,
        "ricci_scalar_R": 0.000855005220662216
      },
      "local_observables": {
        "anisotropy_Delta_p_t_minus_p_r": 0.0,
        "compactness_2m_over_r": 0.4067311218620454,
        "m_enclosed": 2.5849796449941835,
        "metric_potential_nu_matched": 1.3579887707582765,
        "p_r": 1.700978840472105e-05,
        "p_t": 1.700978840472105e-05,
        "rho_energy_density": 8.504894202360526e-05,
        "sound_speed_squared_cs2": 0.2
      }
    },
    {
      "causal_structure": {
        "r_minus_2m": 8.101208195626972,
        "trapped_surface_indicator_r_le_2m": false
      },
      "coordinates": {
        "phi": null,
        "r": 13.560999999999755,
        "t": null,
        "theta": null
      },
      "curvature_invariants": {
        "kretschmann_proxy_48m2_over_r6": 5.7515263631802573e-05,
        "ricci_scalar_R": 0.0007327794089321559
      },
      "local_observables": {
        "anisotropy_Delta_p_t_minus_p_r": 0.0,
        "compactness_2m_over_r": 0.4026098226069524,
        "m_enclosed": 2.7298959021863913,
        "metric_potential_nu_matched": 1.4094097244767136,
        "p_r": 1.457818314093875e-05,
        "p_t": 1.457818314093875e-05,
        "rho_energy_density": 7.289091570469374e-05,
        "sound_speed_squared_cs2": 0.2
      }
    },
    {
      "causal_structure": {
        "r_minus_2m": 8.667864723794217,
        "trapped_surface_indicator_r_le_2m": false
      },
      "coordinates": {
        "phi": null,
        "r": 14.410999999999737,
        "t": null,
        "theta": null
      },
      "curvature_invariants": {
        "kretschmann_proxy_48m2_over_r6": 4.418904632938877e-05,
        "ricci_scalar_R": 0.0006356663778273926
      },
      "local_observables": {
        "anisotropy_Delta_p_t_minus_p_r": 0.0,
        "compactness_2m_over_r": 0.39852441025644475,
        "m_enclosed": 2.87156763810276,
        "metric_potential_nu_matched": 1.4568000082287968,
        "p_r": 1.2646180773568743e-05,
        "p_t": 1.2646180773568743e-05,
        "rho_energy_density": 6.32309038678437e-05,
        "sound_speed_squared_cs2": 0.2
      }
    },
    {
      "causal_structure": {
        "r_minus_2m": 9.233029355779964,
        "trapped_surface_indicator_r_le_2m": false
      },
      "coordinates": {
        "phi": null,
        "r": 15.250999999999719,
        "t": null,
        "theta": null
      },
      "curvature_invariants": {
        "kretschmann_proxy_48m2_over_r6": 3.453754385776152e-05,
        "ricci_scalar_R": 0.0005581040490626748
      },
      "local_observables": {
        "anisotropy_Delta_p_t_minus_p_r": 0.0,
        "compactness_2m_over_r": 0.39459515075863,
        "m_enclosed": 3.0089853221098775,
        "metric_potential_nu_matched": 1.500176158126017,
        "p_r": 1.1103127270990798e-05,
        "p_t": 1.1103127270990798e-05,
        "rho_energy_density": 5.551563635495399e-05,
        "sound_speed_squared_cs2": 0.2
      }
    },
    {
      "causal_structure": {
        "r_minus_2m": 9.809166669398575,
        "trapped_surface_indicator_r_le_2m": false
      },
      "coordinates": {
        "phi": null,
        "r": 16.10099999999972,
        "t": null,
        "theta": null
      },
      "curvature_invariants": {
        "kretschmann_proxy_48m2_over_r6": 2.726582013518485e-05,
        "ricci_scalar_R": 0.0004937710702694045
      },
      "local_observables": {
        "anisotropy_Delta_p_t_minus_p_r": 0.0,
        "compactness_2m_over_r": 0.39077282967525323,
        "m_enclosed": 3.1459166653005712,
        "metric_potential_nu_matched": 1.5410006326541594,
        "p_r": 9.823263323643917e-06,
        "p_t": 9.823263323643917e-06,
        "rho_energy_density": 4.911631661821958e-05,
        "sound_speed_squared_cs2": 0.2
      }
    },
    {
      "causal_structure": {
        "r_minus_2m": 10.388754223627448,
        "trapped_surface_indicator_r_le_2m": false
      },
      "coordinates": {
        "phi": null,
        "r": 16.95099999999985,
        "t": null,
        "theta": null
      },
      "curvature_invariants": {
        "kretschmann_proxy_48m2_over_r6": 2.17828292334024e-05,
        "ricci_scalar_R": 0.0004404336714228789
      },
      "local_observables": {
        "anisotropy_Delta_p_t_minus_p_r": 0.0,
        "compactness_2m_over_r": 0.38713030360288253,
        "m_enclosed": 3.2811228881862022,
        "metric_potential_nu_matched": 1.5791046762831857,
        "p_r": 8.762149488882853e-06,
        "p_t": 8.762149488882853e-06,
        "rho_energy_density": 4.381074744441426e-05,
        "sound_speed_squared_cs2": 0.2
      }
    },
    {
      "causal_structure": {
        "r_minus_2m": 10.971112279437502,
        "trapped_surface_indicator_r_le_2m": false
      },
      "coordinates": {
        "phi": null,
        "r": 17.800999999999984,
        "t": null,
        "theta": null
      },
      "curvature_invariants": {
        "kretschmann_proxy_48m2_over_r6": 1.75930838784542e-05,
        "ricci_scalar_R": 0.0003957066453522121
      },
      "local_observables": {
        "anisotropy_Delta_p_t_minus_p_r": 0.0,
        "compactness_2m_over_r": 0.38368000227866345,
        "m_enclosed": 3.414943860281241,
        "metric_potential_nu_matched": 1.61480024835506,
        "p_r": 7.872333577764517e-06,
        "p_t": 7.872333577764517e-06,
        "rho_energy_density": 3.936166788882258e-05,
        "sound_speed_squared_cs2": 0.2
      }
    },
    {
      "causal_structure": {
        "r_minus_2m": 11.548788143113942,
        "trapped_surface_indicator_r_le_2m": false
      },
      "coordinates": {
        "phi": null,
        "r": 18.641000000000115,
        "t": null,
        "theta": null
      },
      "curvature_invariants": {
        "kretschmann_proxy_48m2_over_r6": 1.438564728594123e-05,
        "ricci_scalar_R": 0.0003582257279384132
      },
      "local_observables": {
        "anisotropy_Delta_p_t_minus_p_r": 0.0,
        "compactness_2m_over_r": 0.38046305760882615,
        "m_enclosed": 3.5461059284430863,
        "metric_potential_nu_matched": 1.647970191519893,
        "p_r": 7.126674418011369e-06,
        "p_t": 7.126674418011369e-06,
        "rho_energy_density": 3.563337209005684e-05,
        "sound_speed_squared_cs2": 0.2
      }
    },
    {
      "causal_structure": {
        "r_minus_2m": 12.135068771226386,
        "trapped_surface_indicator_r_le_2m": false
      },
      "coordinates": {
        "phi": null,
        "r": 19.49100000000025,
        "t": null,
        "theta": null
      },
      "curvature_invariants": {
        "kretschmann_proxy_48m2_over_r6": 1.1842730267086344e-05,
        "ricci_scalar_R": 0.0003257673132570326
      },
      "local_observables": {
        "anisotropy_Delta_p_t_minus_p_r": 0.0,
        "compactness_2m_over_r": 0.37740142777557684,
        "m_enclosed": 3.677965614386931,
        "metric_potential_nu_matched": 1.6796301745764304,
        "p_r": 6.480934775327835e-06,
        "p_t": 6.480934775327835e-06,
        "rho_energy_density": 3.240467387663917e-05,
        "sound_speed_squared_cs2": 0.2
      }
    },
    {
      "causal_structure": {
        "r_minus_2m": 12.722692756134773,
        "trapped_surface_indicator_r_le_2m": false
      },
      "coordinates": {
        "phi": null,
        "r": 20.34100000000038,
        "t": null,
        "theta": null
      },
      "curvature_invariants": {
        "kretschmann_proxy_48m2_over_r6": 9.83251040080747e-06,
        "ricci_scalar_R": 0.0002977828785301806
      },
      "local_observables": {
        "anisotropy_Delta_p_t_minus_p_r": 0.0,
        "compactness_2m_over_r": 0.37452963196821515,
        "m_enclosed": 3.8091536219328037,
        "metric_potential_nu_matched": 1.709569753938764,
        "p_r": 5.92420213577646e-06,
        "p_t": 5.92420213577646e-06,
        "rho_energy_density": 2.9621010678882298e-05,
        "sound_speed_squared_cs2": 0.2
      }
    },
    {
      "causal_structure": {
        "r_minus_2m": 13.311326147161264,
        "trapped_surface_indicator_r_le_2m": false
      },
      "coordinates": {
        "phi": null,
        "r": 21.191000000000514,
        "t": null,
        "theta": null
      },
      "curvature_invariants": {
        "kretschmann_proxy_48m2_over_r6": 8.227900310897332e-06,
        "ricci_scalar_R": 0.0002734714071638493
      },
      "local_observables": {
        "anisotropy_Delta_p_t_minus_p_r": 0.0,
        "compactness_2m_over_r": 0.37184058575994805,
        "m_enclosed": 3.939836926419625,
        "metric_potential_nu_matched": 1.7379589383414773,
        "p_r": 5.440540780552874e-06,
        "p_t": 5.440540780552874e-06,
        "rho_energy_density": 2.7202703902764365e-05,
        "sound_speed_squared_cs2": 0.2
      }
    },
    {
      "causal_structure": {
        "r_minus_2m": 13.893749534736815,
        "trapped_surface_indicator_r_le_2m": false
      },
      "coordinates": {
        "phi": null,
        "r": 22.031000000000645,
        "t": null,
        "theta": null
      },
      "curvature_invariants": {
        "kretschmann_proxy_48m2_over_r6": 6.9491446337141315e-06,
        "ricci_scalar_R": 0.00025243835769031396
      },
      "local_observables": {
        "anisotropy_Delta_p_t_minus_p_r": 0.0,
        "compactness_2m_over_r": 0.36935456698577424,
        "m_enclosed": 4.0686252326319154,
        "metric_potential_nu_matched": 1.7646355987594937,
        "p_r": 5.02210155655168e-06,
        "p_t": 5.02210155655168e-06,
        "rho_energy_density": 2.51105077827584e-05,
        "sound_speed_squared_cs2": 0.2
      }
    },
    {
      "causal_structure": {
        "r_minus_2m": 14.4835925039373,
        "trapped_surface_indicator_r_le_2m": false
      },
      "coordinates": {
        "phi": null,
        "r": 22.88100000000078,
        "t": null,
        "theta": null
      },
      "curvature_invariants": {
        "kretschmann_proxy_48m2_over_r6": 5.8968719375152234e-06,
        "ricci_scalar_R": 0.0002336877715959371
      },
      "local_observables": {
        "anisotropy_Delta_p_t_minus_p_r": 0.0,
        "compactness_2m_over_r": 0.36700351803082,
        "m_enclosed": 4.198703748031739,
        "metric_potential_nu_matched": 1.790362657425166,
        "p_r": 4.649070498702902e-06,
        "p_t": 4.649070498702902e-06,
        "rho_energy_density": 2.324535249351451e-05,
        "sound_speed_squared_cs2": 0.2
      }
    },
    {
      "causal_structure": {
        "r_minus_2m": 15.073720765449837,
        "trapped_surface_indicator_r_le_2m": false
      },
      "coordinates": {
        "phi": null,
        "r": 23.73100000000091,
        "t": null,
        "theta": null
      },
      "curvature_invariants": {
        "kretschmann_proxy_48m2_over_r6": 5.035560999965181e-06,
        "ricci_scalar_R": 0.0002170853696319889
      },
      "local_observables": {
        "anisotropy_Delta_p_t_minus_p_r": 0.0,
        "compactness_2m_over_r": 0.3648088674961334,
        "m_enclosed": 4.328639617275537,
        "metric_potential_nu_matched": 1.8149277342042234,
        "p_r": 4.318776206232782e-06,
        "p_t": 4.318776206232782e-06,
        "rho_energy_density": 2.159388103116391e-05,
        "sound_speed_squared_cs2": 0.2
      }
    },
    {
      "causal_structure": {
        "r_minus_2m": 15.663959905551689,
        "trapped_surface_indicator_r_le_2m": false
      },
      "coordinates": {
        "phi": null,
        "r": 24.581000000001044,
        "t": null,
        "theta": null
      },
      "curvature_invariants": {
        "kretschmann_proxy_48m2_over_r6": 4.325391316487534e-06,
        "ricci_scalar_R": 0.00020230622839707946
      },
      "local_observables": {
        "anisotropy_Delta_p_t_minus_p_r": 0.0,
        "compactness_2m_over_r": 0.3627614862881484,
        "m_enclosed": 4.4585200472246775,
        "metric_potential_nu_matched": 1.838430451868877,
        "p_r": 4.024754533459147e-06,
        "p_t": 4.024754533459147e-06,
        "rho_energy_density": 2.0123772667295733e-05,
        "sound_speed_squared_cs2": 0.2
      }
    },
    {
      "causal_structure": {
        "r_minus_2m": 16.24721806642271,
        "trapped_surface_indicator_r_le_2m": false
      },
      "coordinates": {
        "phi": null,
        "r": 25.421000000001175,
        "t": null,
        "theta": null
      },
      "curvature_invariants": {
        "kretschmann_proxy_48m2_over_r6": 3.7421594389593236e-06,
        "ricci_scalar_R": 0.00018923249919882253
      },
      "local_observables": {
        "anisotropy_Delta_p_t_minus_p_r": 0.0,
        "compactness_2m_over_r": 0.3608741565468723,
        "m_enclosed": 4.586890966789233,
        "metric_potential_nu_matched": 1.8606991578999934,
        "p_r": 3.7646609551407164e-06,
        "p_t": 3.7646609551407164e-06,
        "rho_energy_density": 1.8823304775703582e-05,
        "sound_speed_squared_cs2": 0.2
      }
    },
    {
      "causal_structure": {
        "r_minus_2m": 16.837255952544155,
        "trapped_surface_indicator_r_le_2m": false
      },
      "coordinates": {
        "phi": null,
        "r": 26.271000000001308,
        "t": null,
        "theta": null
      },
      "curvature_invariants": {
        "kretschmann_proxy_48m2_over_r6": 3.2485518088891303e-06,
        "ricci_scalar_R": 0.0001773365930175973
      },
      "local_observables": {
        "anisotropy_Delta_p_t_minus_p_r": 0.0,
        "compactness_2m_over_r": 0.3590934508567122,
        "m_enclosed": 4.716872023728578,
        "metric_potential_nu_matched": 1.882341435015962,
        "p_r": 3.527999421228288e-06,
        "p_t": 3.527999421228288e-06,
        "rho_energy_density": 1.763999710614144e-05,
        "sound_speed_squared_cs2": 0.2
      }
    },
    {
      "causal_structure": {
        "r_minus_2m": 17.42702013566184,
        "trapped_surface_indicator_r_le_2m": false
      },
      "coordinates": {
        "phi": null,
        "r": 27.12100000000144,
        "t": null,
        "theta": null
      },
      "curvature_invariants": {
        "kretschmann_proxy_48m2_over_r6": 2.833683102214113e-06,
        "ricci_scalar_R": 0.0001666015843014454
      },
      "local_observables": {
        "anisotropy_Delta_p_t_minus_p_r": 0.0,
        "compactness_2m_over_r": 0.3574344553791926,
        "m_enclosed": 4.846989932169799,
        "metric_potential_nu_matched": 1.9031562159768725,
        "p_r": 3.3144332085645192e-06,
        "p_t": 3.3144332085645192e-06,
        "rho_energy_density": 1.6572166042822595e-05,
        "sound_speed_squared_cs2": 0.2
      }
    },
    {
      "causal_structure": {
        "r_minus_2m": 18.016416948091624,
        "trapped_surface_indicator_r_le_2m": false
      },
      "coordinates": {
        "phi": null,
        "r": 27.971000000001574,
        "t": null,
        "theta": null
      },
      "curvature_invariants": {
        "kretschmann_proxy_48m2_over_r6": 2.4830155260873083e-06,
        "ricci_scalar_R": 0.00015687618237224748
      },
      "local_observables": {
        "anisotropy_Delta_p_t_minus_p_r": 0.0,
        "compactness_2m_over_r": 0.3558894230420574,
        "m_enclosed": 4.977291525954974,
        "metric_potential_nu_matched": 1.9232056801129231,
        "p_r": 3.1209524847411054e-06,
        "p_t": 3.1209524847411054e-06,
        "rho_energy_density": 1.5604762423705527e-05,
        "sound_speed_squared_cs2": 0.2
      }
    },
    {
      "causal_structure": {
        "r_minus_2m": 18.598440289535375,
        "trapped_surface_indicator_r_le_2m": false
      },
      "coordinates": {
        "phi": null,
        "r": 28.811000000001705,
        "t": null,
        "theta": null
      },
      "curvature_invariants": {
        "kretschmann_proxy_48m2_over_r6": 2.188267795094109e-06,
        "ricci_scalar_R": 0.00014813263166515525
      },
      "local_observables": {
        "anisotropy_Delta_p_t_minus_p_r": 0.0,
        "compactness_2m_over_r": 0.3544673808776413,
        "m_enclosed": 5.106279855233164,
        "metric_potential_nu_matched": 1.94232195162613,
        "p_r": 2.94700507034006e-06,
        "p_t": 2.94700507034006e-06,
        "rho_energy_density": 1.47350253517003e-05,
        "sound_speed_squared_cs2": 0.2
      }
    },
    {
      "causal_structure": {
        "r_minus_2m": 19.18687995042906,
        "trapped_surface_indicator_r_le_2m": false
      },
      "coordinates": {
        "phi": null,
        "r": 29.661000000001838,
        "t": null,
        "theta": null
      },
      "curvature_invariants": {
        "kretschmann_proxy_48m2_over_r6": 1.933310489781807e-06,
        "ricci_scalar_R": 0.00014005629315737555
      },
      "local_observables": {
        "anisotropy_Delta_p_t_minus_p_r": 0.0,
        "compactness_2m_over_r": 0.35312767774424764,
        "m_enclosed": 5.237060024786389,
        "metric_potential_nu_matched": 1.9610098171527417,
        "p_r": 2.7863314208904903e-06,
        "p_t": 2.7863314208904903e-06,
        "rho_energy_density": 1.393165710445245e-05,
        "sound_speed_squared_cs2": 0.2
      }
    },
    {
      "causal_structure": {
        "r_minus_2m": 19.774745750771565,
        "trapped_surface_indicator_r_le_2m": false
      },
      "coordinates": {
        "phi": null,
        "r": 30.51100000000197,
        "t": null,
        "theta": null
      },
      "curvature_invariants": {
        "kretschmann_proxy_48m2_over_r6": 1.7145421645515882e-06,
        "ricci_scalar_R": 0.0001326647566572705
      },
      "local_observables": {
        "anisotropy_Delta_p_t_minus_p_r": 0.0,
        "compactness_2m_over_r": 0.3518814279843241,
        "m_enclosed": 5.368127124615203,
        "metric_potential_nu_matched": 1.9790828559245752,
        "p_r": 2.6392814745110038e-06,
        "p_t": 2.6392814745110038e-06,
        "rho_energy_density": 1.3196407372555018e-05,
        "sound_speed_squared_cs2": 0.2
      }
    },
    {
      "causal_structure": {
        "r_minus_2m": 20.36198788555675,
        "trapped_surface_indicator_r_le_2m": false
      },
      "coordinates": {
        "phi": null,
        "r": 31.361000000002104,
        "t": null,
        "theta": null
      },
      "curvature_invariants": {
        "kretschmann_proxy_48m2_over_r6": 1.5259812310656127e-06,
        "ricci_scalar_R": 0.0001258798646414336
      },
      "local_observables": {
        "anisotropy_Delta_p_t_minus_p_r": 0.0,
        "compactness_2m_over_r": 0.3507226209127456,
        "m_enclosed": 5.499506057222676,
        "metric_potential_nu_matched": 1.9965819634444903,
        "p_r": 2.504300336677857e-06,
        "p_t": 2.504300336677857e-06,
        "rho_energy_density": 1.2521501683389285e-05,
        "sound_speed_squared_cs2": 0.2
      }
    },
    {
      "causal_structure": {
        "r_minus_2m": 20.941667278335576,
        "trapped_surface_indicator_r_le_2m": false
      },
      "coordinates": {
        "phi": null,
        "r": 32.20100000000216,
        "t": null,
        "theta": null
      },
      "curvature_invariants": {
        "kretschmann_proxy_48m2_over_r6": 1.3645529692502404e-06,
        "ricci_scalar_R": 0.0001197050659872712
      },
      "local_observables": {
        "anisotropy_Delta_p_t_minus_p_r": 0.0,
        "compactness_2m_over_r": 0.3496578591244318,
        "m_enclosed": 5.629666360833292,
        "metric_potential_nu_matched": 2.0133476510652657,
        "p_r": 2.3814566206269655e-06,
        "p_t": 2.3814566206269655e-06,
        "rho_energy_density": 1.1907283103134827e-05,
        "sound_speed_squared_cs2": 0.2
      }
    },
    {
      "causal_structure": {
        "r_minus_2m": 21.527550577138598,
        "trapped_surface_indicator_r_le_2m": false
      },
      "coordinates": {
        "phi": null,
        "r": 33.05100000000199,
        "t": null,
        "theta": null
      },
      "curvature_invariants": {
        "kretschmann_proxy_48m2_over_r6": 1.222471156993622e-06,
        "ricci_scalar_R": 0.00011393594413920491
      },
      "local_observables": {
        "anisotropy_Delta_p_t_minus_p_r": 0.0,
        "compactness_2m_over_r": 0.34865660412280103,
        "m_enclosed": 5.761724711431696,
        "metric_potential_nu_matched": 2.0298124967577493,
        "p_r": 2.2666835881995665e-06,
        "p_t": 2.2666835881995665e-06,
        "rho_energy_density": 1.1333417940997831e-05,
        "sound_speed_squared_cs2": 0.2
      }
    },
    {
      "causal_structure": {
        "r_minus_2m": 22.11270302817771,
        "trapped_surface_indicator_r_le_2m": false
      },
      "coordinates": {
        "phi": null,
        "r": 33.90100000000182,
        "t": null,
        "theta": null
      },
      "curvature_invariants": {
        "kretschmann_proxy_48m2_over_r6": 1.0985209097226365e-06,
        "ricci_scalar_R": 0.00010859878096843706
      },
      "local_observables": {
        "anisotropy_Delta_p_t_minus_p_r": 0.0,
        "compactness_2m_over_r": 0.34772711636304177,
        "m_enclosed": 5.894148485912057,
        "metric_potential_nu_matched": 2.045804568254066,
        "p_r": 2.160504100610101e-06,
        "p_t": 2.160504100610101e-06,
        "rho_energy_density": 1.0802520503050504e-05,
        "sound_speed_squared_cs2": 0.2
      }
    },
    {
      "causal_structure": {
        "r_minus_2m": 22.69709990162538,
        "trapped_surface_indicator_r_le_2m": false
      },
      "coordinates": {
        "phi": null,
        "r": 34.75100000000165,
        "t": null,
        "theta": null
      },
      "curvature_invariants": {
        "kretschmann_proxy_48m2_over_r6": 9.89994046680057e-07,
        "ricci_scalar_R": 0.00010364981240459044
      },
      "local_observables": {
        "anisotropy_Delta_p_t_minus_p_r": 0.0,
        "compactness_2m_over_r": 0.3468648412527899,
        "m_enclosed": 6.026950049188137,
        "metric_potential_nu_matched": 2.061351952747844,
        "p_r": 2.0620474993422783e-06,
        "p_t": 2.0620474993422783e-06,
        "rho_energy_density": 1.031023749671139e-05,
        "sound_speed_squared_cs2": 0.2
      }
    },
    {
      "causal_structure": {
        "r_minus_2m": 23.27385937754646,
        "trapped_surface_indicator_r_le_2m": false
      },
      "coordinates": {
        "phi": null,
        "r": 35.591000000001486,
        "t": null,
        "theta": null
      },
      "curvature_invariants": {
        "kretschmann_proxy_48m2_over_r6": 8.956944892015021e-07,
        "ricci_scalar_R": 9.910299986556273e-05
      },
      "local_observables": {
        "anisotropy_Delta_p_t_minus_p_r": 0.0,
        "compactness_2m_over_r": 0.3460745869027145,
        "m_enclosed": 6.158570311227512,
        "metric_potential_nu_matched": 2.076304725085807,
        "p_r": 1.9715915379799684e-06,
        "p_t": 1.9715915379799684e-06,
        "rho_energy_density": 9.857957689899842e-06,
        "sound_speed_squared_cs2": 0.2
      }
    },
    {
      "causal_structure": {
        "r_minus_2m": 23.856697617646113,
        "trapped_surface_indicator_r_le_2m": false
      },
      "coordinates": {
        "phi": null,
        "r": 36.44100000000132,
        "t": null,
        "theta": null
      },
      "curvature_invariants": {
        "kretschmann_proxy_48m2_over_r6": 8.115173684137871e-07,
        "ricci_scalar_R": 9.481684282875012e-05
      },
      "local_observables": {
        "anisotropy_Delta_p_t_minus_p_r": 0.0,
        "compactness_2m_over_r": 0.34533361824194586,
        "m_enclosed": 6.292151191177602,
        "metric_potential_nu_matched": 2.0910422755935603,
        "p_r": 1.8863211530703637e-06,
        "p_t": 1.8863211530703637e-06,
        "rho_energy_density": 9.431605765351819e-06,
        "sound_speed_squared_cs2": 0.2
      }
    },
    {
      "causal_structure": {
        "r_minus_2m": 24.438730904433665,
        "trapped_surface_indicator_r_le_2m": false
      },
      "coordinates": {
        "phi": null,
        "r": 37.29100000000115,
        "t": null,
        "theta": null
      },
      "curvature_invariants": {
        "kretschmann_proxy_48m2_over_r6": 7.370834984586291e-07,
        "ricci_scalar_R": 9.081788370592224e-05
      },
      "local_observables": {
        "anisotropy_Delta_p_t_minus_p_r": 0.0,
        "compactness_2m_over_r": 0.3446480141473033,
        "m_enclosed": 6.426134547783741,
        "metric_potential_nu_matched": 2.105405887967756,
        "p_r": 1.8067643891178038e-06,
        "p_t": 1.8067643891178038e-06,
        "rho_energy_density": 9.033821945589017e-06,
        "sound_speed_squared_cs2": 0.2
      }
    },
    {
      "causal_structure": {
        "r_minus_2m": 25.019949345571902,
        "trapped_surface_indicator_r_le_2m": false
      },
      "coordinates": {
        "phi": null,
        "r": 38.14100000000098,
        "t": null,
        "theta": null
      },
      "curvature_invariants": {
        "kretschmann_proxy_48m2_over_r6": 6.7106720870732e-07,
        "ricci_scalar_R": 8.707999714485209e-05
      },
      "local_observables": {
        "anisotropy_Delta_p_t_minus_p_r": 0.0,
        "compactness_2m_over_r": 0.3440143324618846,
        "m_enclosed": 6.560525327214539,
        "metric_potential_nu_matched": 2.1194155612173287,
        "p_r": 1.732401498753918e-06,
        "p_t": 1.732401498753918e-06,
        "rho_energy_density": 8.66200749376959e-06,
        "sound_speed_squared_cs2": 0.2
      }
    },
    {
      "causal_structure": {
        "r_minus_2m": 25.593522336938133,
        "trapped_surface_indicator_r_le_2m": false
      },
      "coordinates": {
        "phi": null,
        "r": 38.98100000000081,
        "t": null,
        "theta": null
      },
      "curvature_invariants": {
        "kretschmann_proxy_48m2_over_r6": 6.130006116314911e-07,
        "ricci_scalar_R": 8.361990559953911e-05
      },
      "local_observables": {
        "anisotropy_Delta_p_t_minus_p_r": 0.0,
        "compactness_2m_over_r": 0.34343597298844053,
        "m_enclosed": 6.6937388315313395,
        "metric_potential_nu_matched": 2.132930763408316,
        "p_r": 1.6635651646305393e-06,
        "p_t": 1.6635651646305393e-06,
        "rho_energy_density": 8.317825823152695e-06,
        "sound_speed_squared_cs2": 0.2
      }
    },
    {
      "causal_structure": {
        "r_minus_2m": 26.173101567157524,
        "trapped_surface_indicator_r_le_2m": false
      },
      "coordinates": {
        "phi": null,
        "r": 39.83100000000064,
        "t": null,
        "theta": null
      },
      "curvature_invariants": {
        "kretschmann_proxy_48m2_over_r6": 5.605595343347625e-07,
        "ricci_scalar_R": 8.033483285716464e-05
      },
      "local_observables": {
        "anisotropy_Delta_p_t_minus_p_r": 0.0,
        "compactness_2m_over_r": 0.34289619725447257,
        "m_enclosed": 6.828949216421559,
        "metric_potential_nu_matched": 2.1462901921035327,
        "p_r": 1.5982107189598704e-06,
        "p_t": 1.5982107189598704e-06,
        "rho_energy_density": 7.991053594799351e-06,
        "sound_speed_squared_cs2": 0.2
      }
    },
    {
      "causal_structure": {
        "r_minus_2m": 26.751851156885046,
        "trapped_surface_indicator_r_le_2m": false
      },
      "coordinates": {
        "phi": null,
        "r": 40.68100000000047,
        "t": null,
        "theta": null
      },
      "curvature_invariants": {
        "kretschmann_proxy_48m2_over_r6": 5.136658392388956e-07,
        "ricci_scalar_R": 7.724895468533712e-05
      },
      "local_observables": {
        "anisotropy_Delta_p_t_minus_p_r": 0.0,
        "compactness_2m_over_r": 0.3423993717734388,
        "m_enclosed": 6.964574421557713,
        "metric_potential_nu_matched": 2.1593468343752624,
        "p_r": 1.5368191233566539e-06,
        "p_t": 1.5368191233566539e-06,
        "rho_energy_density": 7.68409561678327e-06,
        "sound_speed_squared_cs2": 0.2
      }
    },
    {
      "causal_structure": {
        "r_minus_2m": 27.329770167900435,
        "trapped_surface_indicator_r_le_2m": false
      },
      "coordinates": {
        "phi": null,
        "r": 41.531000000000304,
        "t": null,
        "theta": null
      },
      "curvature_invariants": {
        "kretschmann_proxy_48m2_over_r6": 4.716271826674525e-07,
        "ricci_scalar_R": 7.434584437782457e-05
      },
      "local_observables": {
        "anisotropy_Delta_p_t_minus_p_r": 0.0,
        "compactness_2m_over_r": 0.3419428819941674,
        "m_enclosed": 7.100614916049935,
        "metric_potential_nu_matched": 2.172115369528549,
        "p_r": 1.4790635788839472e-06,
        "p_t": 1.4790635788839472e-06,
        "rho_energy_density": 7.395317894419736e-06,
        "sound_speed_squared_cs2": 0.2
      }
    },
    {
      "causal_structure": {
        "r_minus_2m": 27.900074822830454,
        "trapped_surface_indicator_r_le_2m": false
      },
      "coordinates": {
        "phi": null,
        "r": 42.37100000000014,
        "t": null,
        "theta": null
      },
      "curvature_invariants": {
        "kretschmann_proxy_48m2_over_r6": 4.342717296478262e-07,
        "ricci_scalar_R": 7.164202908766219e-05
      },
      "local_observables": {
        "anisotropy_Delta_p_t_minus_p_r": 0.0,
        "compactness_2m_over_r": 0.3415289980687177,
        "m_enclosed": 7.235462588584842,
        "metric_potential_nu_matched": 2.184463995683081,
        "p_r": 1.4252728828043482e-06,
        "p_t": 1.4252728828043482e-06,
        "rho_energy_density": 7.126364414021741e-06,
        "sound_speed_squared_cs2": 0.2
      }
    },
    {
      "causal_structure": {
        "r_minus_2m": 28.476345899872847,
        "trapped_surface_indicator_r_le_2m": false
      },
      "coordinates": {
        "phi": null,
        "r": 43.22099999999997,
        "t": null,
        "theta": null
      },
      "curvature_invariants": {
        "kretschmann_proxy_48m2_over_r6": 4.0020412268246384e-07,
        "ricci_scalar_R": 6.906001925125348e-05
      },
      "local_observables": {
        "anisotropy_Delta_p_t_minus_p_r": 0.0,
        "compactness_2m_over_r": 0.3411456028348981,
        "m_enclosed": 7.37232705006356,
        "metric_potential_nu_matched": 2.1966993055025363,
        "p_r": 1.3739054292323055e-06,
        "p_t": 1.3739054292323055e-06,
        "rho_energy_density": 6.8695271461615275e-06,
        "sound_speed_squared_cs2": 0.2
      }
    },
    {
      "causal_structure": {
        "r_minus_2m": 29.051792554569865,
        "trapped_surface_indicator_r_le_2m": false
      },
      "coordinates": {
        "phi": null,
        "r": 44.0709999999998,
        "t": null,
        "theta": null
      },
      "curvature_invariants": {
        "kretschmann_proxy_48m2_over_r6": 3.6945185151739616e-07,
        "ricci_scalar_R": 6.662102680632022e-05
      },
      "local_observables": {
        "anisotropy_Delta_p_t_minus_p_r": 0.0,
        "compactness_2m_over_r": 0.340795703420163,
        "m_enclosed": 7.509603722714968,
        "metric_potential_nu_matched": 2.20868454723337,
        "p_r": 1.3253832162604412e-06,
        "p_t": 1.3253832162604412e-06,
        "rho_energy_density": 6.6269160813022055e-06,
        "sound_speed_squared_cs2": 0.2
      }
    },
    {
      "causal_structure": {
        "r_minus_2m": 29.626419278450335,
        "trapped_surface_indicator_r_le_2m": false
      },
      "coordinates": {
        "phi": null,
        "r": 44.92099999999963,
        "t": null,
        "theta": null
      },
      "curvature_invariants": {
        "kretschmann_proxy_48m2_over_r6": 3.4163307025343023e-07,
        "ricci_scalar_R": 6.431427115997977e-05
      },
      "local_observables": {
        "anisotropy_Delta_p_t_minus_p_r": 0.0,
        "compactness_2m_over_r": 0.34047729840273855,
        "m_enclosed": 7.6472903607746465,
        "metric_potential_nu_matched": 2.2204307780377124,
        "p_r": 1.2794917708079134e-06,
        "p_t": 1.2794917708079134e-06,
        "rho_energy_density": 6.397458854039567e-06,
        "sound_speed_squared_cs2": 0.2
      }
    },
    {
      "causal_structure": {
        "r_minus_2m": 30.193485522838863,
        "trapped_surface_indicator_r_le_2m": false
      },
      "coordinates": {
        "phi": null,
        "r": 45.76099999999946,
        "t": null,
        "theta": null
      },
      "curvature_invariants": {
        "kretschmann_proxy_48m2_over_r6": 3.166990526761252e-07,
        "ricci_scalar_R": 6.215501538070421e-05
      },
      "local_observables": {
        "anisotropy_Delta_p_t_minus_p_r": 0.0,
        "compactness_2m_over_r": 0.34019174574770616,
        "m_enclosed": 7.783757238580299,
        "metric_potential_nu_matched": 2.2318141248432726,
        "p_r": 1.2365347419739825e-06,
        "p_t": 1.2365347419739825e-06,
        "rho_energy_density": 6.1826737098699125e-06,
        "sound_speed_squared_cs2": 0.2
      }
    },
    {
      "causal_structure": {
        "r_minus_2m": 30.766499133016566,
        "trapped_surface_indicator_r_le_2m": false
      },
      "coordinates": {
        "phi": null,
        "r": 46.610999999999294,
        "t": null,
        "theta": null
      },
      "curvature_invariants": {
        "kretschmann_proxy_48m2_over_r6": 2.9377027413289487e-07,
        "ricci_scalar_R": 6.0083080264107325e-05
      },
      "local_observables": {
        "anisotropy_Delta_p_t_minus_p_r": 0.0,
        "compactness_2m_over_r": 0.3399305071116897,
        "m_enclosed": 7.922250433491365,
        "metric_potential_nu_matched": 2.2431152039043654,
        "p_r": 1.1953149025274727e-06,
        "p_t": 1.1953149025274727e-06,
        "rho_energy_density": 5.976574512637363e-06,
        "sound_speed_squared_cs2": 0.2
      }
    },
    {
      "causal_structure": {
        "r_minus_2m": 31.338711621860423,
        "trapped_surface_indicator_r_le_2m": false
      },
      "coordinates": {
        "phi": null,
        "r": 47.460999999999125,
        "t": null,
        "theta": null
      },
      "curvature_invariants": {
        "kretschmann_proxy_48m2_over_r6": 2.729061413959156e-07,
        "ricci_scalar_R": 5.811682112871586e-05
      },
      "local_observables": {
        "anisotropy_Delta_p_t_minus_p_r": 0.0,
        "compactness_2m_over_r": 0.3396955053230863,
        "m_enclosed": 8.061144189069351,
        "metric_potential_nu_matched": 2.2542062483293455,
        "p_r": 1.1561974199278292e-06,
        "p_t": 1.1561974199278292e-06,
        "rho_energy_density": 5.780987099639146e-06,
        "sound_speed_squared_cs2": 0.2
      }
    },
    {
      "causal_structure": {
        "r_minus_2m": 31.910130731016956,
        "trapped_surface_indicator_r_le_2m": false
      },
      "coordinates": {
        "phi": null,
        "r": 48.310999999998955,
        "t": null,
        "theta": null
      },
      "curvature_invariants": {
        "kretschmann_proxy_48m2_over_r6": 2.538860372261058e-07,
        "ricci_scalar_R": 5.624890439733449e-05
      },
      "local_observables": {
        "anisotropy_Delta_p_t_minus_p_r": 0.0,
        "compactness_2m_over_r": 0.33948519527607285,
        "m_enclosed": 8.200434634491,
        "metric_potential_nu_matched": 2.2650957745721914,
        "p_r": 1.1190363972924045e-06,
        "p_t": 1.1190363972924045e-06,
        "rho_energy_density": 5.595181986462022e-06,
        "sound_speed_squared_cs2": 0.2
      }
    },
    {
      "causal_structure": {
        "r_minus_2m": 32.47405596579735,
        "trapped_surface_indicator_r_le_2m": false
      },
      "coordinates": {
        "phi": null,
        "r": 49.15099999999879,
        "t": null,
        "theta": null
      },
      "curvature_invariants": {
        "kretschmann_proxy_48m2_over_r6": 2.3671187178518508e-07,
        "ricci_scalar_R": 5.4493027267374585e-05
      },
      "local_observables": {
        "anisotropy_Delta_p_t_minus_p_r": 0.0,
        "compactness_2m_over_r": 0.339300198046873,
        "m_enclosed": 8.338472017100722,
        "metric_potential_nu_matched": 2.275667044598232,
        "p_r": 1.0841043317055129e-06,
        "p_t": 1.0841043317055129e-06,
        "rho_energy_density": 5.420521658527564e-06,
        "sound_speed_squared_cs2": 0.2
      }
    },
    {
      "causal_structure": {
        "r_minus_2m": 33.04392284440142,
        "trapped_surface_indicator_r_le_2m": false
      },
      "coordinates": {
        "phi": null,
        "r": 50.00099999999862,
        "t": null,
        "theta": null
      },
      "curvature_invariants": {
        "kretschmann_proxy_48m2_over_r6": 2.2080611556884945e-07,
        "ricci_scalar_R": 5.280132328562701e-05
      },
      "local_observables": {
        "anisotropy_Delta_p_t_minus_p_r": 0.0,
        "compactness_2m_over_r": 0.33913476041674506,
        "m_enclosed": 8.4785385777986,
        "metric_potential_nu_matched": 2.2861792115349164,
        "p_r": 1.0504489503375924e-06,
        "p_t": 1.0504489503375924e-06,
        "rho_energy_density": 5.2522447516879615e-06,
        "sound_speed_squared_cs2": 0.2
      }
    }
  ],
  "spacetime": "Static spherical star with anisotropic stresses (p_r != p_t)",
  "theory": "General Relativity (static spherically symmetric; anisotropic TOV)",
  "toy_id": "053",
  "units": {
    "G": 1,
    "c": 1
  }
}