{
  "notes": {
    "pressure_point": "Numerical breakdown may occur well before physical divergence.",
    "purpose": "Diagnose numerical instability near horizons and singular limits. Physical divergence must be distinguished from floating-point failure."
  },
  "observables": {
    "summary": {
      "horizon_radius_2M": 2.0,
      "max_r_sampled": 10.0,
      "min_r_sampled": 1e-06
    }
  },
  "parameters": {
    "M": 1.0,
    "epsilon_step": 1e-08
  },
  "sample_points": [
    {
      "causal_structure": {
        "near_horizon": false,
        "near_singularity": false
      },
      "coordinates": {
        "r": 10.0
      },
      "curvature_invariants": {
        "kretschmann": 4.8e-05
      },
      "local_observables": {
        "relative_sensitivity": 0.6000000515867515
      }
    },
    {
      "causal_structure": {
        "near_horizon": false,
        "near_singularity": false
      },
      "coordinates": {
        "r": 5.0
      },
      "curvature_invariants": {
        "kretschmann": 0.003072
      },
      "local_observables": {
        "relative_sensitivity": 1.1999999902357767
      }
    },
    {
      "causal_structure": {
        "near_horizon": false,
        "near_singularity": false
      },
      "coordinates": {
        "r": 2.1
      },
      "curvature_invariants": {
        "kretschmann": 0.5596615474774705
      },
      "local_observables": {
        "relative_sensitivity": 2.8571427815644794
      }
    },
    {
      "causal_structure": {
        "near_horizon": false,
        "near_singularity": false
      },
      "coordinates": {
        "r": 2.01
      },
      "curvature_invariants": {
        "kretschmann": 0.7278885584772434
      },
      "local_observables": {
        "relative_sensitivity": 2.985074541974095
      }
    },
    {
      "causal_structure": {
        "near_horizon": false,
        "near_singularity": false
      },
      "coordinates": {
        "r": 2.001
      },
      "curvature_invariants": {
        "kretschmann": 0.7477539322559006
      },
      "local_observables": {
        "relative_sensitivity": 2.9985006783730688
      }
    },
    {
      "causal_structure": {
        "near_horizon": true,
        "near_singularity": false
      },
      "coordinates": {
        "r": 2.0
      },
      "curvature_invariants": {
        "kretschmann": 0.75
      },
      "local_observables": {
        "relative_sensitivity": 2.9999999373586657
      }
    },
    {
      "causal_structure": {
        "near_horizon": false,
        "near_singularity": false
      },
      "coordinates": {
        "r": 1.999
      },
      "curvature_invariants": {
        "kretschmann": 0.7522539427559118
      },
      "local_observables": {
        "relative_sensitivity": 3.001500662746184
      }
    },
    {
      "causal_structure": {
        "near_horizon": false,
        "near_singularity": false
      },
      "coordinates": {
        "r": 1.0
      },
      "curvature_invariants": {
        "kretschmann": 48.0
      },
      "local_observables": {
        "relative_sensitivity": 5.999999756293542
      }
    },
    {
      "causal_structure": {
        "near_horizon": false,
        "near_singularity": false
      },
      "coordinates": {
        "r": 0.5
      },
      "curvature_invariants": {
        "kretschmann": 3072.0
      },
      "local_observables": {
        "relative_sensitivity": 11.99999921652761
      }
    },
    {
      "causal_structure": {
        "near_horizon": false,
        "near_singularity": false
      },
      "coordinates": {
        "r": 0.1
      },
      "curvature_invariants": {
        "kretschmann": 47999999.999999985
      },
      "local_observables": {
        "relative_sensitivity": 59.999978961423054
      }
    },
    {
      "causal_structure": {
        "near_horizon": false,
        "near_singularity": false
      },
      "coordinates": {
        "r": 0.01
      },
      "curvature_invariants": {
        "kretschmann": 47999999999999.99
      },
      "local_observables": {
        "relative_sensitivity": 599.9979000000001
      }
    },
    {
      "causal_structure": {
        "near_horizon": false,
        "near_singularity": false
      },
      "coordinates": {
        "r": 0.0001
      },
      "curvature_invariants": {
        "kretschmann": 4.799999999999998e+25
      },
      "local_observables": {
        "relative_sensitivity": 59979.00559869199
      }
    },
    {
      "causal_structure": {
        "near_horizon": false,
        "near_singularity": false
      },
      "coordinates": {
        "r": 1e-06
      },
      "curvature_invariants": {
        "kretschmann": 4.800000000000001e+37
      },
      "local_observables": {
        "relative_sensitivity": 5795476.474579279
      }
    }
  ],
  "spacetime": "Schwarzschild (numerical stability limits)",
  "theory": "General Relativity",
  "toy_id": "042",
  "units": {
    "G": 1,
    "c": 1
  }
}