{
  "notes": {
    "pressure_point": "Gravitational redshift is a global comparison between clocks, while proper acceleration is a local quantity that diverges at the horizon. The two are not equivalent measures of gravity."
  },
  "observables": {
    "horizon_radius": 2.0,
    "observer_radius": 10.0
  },
  "parameters": {
    "M": 1.0,
    "r_obs": 10.0
  },
  "sample_points": [
    {
      "causal_structure": {
        "horizon_radius": 2.0,
        "region": "exterior (r>2M)"
      },
      "coordinates": {
        "phi": null,
        "r": 20.0,
        "t": null,
        "theta": null
      },
      "curvature_invariants": {
        "kretschmann": 7.5e-07,
        "ricci_scalar": 0.0
      },
      "local_observables": {
        "gravitational_redshift_to_r_obs": -0.057190958417936644,
        "metric_f": 0.9,
        "proper_acceleration_static": 0.0026352313834736496
      }
    },
    {
      "causal_structure": {
        "horizon_radius": 2.0,
        "region": "exterior (r>2M)"
      },
      "coordinates": {
        "phi": null,
        "r": 10.0,
        "t": null,
        "theta": null
      },
      "curvature_invariants": {
        "kretschmann": 4.8e-05,
        "ricci_scalar": 0.0
      },
      "local_observables": {
        "gravitational_redshift_to_r_obs": 0.0,
        "metric_f": 0.8,
        "proper_acceleration_static": 0.011180339887498949
      }
    },
    {
      "causal_structure": {
        "horizon_radius": 2.0,
        "region": "exterior (r>2M)"
      },
      "coordinates": {
        "phi": null,
        "r": 6.0,
        "t": null,
        "theta": null
      },
      "curvature_invariants": {
        "kretschmann": 0.00102880658436214,
        "ricci_scalar": 0.0
      },
      "local_observables": {
        "gravitational_redshift_to_r_obs": 0.09544511501033215,
        "metric_f": 0.6666666666666667,
        "proper_acceleration_static": 0.034020690871988585
      }
    },
    {
      "causal_structure": {
        "horizon_radius": 2.0,
        "region": "exterior (r>2M)"
      },
      "coordinates": {
        "phi": null,
        "r": 4.0,
        "t": null,
        "theta": null
      },
      "curvature_invariants": {
        "kretschmann": 0.01171875,
        "ricci_scalar": 0.0
      },
      "local_observables": {
        "gravitational_redshift_to_r_obs": 0.26491106406735176,
        "metric_f": 0.5,
        "proper_acceleration_static": 0.08838834764831843
      }
    },
    {
      "causal_structure": {
        "horizon_radius": 2.0,
        "region": "exterior (r>2M)"
      },
      "coordinates": {
        "phi": null,
        "r": 3.0,
        "t": null,
        "theta": null
      },
      "curvature_invariants": {
        "kretschmann": 0.06584362139917696,
        "ricci_scalar": 0.0
      },
      "local_observables": {
        "gravitational_redshift_to_r_obs": 0.5491933384829668,
        "metric_f": 0.33333333333333337,
        "proper_acceleration_static": 0.1924500897298752
      }
    },
    {
      "causal_structure": {
        "horizon_radius": 2.0,
        "region": "exterior (r>2M)"
      },
      "coordinates": {
        "phi": null,
        "r": 2.5,
        "t": null,
        "theta": null
      },
      "curvature_invariants": {
        "kretschmann": 0.196608,
        "ricci_scalar": 0.0
      },
      "local_observables": {
        "gravitational_redshift_to_r_obs": 1.0,
        "metric_f": 0.19999999999999996,
        "proper_acceleration_static": 0.3577708763999664
      }
    },
    {
      "causal_structure": {
        "horizon_radius": 2.0,
        "region": "exterior (r>2M)"
      },
      "coordinates": {
        "phi": null,
        "r": 2.1,
        "t": null,
        "theta": null
      },
      "curvature_invariants": {
        "kretschmann": 0.5596615474774705,
        "ricci_scalar": 0.0
      },
      "local_observables": {
        "gravitational_redshift_to_r_obs": 3.098780306383837,
        "metric_f": 0.04761904761904767,
        "proper_acceleration_static": 1.0391328106475821
      }
    }
  ],
  "spacetime": "Schwarzschild (redshift vs acceleration)",
  "theory": "General Relativity (static observers)",
  "toy_id": "025",
  "units": {
    "G": 1,
    "c": 1
  }
}