{
  "notes": {
    "assumptions": [
      "Vacuum Schwarzschild, geometric units G=c=1",
      "Radial timelike geodesic with conserved energy E=1",
      "Times reported are shifted so that tau=0 and coordinate times=0 at r=r_start"
    ],
    "key_formulas": {
      "dr_dtau": "dr/d\u03c4 = -sqrt(2M/r)  (E=1 infall)",
      "r_star": "r* = r + 2M ln|r/(2M)-1|",
      "t_pg": "t_PG = t + 2 sqrt(2Mr) + 2M ln |(sqrt(r)-sqrt(2M))/(sqrt(r)+sqrt(2M))|",
      "t_schw(r)": "t(r)=2M[-(2/3)x^(3/2)-2x^(1/2)+ln|(sqrt(x)+1)/(sqrt(x)-1)|]+C, x=r/(2M)",
      "tau(r)": "\u03c4(r)-\u03c4(r0) = (2/3)/sqrt(2M) * (r0^(3/2) - r^(3/2))",
      "v_ef": "v = t + r*"
    },
    "pressure_point": "Proper time to the horizon is finite, but Schwarzschild coordinate time diverges. Horizon-regular slicings (PG, ingoing EF advanced time) remain finite along infall."
  },
  "observables": {
    "summary": {
      "all_ef_advanced_time_finite": true,
      "all_pg_time_finite": true,
      "all_tau_finite": true,
      "horizon_radius_2M": 2.0,
      "note": "Expect t_schw to become extremely large / undefined near r=2M; tau, t_pg, and v_ef should remain finite for r>0 (except possible numerical overflow if pushed too hard)."
    }
  },
  "parameters": {
    "M": 1.0,
    "r_samples": [
      10.0,
      6.0,
      4.0,
      3.0,
      2.5,
      2.1,
      2.01,
      2.001,
      2.0001
    ],
    "r_start": 10.0
  },
  "sample_points": [
    {
      "causal_structure": {
        "at_or_near_horizon": false,
        "horizon_radius_2M": 2.0,
        "inside_horizon": false
      },
      "coordinates": {
        "r": 10.0,
        "r_start": 10.0
      },
      "curvature_invariants": {
        "kretschmann_K": 4.8e-05,
        "ricci_scalar_R": 0.0
      },
      "local_observables": {
        "ef_advanced_time_v_from_r_start": 12.772588722239782,
        "finite_flags": {
          "t_pg_finite": true,
          "t_schw_finite": true,
          "tau_finite": true,
          "v_ef_finite": true
        },
        "pg_time_t_pg_from_r_start": 7.019424609760746,
        "proper_time_tau_from_r_start": 0.0,
        "schwarzschild_time_t_from_r_start": 0.0
      }
    },
    {
      "causal_structure": {
        "at_or_near_horizon": false,
        "horizon_radius_2M": 2.0,
        "inside_horizon": false
      },
      "coordinates": {
        "r": 6.0,
        "r_start": 10.0
      },
      "curvature_invariants": {
        "kretschmann_K": 0.00102880658436214,
        "ricci_scalar_R": 0.0
      },
      "local_observables": {
        "ef_advanced_time_v_from_r_start": 18.090348154177846,
        "finite_flags": {
          "t_pg_finite": true,
          "t_schw_finite": true,
          "tau_finite": true,
          "v_ef_finite": true
        },
        "pg_time_t_pg_from_r_start": 14.998341229483831,
        "proper_time_tau_from_r_start": 7.978916619723087,
        "schwarzschild_time_t_from_r_start": 10.704053793057957
      }
    },
    {
      "causal_structure": {
        "at_or_near_horizon": false,
        "horizon_radius_2M": 2.0,
        "inside_horizon": false
      },
      "coordinates": {
        "r": 4.0,
        "r_start": 10.0
      },
      "curvature_invariants": {
        "kretschmann_K": 0.01171875,
        "ricci_scalar_R": 0.0
      },
      "local_observables": {
        "ef_advanced_time_v_from_r_start": 20.023948392016877,
        "finite_flags": {
          "t_pg_finite": true,
          "t_schw_finite": true,
          "tau_finite": true,
          "v_ef_finite": true
        },
        "pg_time_t_pg_from_r_start": 18.155308293431084,
        "proper_time_tau_from_r_start": 11.135883683670343,
        "schwarzschild_time_t_from_r_start": 16.023948392016877
      }
    },
    {
      "causal_structure": {
        "at_or_near_horizon": false,
        "horizon_radius_2M": 2.0,
        "inside_horizon": false
      },
      "coordinates": {
        "r": 3.0,
        "r_start": 10.0
      },
      "curvature_invariants": {
        "kretschmann_K": 0.06584362139917696,
        "ricci_scalar_R": 0.0
      },
      "local_observables": {
        "ef_advanced_time_v_from_r_start": 20.77664420941227,
        "finite_flags": {
          "t_pg_finite": true,
          "t_schw_finite": true,
          "tau_finite": true,
          "v_ef_finite": true
        },
        "pg_time_t_pg_from_r_start": 19.477054716976163,
        "proper_time_tau_from_r_start": 12.457630107215417,
        "schwarzschild_time_t_from_r_start": 19.162938570532162
      }
    },
    {
      "causal_structure": {
        "at_or_near_horizon": false,
        "horizon_radius_2M": 2.0,
        "inside_horizon": false
      },
      "coordinates": {
        "r": 2.5,
        "r_start": 10.0
      },
      "curvature_invariants": {
        "kretschmann_K": 0.196608,
        "ricci_scalar_R": 0.0
      },
      "local_observables": {
        "ef_advanced_time_v_from_r_start": 21.092971701985398,
        "finite_flags": {
          "t_pg_finite": true,
          "t_schw_finite": true,
          "tau_finite": true,
          "v_ef_finite": true
        },
        "pg_time_t_pg_from_r_start": 20.063154478509517,
        "proper_time_tau_from_r_start": 13.04372986874877,
        "schwarzschild_time_t_from_r_start": 21.36556042422518
      }
    },
    {
      "causal_structure": {
        "at_or_near_horizon": false,
        "horizon_radius_2M": 2.0,
        "inside_horizon": false
      },
      "coordinates": {
        "r": 2.1,
        "r_start": 10.0
      },
      "curvature_invariants": {
        "kretschmann_K": 0.5596615474774705,
        "ricci_scalar_R": 0.0
      },
      "local_observables": {
        "ef_advanced_time_v_from_r_start": 21.314867485187122,
        "finite_flags": {
          "t_pg_finite": true,
          "t_schw_finite": true,
          "tau_finite": true,
          "v_ef_finite": true
        },
        "pg_time_t_pg_from_r_start": 20.491971352524992,
        "proper_time_tau_from_r_start": 13.472546742764253,
        "schwarzschild_time_t_from_r_start": 25.2063320322951
      }
    },
    {
      "causal_structure": {
        "at_or_near_horizon": false,
        "horizon_radius_2M": 2.0,
        "inside_horizon": false
      },
      "coordinates": {
        "r": 2.01,
        "r_start": 10.0
      },
      "curvature_invariants": {
        "kretschmann_K": 0.7278885584772434,
        "ricci_scalar_R": 0.0
      },
      "local_observables": {
        "ef_advanced_time_v_from_r_start": 21.360790478866775,
        "finite_flags": {
          "t_pg_finite": true,
          "t_schw_finite": true,
          "tau_finite": true,
          "v_ef_finite": true
        },
        "pg_time_t_pg_from_r_start": 20.583198636823102,
        "proper_time_tau_from_r_start": 13.563774027062447,
        "schwarzschild_time_t_from_r_start": 29.94742521196289
      }
    },
    {
      "causal_structure": {
        "at_or_near_horizon": false,
        "horizon_radius_2M": 2.0,
        "inside_horizon": false
      },
      "coordinates": {
        "r": 2.001,
        "r_start": 10.0
      },
      "curvature_invariants": {
        "kretschmann_K": 0.7477539322559006,
        "ricci_scalar_R": 0.0
      },
      "local_observables": {
        "ef_advanced_time_v_from_r_start": 21.36529975492016,
        "finite_flags": {
          "t_pg_finite": true,
          "t_schw_finite": true,
          "tau_finite": true,
          "v_ef_finite": true
        },
        "pg_time_t_pg_from_r_start": 20.592211001435366,
        "proper_time_tau_from_r_start": 13.572786391675677,
        "schwarzschild_time_t_from_r_start": 34.56610467400454
      }
    },
    {
      "causal_structure": {
        "at_or_near_horizon": false,
        "horizon_radius_2M": 2.0,
        "inside_horizon": false
      },
      "coordinates": {
        "r": 2.0001,
        "r_start": 10.0
      },
      "curvature_invariants": {
        "kretschmann_K": 0.7497750393697502,
        "ricci_scalar_R": 0.0
      },
      "local_observables": {
        "ef_advanced_time_v_from_r_start": 21.36574984772474,
        "finite_flags": {
          "t_pg_finite": true,
          "t_schw_finite": true,
          "tau_finite": true,
          "v_ef_finite": true
        },
        "pg_time_t_pg_from_r_start": 20.59311112516506,
        "proper_time_tau_from_r_start": 13.573686515415273,
        "schwarzschild_time_t_from_r_start": 39.17262495279277
      }
    }
  ],
  "spacetime": "Schwarzschild (same infall, different foliations)",
  "theory": "General Relativity",
  "toy_id": "043",
  "units": {
    "G": 1,
    "c": 1
  }
}