{
  "notes": {
    "domain_of_validity": "Minimal discrete illustration. Shows underdetermination at the level of causal ordering/orientation, independent of continuum details.",
    "key_definitions": {
      "causal_structure": "represented as a DAG adjacency + reachability (transitive closure)",
      "distance_proxy": "d_ij = 1/(I_ij+eps) on edges; shortest-path extension"
    },
    "pressure_point": "Entanglement pattern fixes an undirected weighted structure (and induced distances) but does not uniquely fix a causal orientation/partial order. Multiple inequivalent causal structures can fit the same entanglement data."
  },
  "observables": {
    "summary": {
      "causal_structure_options": [
        "forward_chain",
        "reverse_chain"
      ],
      "distance_proxy_range": {
        "max": 0.9999996666667778,
        "min": 0.0
      },
      "note": "Same entanglement weights/distances, different reachability => causal order underdetermined.",
      "reachability_differs_across_options": true,
      "uniqueness_status": false
    }
  },
  "parameters": {
    "I_edges": "I_ij>0 define undirected adjacency support",
    "N": 4,
    "eps": 1e-06,
    "nodes": [
      "A",
      "B",
      "C",
      "D"
    ]
  },
  "sample_points": [
    {
      "causal_structure": {
        "compatibility_statement": "DAG uses only edges where I_ij>0 (same undirected support).",
        "dag_adjacency": [
          [
            0,
            1,
            0,
            0
          ],
          [
            0,
            0,
            1,
            0
          ],
          [
            0,
            0,
            0,
            1
          ],
          [
            0,
            0,
            0,
            0
          ]
        ],
        "note": "Same undirected entanglement edges; different time orientation/causal precedence.",
        "reachability": [
          [
            1,
            1,
            1,
            1
          ],
          [
            0,
            1,
            1,
            1
          ],
          [
            0,
            0,
            1,
            1
          ],
          [
            0,
            0,
            0,
            1
          ]
        ],
        "topological_order_count": 1
      },
      "coordinates": {
        "option_id": "forward_chain"
      },
      "curvature_invariants": {
        "kretschmann": null,
        "note": "Discrete emergence toy: no continuum curvature computed.",
        "ricci_scalar": null
      },
      "local_observables": {
        "distance_definition": "edge d_ij=1/(I_ij+eps), no-edge=inf; all-pairs shortest paths",
        "distance_proxy_shortest_paths": [
          [
            0.0,
            0.33333322222225925,
            0.6666664444445185,
            0.9999996666667778
          ],
          [
            0.33333322222225925,
            0.0,
            0.33333322222225925,
            0.6666664444445185
          ],
          [
            0.6666664444445185,
            0.33333322222225925,
            0.0,
            0.33333322222225925
          ],
          [
            0.9999996666667778,
            0.6666664444445185,
            0.33333322222225925,
            0.0
          ]
        ],
        "entanglement_weights_I": [
          [
            0.0,
            3.0,
            0.0,
            0.0
          ],
          [
            3.0,
            0.0,
            3.0,
            0.0
          ],
          [
            0.0,
            3.0,
            0.0,
            3.0
          ],
          [
            0.0,
            0.0,
            3.0,
            0.0
          ]
        ],
        "eps": 1e-06,
        "nodes": [
          "A",
          "B",
          "C",
          "D"
        ]
      }
    },
    {
      "causal_structure": {
        "compatibility_statement": "DAG uses only edges where I_ij>0 (same undirected support).",
        "dag_adjacency": [
          [
            0,
            0,
            0,
            0
          ],
          [
            1,
            0,
            0,
            0
          ],
          [
            0,
            1,
            0,
            0
          ],
          [
            0,
            0,
            1,
            0
          ]
        ],
        "note": "Same undirected entanglement edges; different time orientation/causal precedence.",
        "reachability": [
          [
            1,
            0,
            0,
            0
          ],
          [
            1,
            1,
            0,
            0
          ],
          [
            1,
            1,
            1,
            0
          ],
          [
            1,
            1,
            1,
            1
          ]
        ],
        "topological_order_count": 1
      },
      "coordinates": {
        "option_id": "reverse_chain"
      },
      "curvature_invariants": {
        "kretschmann": null,
        "note": "Discrete emergence toy: no continuum curvature computed.",
        "ricci_scalar": null
      },
      "local_observables": {
        "distance_definition": "edge d_ij=1/(I_ij+eps), no-edge=inf; all-pairs shortest paths",
        "distance_proxy_shortest_paths": [
          [
            0.0,
            0.33333322222225925,
            0.6666664444445185,
            0.9999996666667778
          ],
          [
            0.33333322222225925,
            0.0,
            0.33333322222225925,
            0.6666664444445185
          ],
          [
            0.6666664444445185,
            0.33333322222225925,
            0.0,
            0.33333322222225925
          ],
          [
            0.9999996666667778,
            0.6666664444445185,
            0.33333322222225925,
            0.0
          ]
        ],
        "entanglement_weights_I": [
          [
            0.0,
            3.0,
            0.0,
            0.0
          ],
          [
            3.0,
            0.0,
            3.0,
            0.0
          ],
          [
            0.0,
            3.0,
            0.0,
            3.0
          ],
          [
            0.0,
            0.0,
            3.0,
            0.0
          ]
        ],
        "eps": 1e-06,
        "nodes": [
          "A",
          "B",
          "C",
          "D"
        ]
      }
    }
  ],
  "spacetime": "Discrete entanglement graph with RT-like distance proxy; multiple compatible causal DAGs",
  "theory": "Entanglement-first emergence diagnostic (discrete proxy; not classical GR)",
  "toy_id": "076",
  "units": {
    "G": 1,
    "c": 1
  }
}