{
  "notes": {
    "caution": "Event horizons are global and not computed here. We export the apparent-horizon proxy r_AH(u)=2M(u).",
    "interpretation": "This toy is a theorem-boundary demonstrator, not a collapse simulation. It shows exactly how dropping a hypothesis (vacuum) changes the conclusion.",
    "pressure_point": "Birkhoff's theorem guarantees a static exterior only for vacuum. With even spherically symmetric radiation (null dust), the exterior can be time-dependent: spherical symmetry does not imply stationarity once T_ab != 0."
  },
  "observables": {
    "summary": {
      "any_invalid_mass_region_M_u_lt_0": false,
      "birkhoff_applicability": "applies_only_where_Tuu_is_zero",
      "defined_points_with_Tuu_defined": 36,
      "fraction_nonvacuum": 1.0,
      "max_abs_dMdu_over_u_samples": 0.1,
      "nonvacuum_points_with_Tuu_nonzero": 36
    }
  },
  "parameters": {
    "M0": 1.0,
    "M1": 0.6,
    "apparent_horizon_proxy": "r_AH(u)=2M(u)",
    "gamma": null,
    "metric_form": "ds^2=-(1-2M(u)/r)du^2-2 du dr + r^2 d\u03a9^2",
    "profile": "smoothstep",
    "r_values": [
      1.5,
      2.0,
      3.0,
      5.0,
      10.0,
      20.0
    ],
    "stress_energy_form": "T_uu = -(1/(4\u03c0 r^2)) dM/du  (sign convention explicit)",
    "u_mid": 10.0,
    "u_values": [
      0.0,
      5.0,
      10.0,
      12.0,
      15.0,
      25.0
    ],
    "width": 2.0
  },
  "sample_points": [
    {
      "causal_structure": {
        "birkhoff_applies": false,
        "region": "inside_apparent_horizon",
        "spherical_symmetry": true,
        "time_dependent_exterior": true,
        "vacuum_region": false
      },
      "coordinates": {
        "r": 1.5,
        "u_retarded": 0.0
      },
      "curvature_invariants": {
        "kretschmann": 4.213838725940855,
        "ricci_scalar": 0.0
      },
      "local_observables": {
        "horizon_proxies": {
          "apparent_horizon_r_AH": 1.999963681705038
        },
        "mass_function": {
          "M_u": 0.999981840852519,
          "dMdu": -1.8158323094380668e-05
        },
        "metric_function": {
          "f_u_r": -0.33330912113669187
        },
        "stress_energy": {
          "Tuu_null_dust_proxy": 6.422193063845343e-07,
          "trace_T": 0.0
        }
      }
    },
    {
      "causal_structure": {
        "birkhoff_applies": false,
        "region": "outside_apparent_horizon",
        "spherical_symmetry": true,
        "time_dependent_exterior": true,
        "vacuum_region": false
      },
      "coordinates": {
        "r": 2.0,
        "u_retarded": 0.0
      },
      "curvature_invariants": {
        "kretschmann": 0.7499727615260945,
        "ricci_scalar": 0.0
      },
      "local_observables": {
        "horizon_proxies": {
          "apparent_horizon_r_AH": 1.999963681705038
        },
        "mass_function": {
          "M_u": 0.999981840852519,
          "dMdu": -1.8158323094380668e-05
        },
        "metric_function": {
          "f_u_r": 1.8159147481044968e-05
        },
        "stress_energy": {
          "Tuu_null_dust_proxy": 3.612483598413005e-07,
          "trace_T": 0.0
        }
      }
    },
    {
      "causal_structure": {
        "birkhoff_applies": false,
        "region": "outside_apparent_horizon",
        "spherical_symmetry": true,
        "time_dependent_exterior": true,
        "vacuum_region": false
      },
      "coordinates": {
        "r": 3.0,
        "u_retarded": 0.0
      },
      "curvature_invariants": {
        "kretschmann": 0.06584123009282586,
        "ricci_scalar": 0.0
      },
      "local_observables": {
        "horizon_proxies": {
          "apparent_horizon_r_AH": 1.999963681705038
        },
        "mass_function": {
          "M_u": 0.999981840852519,
          "dMdu": -1.8158323094380668e-05
        },
        "metric_function": {
          "f_u_r": 0.33334543943165407
        },
        "stress_energy": {
          "Tuu_null_dust_proxy": 1.6055482659613358e-07,
          "trace_T": 0.0
        }
      }
    },
    {
      "causal_structure": {
        "birkhoff_applies": false,
        "region": "outside_apparent_horizon",
        "spherical_symmetry": true,
        "time_dependent_exterior": true,
        "vacuum_region": false
      },
      "coordinates": {
        "r": 5.0,
        "u_retarded": 0.0
      },
      "curvature_invariants": {
        "kretschmann": 0.003071888431210883,
        "ricci_scalar": 0.0
      },
      "local_observables": {
        "horizon_proxies": {
          "apparent_horizon_r_AH": 1.999963681705038
        },
        "mass_function": {
          "M_u": 0.999981840852519,
          "dMdu": -1.8158323094380668e-05
        },
        "metric_function": {
          "f_u_r": 0.6000072636589924
        },
        "stress_energy": {
          "Tuu_null_dust_proxy": 5.779973757460808e-08,
          "trace_T": 0.0
        }
      }
    },
    {
      "causal_structure": {
        "birkhoff_applies": false,
        "region": "outside_apparent_horizon",
        "spherical_symmetry": true,
        "time_dependent_exterior": true,
        "vacuum_region": false
      },
      "coordinates": {
        "r": 10.0,
        "u_retarded": 0.0
      },
      "curvature_invariants": {
        "kretschmann": 4.799825673767005e-05,
        "ricci_scalar": 0.0
      },
      "local_observables": {
        "horizon_proxies": {
          "apparent_horizon_r_AH": 1.999963681705038
        },
        "mass_function": {
          "M_u": 0.999981840852519,
          "dMdu": -1.8158323094380668e-05
        },
        "metric_function": {
          "f_u_r": 0.8000036318294962
        },
        "stress_energy": {
          "Tuu_null_dust_proxy": 1.444993439365202e-08,
          "trace_T": 0.0
        }
      }
    },
    {
      "causal_structure": {
        "birkhoff_applies": false,
        "region": "outside_apparent_horizon",
        "spherical_symmetry": true,
        "time_dependent_exterior": true,
        "vacuum_region": false
      },
      "coordinates": {
        "r": 20.0,
        "u_retarded": 0.0
      },
      "curvature_invariants": {
        "kretschmann": 7.499727615260945e-07,
        "ricci_scalar": 0.0
      },
      "local_observables": {
        "horizon_proxies": {
          "apparent_horizon_r_AH": 1.999963681705038
        },
        "mass_function": {
          "M_u": 0.999981840852519,
          "dMdu": -1.8158323094380668e-05
        },
        "metric_function": {
          "f_u_r": 0.9000018159147481
        },
        "stress_energy": {
          "Tuu_null_dust_proxy": 3.612483598413005e-09,
          "trace_T": 0.0
        }
      }
    },
    {
      "causal_structure": {
        "birkhoff_applies": false,
        "region": "inside_apparent_horizon",
        "spherical_symmetry": true,
        "time_dependent_exterior": true,
        "vacuum_region": false
      },
      "coordinates": {
        "r": 1.5,
        "u_retarded": 5.0
      },
      "curvature_invariants": {
        "kretschmann": 4.191459076598019,
        "ricci_scalar": 0.0
      },
      "local_observables": {
        "horizon_proxies": {
          "apparent_horizon_r_AH": 1.9946457192605722
        },
        "mass_function": {
          "M_u": 0.9973228596302861,
          "dMdu": -0.0026592226683160615
        },
        "metric_function": {
          "f_u_r": -0.3297638128403815
        },
        "stress_energy": {
          "Tuu_null_dust_proxy": 9.405076276544909e-05,
          "trace_T": 0.0
        }
      }
    },
    {
      "causal_structure": {
        "birkhoff_applies": false,
        "region": "outside_apparent_horizon",
        "spherical_symmetry": true,
        "time_dependent_exterior": true,
        "vacuum_region": false
      },
      "coordinates": {
        "r": 2.0,
        "u_retarded": 5.0
      },
      "curvature_invariants": {
        "kretschmann": 0.7459896647558485,
        "ricci_scalar": 0.0
      },
      "local_observables": {
        "horizon_proxies": {
          "apparent_horizon_r_AH": 1.9946457192605722
        },
        "mass_function": {
          "M_u": 0.9973228596302861,
          "dMdu": -0.0026592226683160615
        },
        "metric_function": {
          "f_u_r": 0.002677140369713893
        },
        "stress_energy": {
          "Tuu_null_dust_proxy": 5.2903554055565104e-05,
          "trace_T": 0.0
        }
      }
    },
    {
      "causal_structure": {
        "birkhoff_applies": false,
        "region": "outside_apparent_horizon",
        "spherical_symmetry": true,
        "time_dependent_exterior": true,
        "vacuum_region": false
      },
      "coordinates": {
        "r": 3.0,
        "u_retarded": 5.0
      },
      "curvature_invariants": {
        "kretschmann": 0.06549154807184404,
        "ricci_scalar": 0.0
      },
      "local_observables": {
        "horizon_proxies": {
          "apparent_horizon_r_AH": 1.9946457192605722
        },
        "mass_function": {
          "M_u": 0.9973228596302861,
          "dMdu": -0.0026592226683160615
        },
        "metric_function": {
          "f_u_r": 0.33511809357980926
        },
        "stress_energy": {
          "Tuu_null_dust_proxy": 2.3512690691362273e-05,
          "trace_T": 0.0
        }
      }
    },
    {
      "causal_structure": {
        "birkhoff_applies": false,
        "region": "outside_apparent_horizon",
        "spherical_symmetry": true,
        "time_dependent_exterior": true,
        "vacuum_region": false
      },
      "coordinates": {
        "r": 5.0,
        "u_retarded": 5.0
      },
      "curvature_invariants": {
        "kretschmann": 0.0030555736668399554,
        "ricci_scalar": 0.0
      },
      "local_observables": {
        "horizon_proxies": {
          "apparent_horizon_r_AH": 1.9946457192605722
        },
        "mass_function": {
          "M_u": 0.9973228596302861,
          "dMdu": -0.0026592226683160615
        },
        "metric_function": {
          "f_u_r": 0.6010708561478856
        },
        "stress_energy": {
          "Tuu_null_dust_proxy": 8.464568648890417e-06,
          "trace_T": 0.0
        }
      }
    },
    {
      "causal_structure": {
        "birkhoff_applies": false,
        "region": "outside_apparent_horizon",
        "spherical_symmetry": true,
        "time_dependent_exterior": true,
        "vacuum_region": false
      },
      "coordinates": {
        "r": 10.0,
        "u_retarded": 5.0
      },
      "curvature_invariants": {
        "kretschmann": 4.7743338544374304e-05,
        "ricci_scalar": 0.0
      },
      "local_observables": {
        "horizon_proxies": {
          "apparent_horizon_r_AH": 1.9946457192605722
        },
        "mass_function": {
          "M_u": 0.9973228596302861,
          "dMdu": -0.0026592226683160615
        },
        "metric_function": {
          "f_u_r": 0.8005354280739427
        },
        "stress_energy": {
          "Tuu_null_dust_proxy": 2.1161421622226043e-06,
          "trace_T": 0.0
        }
      }
    },
    {
      "causal_structure": {
        "birkhoff_applies": false,
        "region": "outside_apparent_horizon",
        "spherical_symmetry": true,
        "time_dependent_exterior": true,
        "vacuum_region": false
      },
      "coordinates": {
        "r": 20.0,
        "u_retarded": 5.0
      },
      "curvature_invariants": {
        "kretschmann": 7.459896647558485e-07,
        "ricci_scalar": 0.0
      },
      "local_observables": {
        "horizon_proxies": {
          "apparent_horizon_r_AH": 1.9946457192605722
        },
        "mass_function": {
          "M_u": 0.9973228596302861,
          "dMdu": -0.0026592226683160615
        },
        "metric_function": {
          "f_u_r": 0.9002677140369714
        },
        "stress_energy": {
          "Tuu_null_dust_proxy": 5.290355405556511e-07,
          "trace_T": 0.0
        }
      }
    },
    {
      "causal_structure": {
        "birkhoff_applies": false,
        "region": "inside_apparent_horizon",
        "spherical_symmetry": true,
        "time_dependent_exterior": true,
        "vacuum_region": false
      },
      "coordinates": {
        "r": 1.5,
        "u_retarded": 10.0
      },
      "curvature_invariants": {
        "kretschmann": 2.6969547325102887,
        "ricci_scalar": 0.0
      },
      "local_observables": {
        "horizon_proxies": {
          "apparent_horizon_r_AH": 1.6
        },
        "mass_function": {
          "M_u": 0.8,
          "dMdu": -0.1
        },
        "metric_function": {
          "f_u_r": -0.06666666666666665
        },
        "stress_energy": {
          "Tuu_null_dust_proxy": 0.00353677651315323,
          "trace_T": 0.0
        }
      }
    },
    {
      "causal_structure": {
        "birkhoff_applies": false,
        "region": "outside_apparent_horizon",
        "spherical_symmetry": true,
        "time_dependent_exterior": true,
        "vacuum_region": false
      },
      "coordinates": {
        "r": 2.0,
        "u_retarded": 10.0
      },
      "curvature_invariants": {
        "kretschmann": 0.4800000000000001,
        "ricci_scalar": 0.0
      },
      "local_observables": {
        "horizon_proxies": {
          "apparent_horizon_r_AH": 1.6
        },
        "mass_function": {
          "M_u": 0.8,
          "dMdu": -0.1
        },
        "metric_function": {
          "f_u_r": 0.19999999999999996
        },
        "stress_energy": {
          "Tuu_null_dust_proxy": 0.0019894367886486917,
          "trace_T": 0.0
        }
      }
    },
    {
      "causal_structure": {
        "birkhoff_applies": false,
        "region": "outside_apparent_horizon",
        "spherical_symmetry": true,
        "time_dependent_exterior": true,
        "vacuum_region": false
      },
      "coordinates": {
        "r": 3.0,
        "u_retarded": 10.0
      },
      "curvature_invariants": {
        "kretschmann": 0.04213991769547326,
        "ricci_scalar": 0.0
      },
      "local_observables": {
        "horizon_proxies": {
          "apparent_horizon_r_AH": 1.6
        },
        "mass_function": {
          "M_u": 0.8,
          "dMdu": -0.1
        },
        "metric_function": {
          "f_u_r": 0.4666666666666667
        },
        "stress_energy": {
          "Tuu_null_dust_proxy": 0.0008841941282883075,
          "trace_T": 0.0
        }
      }
    },
    {
      "causal_structure": {
        "birkhoff_applies": false,
        "region": "outside_apparent_horizon",
        "spherical_symmetry": true,
        "time_dependent_exterior": true,
        "vacuum_region": false
      },
      "coordinates": {
        "r": 5.0,
        "u_retarded": 10.0
      },
      "curvature_invariants": {
        "kretschmann": 0.0019660800000000003,
        "ricci_scalar": 0.0
      },
      "local_observables": {
        "horizon_proxies": {
          "apparent_horizon_r_AH": 1.6
        },
        "mass_function": {
          "M_u": 0.8,
          "dMdu": -0.1
        },
        "metric_function": {
          "f_u_r": 0.6799999999999999
        },
        "stress_energy": {
          "Tuu_null_dust_proxy": 0.0003183098861837907,
          "trace_T": 0.0
        }
      }
    },
    {
      "causal_structure": {
        "birkhoff_applies": false,
        "region": "outside_apparent_horizon",
        "spherical_symmetry": true,
        "time_dependent_exterior": true,
        "vacuum_region": false
      },
      "coordinates": {
        "r": 10.0,
        "u_retarded": 10.0
      },
      "curvature_invariants": {
        "kretschmann": 3.0720000000000004e-05,
        "ricci_scalar": 0.0
      },
      "local_observables": {
        "horizon_proxies": {
          "apparent_horizon_r_AH": 1.6
        },
        "mass_function": {
          "M_u": 0.8,
          "dMdu": -0.1
        },
        "metric_function": {
          "f_u_r": 0.84
        },
        "stress_energy": {
          "Tuu_null_dust_proxy": 7.957747154594768e-05,
          "trace_T": 0.0
        }
      }
    },
    {
      "causal_structure": {
        "birkhoff_applies": false,
        "region": "outside_apparent_horizon",
        "spherical_symmetry": true,
        "time_dependent_exterior": true,
        "vacuum_region": false
      },
      "coordinates": {
        "r": 20.0,
        "u_retarded": 10.0
      },
      "curvature_invariants": {
        "kretschmann": 4.800000000000001e-07,
        "ricci_scalar": 0.0
      },
      "local_observables": {
        "horizon_proxies": {
          "apparent_horizon_r_AH": 1.6
        },
        "mass_function": {
          "M_u": 0.8,
          "dMdu": -0.1
        },
        "metric_function": {
          "f_u_r": 0.92
        },
        "stress_energy": {
          "Tuu_null_dust_proxy": 1.989436788648692e-05,
          "trace_T": 0.0
        }
      }
    },
    {
      "causal_structure": {
        "birkhoff_applies": false,
        "region": "outside_apparent_horizon",
        "spherical_symmetry": true,
        "time_dependent_exterior": true,
        "vacuum_region": false
      },
      "coordinates": {
        "r": 1.5,
        "u_retarded": 12.0
      },
      "curvature_invariants": {
        "kretschmann": 1.767731184954339,
        "ricci_scalar": 0.0
      },
      "local_observables": {
        "horizon_proxies": {
          "apparent_horizon_r_AH": 1.295362337617694
        },
        "mass_function": {
          "M_u": 0.647681168808847,
          "dMdu": -0.041997434161402614
        },
        "metric_function": {
          "f_u_r": 0.13642510825487075
        },
        "stress_energy": {
          "Tuu_null_dust_proxy": 0.001485355387547479,
          "trace_T": 0.0
        }
      }
    },
    {
      "causal_structure": {
        "birkhoff_applies": false,
        "region": "outside_apparent_horizon",
        "spherical_symmetry": true,
        "time_dependent_exterior": true,
        "vacuum_region": false
      },
      "coordinates": {
        "r": 2.0,
        "u_retarded": 12.0
      },
      "curvature_invariants": {
        "kretschmann": 0.3146181723221956,
        "ricci_scalar": 0.0
      },
      "local_observables": {
        "horizon_proxies": {
          "apparent_horizon_r_AH": 1.295362337617694
        },
        "mass_function": {
          "M_u": 0.647681168808847,
          "dMdu": -0.041997434161402614
        },
        "metric_function": {
          "f_u_r": 0.35231883119115304
        },
        "stress_energy": {
          "Tuu_null_dust_proxy": 0.0008355124054954568,
          "trace_T": 0.0
        }
      }
    },
    {
      "causal_structure": {
        "birkhoff_applies": false,
        "region": "outside_apparent_horizon",
        "spherical_symmetry": true,
        "time_dependent_exterior": true,
        "vacuum_region": false
      },
      "coordinates": {
        "r": 3.0,
        "u_retarded": 12.0
      },
      "curvature_invariants": {
        "kretschmann": 0.027620799764911545,
        "ricci_scalar": 0.0
      },
      "local_observables": {
        "horizon_proxies": {
          "apparent_horizon_r_AH": 1.295362337617694
        },
        "mass_function": {
          "M_u": 0.647681168808847,
          "dMdu": -0.041997434161402614
        },
        "metric_function": {
          "f_u_r": 0.5682125541274354
        },
        "stress_energy": {
          "Tuu_null_dust_proxy": 0.00037133884688686974,
          "trace_T": 0.0
        }
      }
    },
    {
      "causal_structure": {
        "birkhoff_applies": false,
        "region": "outside_apparent_horizon",
        "spherical_symmetry": true,
        "time_dependent_exterior": true,
        "vacuum_region": false
      },
      "coordinates": {
        "r": 5.0,
        "u_retarded": 12.0
      },
      "curvature_invariants": {
        "kretschmann": 0.0012886760338317131,
        "ricci_scalar": 0.0
      },
      "local_observables": {
        "horizon_proxies": {
          "apparent_horizon_r_AH": 1.295362337617694
        },
        "mass_function": {
          "M_u": 0.647681168808847,
          "dMdu": -0.041997434161402614
        },
        "metric_function": {
          "f_u_r": 0.7409275324764613
        },
        "stress_energy": {
          "Tuu_null_dust_proxy": 0.00013368198487927308,
          "trace_T": 0.0
        }
      }
    },
    {
      "causal_structure": {
        "birkhoff_applies": false,
        "region": "outside_apparent_horizon",
        "spherical_symmetry": true,
        "time_dependent_exterior": true,
        "vacuum_region": false
      },
      "coordinates": {
        "r": 10.0,
        "u_retarded": 12.0
      },
      "curvature_invariants": {
        "kretschmann": 2.0135563028620518e-05,
        "ricci_scalar": 0.0
      },
      "local_observables": {
        "horizon_proxies": {
          "apparent_horizon_r_AH": 1.295362337617694
        },
        "mass_function": {
          "M_u": 0.647681168808847,
          "dMdu": -0.041997434161402614
        },
        "metric_function": {
          "f_u_r": 0.8704637662382306
        },
        "stress_energy": {
          "Tuu_null_dust_proxy": 3.342049621981827e-05,
          "trace_T": 0.0
        }
      }
    },
    {
      "causal_structure": {
        "birkhoff_applies": false,
        "region": "outside_apparent_horizon",
        "spherical_symmetry": true,
        "time_dependent_exterior": true,
        "vacuum_region": false
      },
      "coordinates": {
        "r": 20.0,
        "u_retarded": 12.0
      },
      "curvature_invariants": {
        "kretschmann": 3.146181723221956e-07,
        "ricci_scalar": 0.0
      },
      "local_observables": {
        "horizon_proxies": {
          "apparent_horizon_r_AH": 1.295362337617694
        },
        "mass_function": {
          "M_u": 0.647681168808847,
          "dMdu": -0.041997434161402614
        },
        "metric_function": {
          "f_u_r": 0.9352318831191153
        },
        "stress_energy": {
          "Tuu_null_dust_proxy": 8.355124054954567e-06,
          "trace_T": 0.0
        }
      }
    },
    {
      "causal_structure": {
        "birkhoff_applies": false,
        "region": "outside_apparent_horizon",
        "spherical_symmetry": true,
        "time_dependent_exterior": true,
        "vacuum_region": false
      },
      "coordinates": {
        "r": 1.5,
        "u_retarded": 15.0
      },
      "curvature_invariants": {
        "kretschmann": 1.5306049760362015,
        "ricci_scalar": 0.0
      },
      "local_observables": {
        "horizon_proxies": {
          "apparent_horizon_r_AH": 1.2053542807394277
        },
        "mass_function": {
          "M_u": 0.6026771403697139,
          "dMdu": -0.0026592226683160615
        },
        "metric_function": {
          "f_u_r": 0.19643047950704817
        },
        "stress_energy": {
          "Tuu_null_dust_proxy": 9.405076276544909e-05,
          "trace_T": 0.0
        }
      }
    },
    {
      "causal_structure": {
        "birkhoff_applies": false,
        "region": "outside_apparent_horizon",
        "spherical_symmetry": true,
        "time_dependent_exterior": true,
        "vacuum_region": false
      },
      "coordinates": {
        "r": 2.0,
        "u_retarded": 15.0
      },
      "curvature_invariants": {
        "kretschmann": 0.27241480164316184,
        "ricci_scalar": 0.0
      },
      "local_observables": {
        "horizon_proxies": {
          "apparent_horizon_r_AH": 1.2053542807394277
        },
        "mass_function": {
          "M_u": 0.6026771403697139,
          "dMdu": -0.0026592226683160615
        },
        "metric_function": {
          "f_u_r": 0.39732285963028613
        },
        "stress_energy": {
          "Tuu_null_dust_proxy": 5.2903554055565104e-05,
          "trace_T": 0.0
        }
      }
    },
    {
      "causal_structure": {
        "birkhoff_applies": false,
        "region": "outside_apparent_horizon",
        "spherical_symmetry": true,
        "time_dependent_exterior": true,
        "vacuum_region": false
      },
      "coordinates": {
        "r": 3.0,
        "u_retarded": 15.0
      },
      "curvature_invariants": {
        "kretschmann": 0.02391570275056565,
        "ricci_scalar": 0.0
      },
      "local_observables": {
        "horizon_proxies": {
          "apparent_horizon_r_AH": 1.2053542807394277
        },
        "mass_function": {
          "M_u": 0.6026771403697139,
          "dMdu": -0.0026592226683160615
        },
        "metric_function": {
          "f_u_r": 0.5982152397535241
        },
        "stress_energy": {
          "Tuu_null_dust_proxy": 2.3512690691362273e-05,
          "trace_T": 0.0
        }
      }
    },
    {
      "causal_structure": {
        "birkhoff_applies": false,
        "region": "outside_apparent_horizon",
        "spherical_symmetry": true,
        "time_dependent_exterior": true,
        "vacuum_region": false
      },
      "coordinates": {
        "r": 5.0,
        "u_retarded": 15.0
      },
      "curvature_invariants": {
        "kretschmann": 0.001115811027530391,
        "ricci_scalar": 0.0
      },
      "local_observables": {
        "horizon_proxies": {
          "apparent_horizon_r_AH": 1.2053542807394277
        },
        "mass_function": {
          "M_u": 0.6026771403697139,
          "dMdu": -0.0026592226683160615
        },
        "metric_function": {
          "f_u_r": 0.7589291438521144
        },
        "stress_energy": {
          "Tuu_null_dust_proxy": 8.464568648890417e-06,
          "trace_T": 0.0
        }
      }
    },
    {
      "causal_structure": {
        "birkhoff_applies": false,
        "region": "outside_apparent_horizon",
        "spherical_symmetry": true,
        "time_dependent_exterior": true,
        "vacuum_region": false
      },
      "coordinates": {
        "r": 10.0,
        "u_retarded": 15.0
      },
      "curvature_invariants": {
        "kretschmann": 1.7434547305162358e-05,
        "ricci_scalar": 0.0
      },
      "local_observables": {
        "horizon_proxies": {
          "apparent_horizon_r_AH": 1.2053542807394277
        },
        "mass_function": {
          "M_u": 0.6026771403697139,
          "dMdu": -0.0026592226683160615
        },
        "metric_function": {
          "f_u_r": 0.8794645719260572
        },
        "stress_energy": {
          "Tuu_null_dust_proxy": 2.1161421622226043e-06,
          "trace_T": 0.0
        }
      }
    },
    {
      "causal_structure": {
        "birkhoff_applies": false,
        "region": "outside_apparent_horizon",
        "spherical_symmetry": true,
        "time_dependent_exterior": true,
        "vacuum_region": false
      },
      "coordinates": {
        "r": 20.0,
        "u_retarded": 15.0
      },
      "curvature_invariants": {
        "kretschmann": 2.7241480164316185e-07,
        "ricci_scalar": 0.0
      },
      "local_observables": {
        "horizon_proxies": {
          "apparent_horizon_r_AH": 1.2053542807394277
        },
        "mass_function": {
          "M_u": 0.6026771403697139,
          "dMdu": -0.0026592226683160615
        },
        "metric_function": {
          "f_u_r": 0.9397322859630286
        },
        "stress_energy": {
          "Tuu_null_dust_proxy": 5.290355405556511e-07,
          "trace_T": 0.0
        }
      }
    },
    {
      "causal_structure": {
        "birkhoff_applies": false,
        "region": "outside_apparent_horizon",
        "spherical_symmetry": true,
        "time_dependent_exterior": true,
        "vacuum_region": false
      },
      "coordinates": {
        "r": 1.5,
        "u_retarded": 25.0
      },
      "curvature_invariants": {
        "kretschmann": 1.517037655790444,
        "ricci_scalar": 0.0
      },
      "local_observables": {
        "horizon_proxies": {
          "apparent_horizon_r_AH": 1.2000002447217815
        },
        "mass_function": {
          "M_u": 0.6000001223608907,
          "dMdu": -1.2236085333978093e-07
        },
        "metric_function": {
          "f_u_r": 0.19999983685214573
        },
        "stress_energy": {
          "Tuu_null_dust_proxy": 4.327629922215242e-09,
          "trace_T": 0.0
        }
      }
    },
    {
      "causal_structure": {
        "birkhoff_applies": false,
        "region": "outside_apparent_horizon",
        "spherical_symmetry": true,
        "time_dependent_exterior": true,
        "vacuum_region": false
      },
      "coordinates": {
        "r": 2.0,
        "u_retarded": 25.0
      },
      "curvature_invariants": {
        "kretschmann": 0.2700001101248129,
        "ricci_scalar": 0.0
      },
      "local_observables": {
        "horizon_proxies": {
          "apparent_horizon_r_AH": 1.2000002447217815
        },
        "mass_function": {
          "M_u": 0.6000001223608907,
          "dMdu": -1.2236085333978093e-07
        },
        "metric_function": {
          "f_u_r": 0.39999987763910927
        },
        "stress_energy": {
          "Tuu_null_dust_proxy": 2.434291831246073e-09,
          "trace_T": 0.0
        }
      }
    },
    {
      "causal_structure": {
        "birkhoff_applies": false,
        "region": "outside_apparent_horizon",
        "spherical_symmetry": true,
        "time_dependent_exterior": true,
        "vacuum_region": false
      },
      "coordinates": {
        "r": 3.0,
        "u_retarded": 25.0
      },
      "curvature_invariants": {
        "kretschmann": 0.023703713371725686,
        "ricci_scalar": 0.0
      },
      "local_observables": {
        "horizon_proxies": {
          "apparent_horizon_r_AH": 1.2000002447217815
        },
        "mass_function": {
          "M_u": 0.6000001223608907,
          "dMdu": -1.2236085333978093e-07
        },
        "metric_function": {
          "f_u_r": 0.5999999184260729
        },
        "stress_energy": {
          "Tuu_null_dust_proxy": 1.0819074805538104e-09,
          "trace_T": 0.0
        }
      }
    },
    {
      "causal_structure": {
        "birkhoff_applies": false,
        "region": "outside_apparent_horizon",
        "spherical_symmetry": true,
        "time_dependent_exterior": true,
        "vacuum_region": false
      },
      "coordinates": {
        "r": 5.0,
        "u_retarded": 25.0
      },
      "curvature_invariants": {
        "kretschmann": 0.0011059204510712336,
        "ricci_scalar": 0.0
      },
      "local_observables": {
        "horizon_proxies": {
          "apparent_horizon_r_AH": 1.2000002447217815
        },
        "mass_function": {
          "M_u": 0.6000001223608907,
          "dMdu": -1.2236085333978093e-07
        },
        "metric_function": {
          "f_u_r": 0.7599999510556437
        },
        "stress_energy": {
          "Tuu_null_dust_proxy": 3.894866929993717e-10,
          "trace_T": 0.0
        }
      }
    },
    {
      "causal_structure": {
        "birkhoff_applies": false,
        "region": "outside_apparent_horizon",
        "spherical_symmetry": true,
        "time_dependent_exterior": true,
        "vacuum_region": false
      },
      "coordinates": {
        "r": 10.0,
        "u_retarded": 25.0
      },
      "curvature_invariants": {
        "kretschmann": 1.7280007047988025e-05,
        "ricci_scalar": 0.0
      },
      "local_observables": {
        "horizon_proxies": {
          "apparent_horizon_r_AH": 1.2000002447217815
        },
        "mass_function": {
          "M_u": 0.6000001223608907,
          "dMdu": -1.2236085333978093e-07
        },
        "metric_function": {
          "f_u_r": 0.8799999755278218
        },
        "stress_energy": {
          "Tuu_null_dust_proxy": 9.737167324984292e-11,
          "trace_T": 0.0
        }
      }
    },
    {
      "causal_structure": {
        "birkhoff_applies": false,
        "region": "outside_apparent_horizon",
        "spherical_symmetry": true,
        "time_dependent_exterior": true,
        "vacuum_region": false
      },
      "coordinates": {
        "r": 20.0,
        "u_retarded": 25.0
      },
      "curvature_invariants": {
        "kretschmann": 2.700001101248129e-07,
        "ricci_scalar": 0.0
      },
      "local_observables": {
        "horizon_proxies": {
          "apparent_horizon_r_AH": 1.2000002447217815
        },
        "mass_function": {
          "M_u": 0.6000001223608907,
          "dMdu": -1.2236085333978093e-07
        },
        "metric_function": {
          "f_u_r": 0.9399999877639109
        },
        "stress_energy": {
          "Tuu_null_dust_proxy": 2.434291831246073e-11,
          "trace_T": 0.0
        }
      }
    }
  ],
  "spacetime": "Outgoing Vaidya: spherically symmetric but time-dependent when dM/du != 0",
  "theory": "General Relativity (exact spherical null-dust exterior: outgoing Vaidya)",
  "toy_id": "089",
  "units": {
    "G": 1,
    "c": 1
  }
}