{
  "notes": {
    "key_formulas": {
      "delta_tau": "\u0394\u03c4(r0->r) = (2/3)(r0^(3/2)-r^(3/2))/sqrt(2M)",
      "dr_dtau": "dr/d\u03c4 = -sqrt(2M/r)",
      "dt_dr_exterior": "dt/dr = sqrt(r/(2M)) / (1-2M/r)  (r>2M only)",
      "tau_to_singularity": "\u03c4(r->0) = (2/3) r^(3/2) / sqrt(2M)"
    },
    "pressure_point": "Finite proper time to the singularity contrasts with coordinate-time pathologies. Even where curvature is moderate (e.g., large M horizons), the interior evolution to r=0 is unavoidable once inside."
  },
  "observables": {
    "horizon_radius": 2.0,
    "proper_time_from_r0_to_singularity": 6.928203230275508,
    "reference_start_radius_r0": 6.0
  },
  "parameters": {
    "M": 1.0,
    "reference_start_radius_r0": 6.0
  },
  "sample_points": [
    {
      "causal_structure": {
        "horizon_radius": 2.0,
        "region": "exterior (r>2M)",
        "singularity_radius": 0.0
      },
      "coordinates": {
        "phi": null,
        "r": 6.0,
        "t": null,
        "theta": null
      },
      "curvature_invariants": {
        "kretschmann": 0.00102880658436214,
        "ricci_scalar": 0.0
      },
      "local_observables": {
        "dr_dtau": -0.5773502691896257,
        "dt_dr_exterior_only": 2.5980762113533156,
        "proper_time_from_r0_to_r": 0.0,
        "proper_time_from_r0_to_singularity": 6.928203230275508,
        "proper_time_remaining_to_singularity_from_r": 6.928203230275508,
        "reference_start_radius_r0": 6.0
      }
    },
    {
      "causal_structure": {
        "horizon_radius": 2.0,
        "region": "exterior (r>2M)",
        "singularity_radius": 0.0
      },
      "coordinates": {
        "phi": null,
        "r": 4.0,
        "t": null,
        "theta": null
      },
      "curvature_invariants": {
        "kretschmann": 0.01171875,
        "ricci_scalar": 0.0
      },
      "local_observables": {
        "dr_dtau": -0.7071067811865476,
        "dt_dr_exterior_only": 2.8284271247461903,
        "proper_time_from_r0_to_r": 3.156967063947256,
        "proper_time_from_r0_to_singularity": 6.928203230275508,
        "proper_time_remaining_to_singularity_from_r": 3.771236166328253,
        "reference_start_radius_r0": 6.0
      }
    },
    {
      "causal_structure": {
        "horizon_radius": 2.0,
        "region": "exterior (r>2M)",
        "singularity_radius": 0.0
      },
      "coordinates": {
        "phi": null,
        "r": 3.0,
        "t": null,
        "theta": null
      },
      "curvature_invariants": {
        "kretschmann": 0.06584362139917696,
        "ricci_scalar": 0.0
      },
      "local_observables": {
        "dr_dtau": -0.816496580927726,
        "dt_dr_exterior_only": 3.6742346141747664,
        "proper_time_from_r0_to_r": 4.478713487492331,
        "proper_time_from_r0_to_singularity": 6.928203230275508,
        "proper_time_remaining_to_singularity_from_r": 2.449489742783178,
        "reference_start_radius_r0": 6.0
      }
    },
    {
      "causal_structure": {
        "horizon_radius": 2.0,
        "region": "exterior (r>2M)",
        "singularity_radius": 0.0
      },
      "coordinates": {
        "phi": null,
        "r": 2.5,
        "t": null,
        "theta": null
      },
      "curvature_invariants": {
        "kretschmann": 0.196608,
        "ricci_scalar": 0.0
      },
      "local_observables": {
        "dr_dtau": -0.8944271909999159,
        "dt_dr_exterior_only": 5.590169943749475,
        "proper_time_from_r0_to_r": 5.0648132490256845,
        "proper_time_from_r0_to_singularity": 6.928203230275508,
        "proper_time_remaining_to_singularity_from_r": 1.8633899812498245,
        "reference_start_radius_r0": 6.0
      }
    },
    {
      "causal_structure": {
        "horizon_radius": 2.0,
        "region": "exterior (r>2M)",
        "singularity_radius": 0.0
      },
      "coordinates": {
        "phi": null,
        "r": 2.1,
        "t": null,
        "theta": null
      },
      "curvature_invariants": {
        "kretschmann": 0.5596615474774705,
        "ricci_scalar": 0.0
      },
      "local_observables": {
        "dr_dtau": -0.9759000729485332,
        "dt_dr_exterior_only": 21.518596608515136,
        "proper_time_from_r0_to_r": 5.493630123041165,
        "proper_time_from_r0_to_singularity": 6.928203230275508,
        "proper_time_remaining_to_singularity_from_r": 1.4345731072343437,
        "reference_start_radius_r0": 6.0
      }
    },
    {
      "causal_structure": {
        "horizon_radius": 2.0,
        "region": "interior (r<2M)",
        "singularity_radius": 0.0
      },
      "coordinates": {
        "phi": null,
        "r": 1.5,
        "t": null,
        "theta": null
      },
      "curvature_invariants": {
        "kretschmann": 4.2139917695473255,
        "ricci_scalar": 0.0
      },
      "local_observables": {
        "dr_dtau": -1.1547005383792515,
        "dt_dr_exterior_only": null,
        "proper_time_from_r0_to_r": 6.0621778264910695,
        "proper_time_from_r0_to_singularity": 6.928203230275508,
        "proper_time_remaining_to_singularity_from_r": 0.8660254037844385,
        "reference_start_radius_r0": 6.0
      }
    },
    {
      "causal_structure": {
        "horizon_radius": 2.0,
        "region": "interior (r<2M)",
        "singularity_radius": 0.0
      },
      "coordinates": {
        "phi": null,
        "r": 1.0,
        "t": null,
        "theta": null
      },
      "curvature_invariants": {
        "kretschmann": 48.0,
        "ricci_scalar": 0.0
      },
      "local_observables": {
        "dr_dtau": -1.4142135623730951,
        "dt_dr_exterior_only": null,
        "proper_time_from_r0_to_r": 6.4567987094844765,
        "proper_time_from_r0_to_singularity": 6.928203230275508,
        "proper_time_remaining_to_singularity_from_r": 0.4714045207910316,
        "reference_start_radius_r0": 6.0
      }
    }
  ],
  "spacetime": "Schwarzschild (proper time to r=0 for E=1 infall)",
  "theory": "General Relativity (radial infall proper-time timescales)",
  "toy_id": "028",
  "units": {
    "G": 1,
    "c": 1
  }
}