{
  "notes": {
    "domain_of_validity": "Exact RN electrovac. Coordinate diagnostics use Schwarzschild-like coordinates; global extensions across horizons not constructed here.",
    "key_formulas": {
      "E_field": "E_r=Q/r^2; \u03c1_em=Q^2/(8\u03c0 r^4); F^2=-2Q^2/r^4",
      "PhiH": "\u03a6_H=Q/r_+",
      "f": "f(r)=1-2M/r+Q^2/r^2",
      "horizons": "r_\u00b1=M\u00b1sqrt(M^2-Q^2) (if |Q|<=M)",
      "kappa_plus": "\u03ba_+=(r_+-r_-)/(2 r_+^2)",
      "kretschmann": "K=48M^2/r^6 - 96MQ^2/r^7 + 56Q^4/r^8",
      "radial_null": "dr/dt=\u00b1f(r) (coordinate slope)"
    },
    "pressure_point": "Adding charge introduces a second (inner) horizon and an extremal boundary. The |Q|>M regime removes horizons entirely (cosmic censorship stress test)."
  },
  "observables": {
    "horizons": {
      "horizon_potential_PhiH": 0.3333333333333333,
      "kind": "subextremal (|Q|<M)",
      "r_minus": 0.19999999999999996,
      "r_plus": 1.8,
      "surface_gravity_kappa_plus": 0.24691358024691357
    }
  },
  "parameters": {
    "M": 1.0,
    "Q": 0.6
  },
  "sample_points": [
    {
      "causal_structure": {
        "notes": {
          "extremal_limit": "At |Q|=M: r_+=r_-=M and kappa_+ -> 0.",
          "inner_horizon": "RN has an inner (Cauchy) horizon r_- (if |Q|<M), linked to predictability issues.",
          "naked_singularity": "If |Q|>M: no horizons; curvature singularity at r=0 is exposed."
        },
        "radial_null_cone_dr_dt": {
          "ingoing": 1.3333333333333335,
          "note": "Coordinate slope; degenerates at horizons where f=0.",
          "outgoing": -1.3333333333333335
        },
        "region": "between_horizons (r_minus<r<r_plus)"
      },
      "coordinates": {
        "phi": null,
        "r": 0.6,
        "t": null,
        "theta": null
      },
      "curvature_invariants": {
        "kretschmann": 226.33744855967075,
        "ricci_scalar": 0.0
      },
      "local_observables": {
        "electromagnetism": {
          "E_r": 1.6666666666666667,
          "F_abF^ab": -5.555555555555555,
          "Q": 0.6,
          "notes": "Pure electric field; sign of F^2 indicates electric-dominated field in (-,+,+,+).",
          "rho_em_static": 0.11052426603603843
        },
        "horizon_structure": {
          "extremality_discriminant_M2_minus_Q2": 0.64,
          "horizon_potential_PhiH": 0.3333333333333333,
          "kind": "subextremal (|Q|<M)",
          "r_minus": 0.19999999999999996,
          "r_plus": 1.8,
          "surface_gravity_kappa_plus": 0.24691358024691357
        },
        "metric_function": {
          "f(r)": -1.3333333333333335,
          "f_definition": "f=1-2M/r+Q^2/r^2"
        }
      }
    },
    {
      "causal_structure": {
        "notes": {
          "extremal_limit": "At |Q|=M: r_+=r_-=M and kappa_+ -> 0.",
          "inner_horizon": "RN has an inner (Cauchy) horizon r_- (if |Q|<M), linked to predictability issues.",
          "naked_singularity": "If |Q|>M: no horizons; curvature singularity at r=0 is exposed."
        },
        "radial_null_cone_dr_dt": {
          "ingoing": 0.9375000000000001,
          "note": "Coordinate slope; degenerates at horizons where f=0.",
          "outgoing": -0.9375000000000001
        },
        "region": "between_horizons (r_minus<r<r_plus)"
      },
      "coordinates": {
        "phi": null,
        "r": 0.8,
        "t": null,
        "theta": null
      },
      "curvature_invariants": {
        "kretschmann": 61.56921386718744,
        "ricci_scalar": 0.0
      },
      "local_observables": {
        "electromagnetism": {
          "E_r": 0.9374999999999998,
          "F_abF^ab": -1.7578124999999991,
          "Q": 0.6,
          "notes": "Pure electric field; sign of F^2 indicates electric-dominated field in (-,+,+,+).",
          "rho_em_static": 0.034970568550465264
        },
        "horizon_structure": {
          "extremality_discriminant_M2_minus_Q2": 0.64,
          "horizon_potential_PhiH": 0.3333333333333333,
          "kind": "subextremal (|Q|<M)",
          "r_minus": 0.19999999999999996,
          "r_plus": 1.8,
          "surface_gravity_kappa_plus": 0.24691358024691357
        },
        "metric_function": {
          "f(r)": -0.9375000000000001,
          "f_definition": "f=1-2M/r+Q^2/r^2"
        }
      }
    },
    {
      "causal_structure": {
        "notes": {
          "extremal_limit": "At |Q|=M: r_+=r_-=M and kappa_+ -> 0.",
          "inner_horizon": "RN has an inner (Cauchy) horizon r_- (if |Q|<M), linked to predictability issues.",
          "naked_singularity": "If |Q|>M: no horizons; curvature singularity at r=0 is exposed."
        },
        "radial_null_cone_dr_dt": {
          "ingoing": 0.64,
          "note": "Coordinate slope; degenerates at horizons where f=0.",
          "outgoing": -0.64
        },
        "region": "between_horizons (r_minus<r<r_plus)"
      },
      "coordinates": {
        "phi": null,
        "r": 1.0,
        "t": null,
        "theta": null
      },
      "curvature_invariants": {
        "kretschmann": 20.697599999999998,
        "ricci_scalar": 0.0
      },
      "local_observables": {
        "electromagnetism": {
          "E_r": 0.6,
          "F_abF^ab": -0.72,
          "Q": 0.6,
          "notes": "Pure electric field; sign of F^2 indicates electric-dominated field in (-,+,+,+).",
          "rho_em_static": 0.01432394487827058
        },
        "horizon_structure": {
          "extremality_discriminant_M2_minus_Q2": 0.64,
          "horizon_potential_PhiH": 0.3333333333333333,
          "kind": "subextremal (|Q|<M)",
          "r_minus": 0.19999999999999996,
          "r_plus": 1.8,
          "surface_gravity_kappa_plus": 0.24691358024691357
        },
        "metric_function": {
          "f(r)": -0.64,
          "f_definition": "f=1-2M/r+Q^2/r^2"
        }
      }
    },
    {
      "causal_structure": {
        "notes": {
          "extremal_limit": "At |Q|=M: r_+=r_-=M and kappa_+ -> 0.",
          "inner_horizon": "RN has an inner (Cauchy) horizon r_- (if |Q|<M), linked to predictability issues.",
          "naked_singularity": "If |Q|>M: no horizons; curvature singularity at r=0 is exposed."
        },
        "radial_null_cone_dr_dt": {
          "ingoing": 0.41666666666666674,
          "note": "Coordinate slope; degenerates at horizons where f=0.",
          "outgoing": -0.41666666666666674
        },
        "region": "between_horizons (r_minus<r<r_plus)"
      },
      "coordinates": {
        "phi": null,
        "r": 1.2,
        "t": null,
        "theta": null
      },
      "curvature_invariants": {
        "kretschmann": 8.11792695473251,
        "ricci_scalar": 0.0
      },
      "local_observables": {
        "electromagnetism": {
          "E_r": 0.4166666666666667,
          "F_abF^ab": -0.3472222222222222,
          "Q": 0.6,
          "notes": "Pure electric field; sign of F^2 indicates electric-dominated field in (-,+,+,+).",
          "rho_em_static": 0.006907766627252402
        },
        "horizon_structure": {
          "extremality_discriminant_M2_minus_Q2": 0.64,
          "horizon_potential_PhiH": 0.3333333333333333,
          "kind": "subextremal (|Q|<M)",
          "r_minus": 0.19999999999999996,
          "r_plus": 1.8,
          "surface_gravity_kappa_plus": 0.24691358024691357
        },
        "metric_function": {
          "f(r)": -0.41666666666666674,
          "f_definition": "f=1-2M/r+Q^2/r^2"
        }
      }
    },
    {
      "causal_structure": {
        "notes": {
          "extremal_limit": "At |Q|=M: r_+=r_-=M and kappa_+ -> 0.",
          "inner_horizon": "RN has an inner (Cauchy) horizon r_- (if |Q|<M), linked to predictability issues.",
          "naked_singularity": "If |Q|>M: no horizons; curvature singularity at r=0 is exposed."
        },
        "radial_null_cone_dr_dt": {
          "ingoing": 0.17333333333333326,
          "note": "Coordinate slope; degenerates at horizons where f=0.",
          "outgoing": -0.17333333333333326
        },
        "region": "between_horizons (r_minus<r<r_plus)"
      },
      "coordinates": {
        "phi": null,
        "r": 1.5,
        "t": null,
        "theta": null
      },
      "curvature_invariants": {
        "kretschmann": 2.47445596707819,
        "ricci_scalar": 0.0
      },
      "local_observables": {
        "electromagnetism": {
          "E_r": 0.26666666666666666,
          "F_abF^ab": -0.14222222222222222,
          "Q": 0.6,
          "notes": "Pure electric field; sign of F^2 indicates electric-dominated field in (-,+,+,+).",
          "rho_em_static": 0.0028294212105225837
        },
        "horizon_structure": {
          "extremality_discriminant_M2_minus_Q2": 0.64,
          "horizon_potential_PhiH": 0.3333333333333333,
          "kind": "subextremal (|Q|<M)",
          "r_minus": 0.19999999999999996,
          "r_plus": 1.8,
          "surface_gravity_kappa_plus": 0.24691358024691357
        },
        "metric_function": {
          "f(r)": -0.17333333333333326,
          "f_definition": "f=1-2M/r+Q^2/r^2"
        }
      }
    },
    {
      "causal_structure": {
        "notes": {
          "extremal_limit": "At |Q|=M: r_+=r_-=M and kappa_+ -> 0.",
          "inner_horizon": "RN has an inner (Cauchy) horizon r_- (if |Q|<M), linked to predictability issues.",
          "naked_singularity": "If |Q|>M: no horizons; curvature singularity at r=0 is exposed."
        },
        "radial_null_cone_dr_dt": {
          "ingoing": -0.09,
          "note": "Coordinate slope; degenerates at horizons where f=0.",
          "outgoing": 0.09
        },
        "region": "exterior (r>r_plus)"
      },
      "coordinates": {
        "phi": null,
        "r": 2.0,
        "t": null,
        "theta": null
      },
      "curvature_invariants": {
        "kretschmann": 0.50835,
        "ricci_scalar": 0.0
      },
      "local_observables": {
        "electromagnetism": {
          "E_r": 0.15,
          "F_abF^ab": -0.045,
          "Q": 0.6,
          "notes": "Pure electric field; sign of F^2 indicates electric-dominated field in (-,+,+,+).",
          "rho_em_static": 0.0008952465548919112
        },
        "horizon_structure": {
          "extremality_discriminant_M2_minus_Q2": 0.64,
          "horizon_potential_PhiH": 0.3333333333333333,
          "kind": "subextremal (|Q|<M)",
          "r_minus": 0.19999999999999996,
          "r_plus": 1.8,
          "surface_gravity_kappa_plus": 0.24691358024691357
        },
        "metric_function": {
          "f(r)": 0.09,
          "f_definition": "f=1-2M/r+Q^2/r^2"
        }
      }
    },
    {
      "causal_structure": {
        "notes": {
          "extremal_limit": "At |Q|=M: r_+=r_-=M and kappa_+ -> 0.",
          "inner_horizon": "RN has an inner (Cauchy) horizon r_- (if |Q|<M), linked to predictability issues.",
          "naked_singularity": "If |Q|>M: no horizons; curvature singularity at r=0 is exposed."
        },
        "radial_null_cone_dr_dt": {
          "ingoing": -0.37333333333333335,
          "note": "Coordinate slope; degenerates at horizons where f=0.",
          "outgoing": 0.37333333333333335
        },
        "region": "exterior (r>r_plus)"
      },
      "coordinates": {
        "phi": null,
        "r": 3.0,
        "t": null,
        "theta": null
      },
      "curvature_invariants": {
        "kretschmann": 0.05114732510288067,
        "ricci_scalar": 0.0
      },
      "local_observables": {
        "electromagnetism": {
          "E_r": 0.06666666666666667,
          "F_abF^ab": -0.008888888888888889,
          "Q": 0.6,
          "notes": "Pure electric field; sign of F^2 indicates electric-dominated field in (-,+,+,+).",
          "rho_em_static": 0.00017683882565766148
        },
        "horizon_structure": {
          "extremality_discriminant_M2_minus_Q2": 0.64,
          "horizon_potential_PhiH": 0.3333333333333333,
          "kind": "subextremal (|Q|<M)",
          "r_minus": 0.19999999999999996,
          "r_plus": 1.8,
          "surface_gravity_kappa_plus": 0.24691358024691357
        },
        "metric_function": {
          "f(r)": 0.37333333333333335,
          "f_definition": "f=1-2M/r+Q^2/r^2"
        }
      }
    },
    {
      "causal_structure": {
        "notes": {
          "extremal_limit": "At |Q|=M: r_+=r_-=M and kappa_+ -> 0.",
          "inner_horizon": "RN has an inner (Cauchy) horizon r_- (if |Q|<M), linked to predictability issues.",
          "naked_singularity": "If |Q|>M: no horizons; curvature singularity at r=0 is exposed."
        },
        "radial_null_cone_dr_dt": {
          "ingoing": -0.6144,
          "note": "Coordinate slope; degenerates at horizons where f=0.",
          "outgoing": 0.6144
        },
        "region": "exterior (r>r_plus)"
      },
      "coordinates": {
        "phi": null,
        "r": 5.0,
        "t": null,
        "theta": null
      },
      "curvature_invariants": {
        "kretschmann": 0.002648211456,
        "ricci_scalar": 0.0
      },
      "local_observables": {
        "electromagnetism": {
          "E_r": 0.024,
          "F_abF^ab": -0.001152,
          "Q": 0.6,
          "notes": "Pure electric field; sign of F^2 indicates electric-dominated field in (-,+,+,+).",
          "rho_em_static": 2.291831180523293e-05
        },
        "horizon_structure": {
          "extremality_discriminant_M2_minus_Q2": 0.64,
          "horizon_potential_PhiH": 0.3333333333333333,
          "kind": "subextremal (|Q|<M)",
          "r_minus": 0.19999999999999996,
          "r_plus": 1.8,
          "surface_gravity_kappa_plus": 0.24691358024691357
        },
        "metric_function": {
          "f(r)": 0.6144,
          "f_definition": "f=1-2M/r+Q^2/r^2"
        }
      }
    },
    {
      "causal_structure": {
        "notes": {
          "extremal_limit": "At |Q|=M: r_+=r_-=M and kappa_+ -> 0.",
          "inner_horizon": "RN has an inner (Cauchy) horizon r_- (if |Q|<M), linked to predictability issues.",
          "naked_singularity": "If |Q|>M: no horizons; curvature singularity at r=0 is exposed."
        },
        "radial_null_cone_dr_dt": {
          "ingoing": -0.8036000000000001,
          "note": "Coordinate slope; degenerates at horizons where f=0.",
          "outgoing": 0.8036000000000001
        },
        "region": "exterior (r>r_plus)"
      },
      "coordinates": {
        "phi": null,
        "r": 10.0,
        "t": null,
        "theta": null
      },
      "curvature_invariants": {
        "kretschmann": 4.4616576e-05,
        "ricci_scalar": 0.0
      },
      "local_observables": {
        "electromagnetism": {
          "E_r": 0.006,
          "F_abF^ab": -7.2e-05,
          "Q": 0.6,
          "notes": "Pure electric field; sign of F^2 indicates electric-dominated field in (-,+,+,+).",
          "rho_em_static": 1.432394487827058e-06
        },
        "horizon_structure": {
          "extremality_discriminant_M2_minus_Q2": 0.64,
          "horizon_potential_PhiH": 0.3333333333333333,
          "kind": "subextremal (|Q|<M)",
          "r_minus": 0.19999999999999996,
          "r_plus": 1.8,
          "surface_gravity_kappa_plus": 0.24691358024691357
        },
        "metric_function": {
          "f(r)": 0.8036000000000001,
          "f_definition": "f=1-2M/r+Q^2/r^2"
        }
      }
    }
  ],
  "spacetime": "Reissner\u2013Nordstr\u00f6m: horizons, extremality, and inner (Cauchy) horizon",
  "theory": "General Relativity (Einstein\u2013Maxwell electrovac)",
  "toy_id": "020",
  "units": {
    "G": 1,
    "c": 1
  }
}