{
  "notes": {
    "key_formulas": {
      "A(r)": "A(r)=(32 M^3 / r) exp(-r/(2M))",
      "T_X": "T=(V+U)/2, X=(V-U)/2",
      "U_V": "U = \u00b1exp(-u/(4M)), V = exp(v/(4M)) with sign chosen by region",
      "r_star": "r* = r + 2M ln|r/(2M) - 1|"
    },
    "pressure_point": "The Schwarzschild horizon is not a curvature singularity; it is a coordinate singularity. Kruskal coordinates remove the coordinate pathology while invariants remain finite at r=2M."
  },
  "observables": {
    "horizon_2M": 2.0,
    "kruskal_prefactor_at_horizon": 5.886071058743077
  },
  "parameters": {
    "M": 1.0,
    "t0": 0.0
  },
  "sample_points": [
    {
      "causal_structure": {
        "coordinate_pathology": {
          "kruskal_coords_regular_at_horizon": true,
          "schwarzschild_coords_singular_at_horizon": true
        },
        "horizon_radius": 2.0,
        "region": "interior (r<2M)"
      },
      "coordinates": {
        "kruskal": {
          "T": 0.3595629054362983,
          "U": 0.3595629054362983,
          "V": 0.3595629054362983,
          "X": 0.0,
          "r_star": -4.0914645471079805,
          "u": 4.0914645471079805,
          "v": -4.0914645471079805
        },
        "schwarzschild": {
          "phi": null,
          "r": 1.9,
          "t": 0.0,
          "theta": null
        }
      },
      "curvature_invariants": {
        "kretschmann": 1.020280606499855,
        "ricci_scalar": 0.0
      },
      "local_observables": {
        "kruskal_metric_radial_temporal": {
          "g_TT": -6.513533026602126,
          "g_XX": 6.513533026602126,
          "horizon_regular": true
        },
        "kruskal_prefactor_A": 6.513533026602126,
        "schwarzschild_f": -0.05263157894736836,
        "special_radii": {
          "horizon_2M": 2.0
        }
      }
    },
    {
      "causal_structure": {
        "coordinate_pathology": {
          "kruskal_coords_regular_at_horizon": true,
          "schwarzschild_coords_singular_at_horizon": true
        },
        "horizon_radius": 2.0,
        "region": "interior (r<2M)"
      },
      "coordinates": {
        "kruskal": {
          "T": 0.11629110759811895,
          "U": 0.11629110759811895,
          "V": 0.11629110759811895,
          "X": 0.0,
          "r_star": -8.60663473309607,
          "u": 8.60663473309607,
          "v": -8.60663473309607
        },
        "schwarzschild": {
          "phi": null,
          "r": 1.99,
          "t": 0.0,
          "theta": null
        }
      },
      "curvature_invariants": {
        "kretschmann": 0.7728990596585859,
        "ricci_scalar": 0.0
      },
      "local_observables": {
        "kruskal_metric_radial_temporal": {
          "g_TT": -5.945301620808988,
          "g_XX": 5.945301620808988,
          "horizon_regular": true
        },
        "kruskal_prefactor_A": 5.945301620808988,
        "schwarzschild_f": -0.005025125628140614,
        "special_radii": {
          "horizon_2M": 2.0
        }
      }
    },
    {
      "causal_structure": {
        "coordinate_pathology": {
          "kruskal_coords_regular_at_horizon": true,
          "schwarzschild_coords_singular_at_horizon": true
        },
        "horizon_radius": 2.0,
        "region": "horizon (r=2M)"
      },
      "coordinates": {
        "kruskal": {
          "T": null,
          "U": null,
          "V": null,
          "X": null,
          "r_star": -1379.5510557964274,
          "u": 1379.5510557964274,
          "v": -1379.5510557964274
        },
        "schwarzschild": {
          "phi": null,
          "r": 2.0,
          "t": 0.0,
          "theta": null
        }
      },
      "curvature_invariants": {
        "kretschmann": 0.75,
        "ricci_scalar": 0.0
      },
      "local_observables": {
        "kruskal_metric_radial_temporal": {
          "g_TT": -5.886071058743077,
          "g_XX": 5.886071058743077,
          "horizon_regular": true
        },
        "kruskal_prefactor_A": 5.886071058743077,
        "schwarzschild_f": 0.0,
        "special_radii": {
          "horizon_2M": 2.0
        }
      }
    },
    {
      "causal_structure": {
        "coordinate_pathology": {
          "kruskal_coords_regular_at_horizon": true,
          "schwarzschild_coords_singular_at_horizon": true
        },
        "horizon_radius": 2.0,
        "region": "exterior (r>2M)"
      },
      "coordinates": {
        "kruskal": {
          "T": 0.0,
          "U": -0.11687401920071606,
          "V": 0.11687401920071606,
          "X": 0.11687401920071606,
          "r_star": -8.586634733096115,
          "u": 8.586634733096115,
          "v": -8.586634733096115
        },
        "schwarzschild": {
          "phi": null,
          "r": 2.01,
          "t": 0.0,
          "theta": null
        }
      },
      "curvature_invariants": {
        "kretschmann": 0.7278885584772434,
        "ricci_scalar": 0.0
      },
      "local_observables": {
        "kruskal_metric_radial_temporal": {
          "g_TT": -5.827576275486813,
          "g_XX": 5.827576275486813,
          "horizon_regular": true
        },
        "kruskal_prefactor_A": 5.827576275486813,
        "schwarzschild_f": 0.004975124378109319,
        "special_radii": {
          "horizon_2M": 2.0
        }
      }
    },
    {
      "causal_structure": {
        "coordinate_pathology": {
          "kruskal_coords_regular_at_horizon": true,
          "schwarzschild_coords_singular_at_horizon": true
        },
        "horizon_radius": 2.0,
        "region": "exterior (r>2M)"
      },
      "coordinates": {
        "kruskal": {
          "T": 0.0,
          "U": -0.37799808981416605,
          "V": 0.37799808981416605,
          "X": 0.37799808981416605,
          "r_star": -3.89146454710798,
          "u": 3.89146454710798,
          "v": -3.89146454710798
        },
        "schwarzschild": {
          "phi": null,
          "r": 2.1,
          "t": 0.0,
          "theta": null
        }
      },
      "curvature_invariants": {
        "kretschmann": 0.5596615474774705,
        "ricci_scalar": 0.0
      },
      "local_observables": {
        "kruskal_metric_radial_temporal": {
          "g_TT": -5.332384748360462,
          "g_XX": 5.332384748360462,
          "horizon_regular": true
        },
        "kruskal_prefactor_A": 5.332384748360462,
        "schwarzschild_f": 0.04761904761904767,
        "special_radii": {
          "horizon_2M": 2.0
        }
      }
    },
    {
      "causal_structure": {
        "coordinate_pathology": {
          "kruskal_coords_regular_at_horizon": true,
          "schwarzschild_coords_singular_at_horizon": true
        },
        "horizon_radius": 2.0,
        "region": "exterior (r>2M)"
      },
      "coordinates": {
        "kruskal": {
          "T": 0.0,
          "U": -1.496945067518856,
          "V": 1.496945067518856,
          "X": 1.496945067518856,
          "r_star": 1.6137056388801094,
          "u": -1.6137056388801094,
          "v": 1.6137056388801094
        },
        "schwarzschild": {
          "phi": null,
          "r": 3.0,
          "t": 0.0,
          "theta": null
        }
      },
      "curvature_invariants": {
        "kretschmann": 0.06584362139917696,
        "ricci_scalar": 0.0
      },
      "local_observables": {
        "kruskal_metric_radial_temporal": {
          "g_TT": -2.380055041583251,
          "g_XX": 2.380055041583251,
          "horizon_regular": true
        },
        "kruskal_prefactor_A": 2.380055041583251,
        "schwarzschild_f": 0.33333333333333337,
        "special_radii": {
          "horizon_2M": 2.0
        }
      }
    },
    {
      "causal_structure": {
        "coordinate_pathology": {
          "kruskal_coords_regular_at_horizon": true,
          "schwarzschild_coords_singular_at_horizon": true
        },
        "horizon_radius": 2.0,
        "region": "exterior (r>2M)"
      },
      "coordinates": {
        "kruskal": {
          "T": 0.0,
          "U": -6.3380654656113595,
          "V": 6.3380654656113595,
          "X": 6.3380654656113595,
          "r_star": 7.386294361119891,
          "u": -7.386294361119891,
          "v": 7.386294361119891
        },
        "schwarzschild": {
          "phi": null,
          "r": 6.0,
          "t": 0.0,
          "theta": null
        }
      },
      "curvature_invariants": {
        "kretschmann": 0.00102880658436214,
        "ricci_scalar": 0.0
      },
      "local_observables": {
        "kruskal_metric_radial_temporal": {
          "g_TT": -0.26553103129527433,
          "g_XX": 0.26553103129527433,
          "horizon_regular": true
        },
        "kruskal_prefactor_A": 0.26553103129527433,
        "schwarzschild_f": 0.6666666666666667,
        "special_radii": {
          "horizon_2M": 2.0
        }
      }
    },
    {
      "causal_structure": {
        "coordinate_pathology": {
          "kruskal_coords_regular_at_horizon": true,
          "schwarzschild_coords_singular_at_horizon": true
        },
        "horizon_radius": 2.0,
        "region": "exterior (r>2M)"
      },
      "coordinates": {
        "kruskal": {
          "T": 0.0,
          "U": -24.36498792140695,
          "V": 24.36498792140695,
          "X": 24.36498792140695,
          "r_star": 12.772588722239782,
          "u": -12.772588722239782,
          "v": 12.772588722239782
        },
        "schwarzschild": {
          "phi": null,
          "r": 10.0,
          "t": 0.0,
          "theta": null
        }
      },
      "curvature_invariants": {
        "kretschmann": 4.8e-05,
        "ricci_scalar": 0.0
      },
      "local_observables": {
        "kruskal_metric_radial_temporal": {
          "g_TT": -0.021561430397073495,
          "g_XX": 0.021561430397073495,
          "horizon_regular": true
        },
        "kruskal_prefactor_A": 0.021561430397073495,
        "schwarzschild_f": 0.8,
        "special_radii": {
          "horizon_2M": 2.0
        }
      }
    }
  ],
  "spacetime": "Schwarzschild in Kruskal\u2013Szekeres coordinates (horizon regularity)",
  "theory": "General Relativity (coordinate extension)",
  "toy_id": "029",
  "units": {
    "G": 1,
    "c": 1
  }
}