{
  "notes": {
    "domain_of_validity": "Fixed-background Schwarzschild; static-clock formula. The coherent proxy is a minimal phase-sensitive diagnostic, not a full quantum time-of-arrival/clock readout theory.",
    "key_formulas": {
      "coherent_proxy": "|(\u0394\u03c41 + e^{i\u03c6}\u0394\u03c42)/\u221a2|^2 = 0.5(\u0394\u03c41^2+\u0394\u03c42^2+2\u0394\u03c41\u0394\u03c42 cos\u03c6)",
      "delta_tau": "\u0394\u03c4(r) = \u0394t * sqrt(f(r))",
      "f": "f(r)=1-2M/r",
      "mixture_rule": "\u0394\u03c4_mix = (\u0394\u03c41 + \u0394\u03c42)/2",
      "rate": "d\u03c4/dt = sqrt(f(r)) for static clock (r>2M)"
    },
    "pressure_point": "Proper time is well-defined along a definite worldline. If the clock's location is quantum-superposed, GR supplies branch times but not a unique single elapsed time without extra measurement postulates."
  },
  "observables": {
    "summary": {
      "horizon_radius_2M": 2.0,
      "max_delta_tau_separation_over_samples": 0.010483006612030166,
      "note": "Nonzero branch \u0394\u03c4 separation illustrates proper-time ambiguity for a superposed clock location.",
      "operational_uniqueness": false
    }
  },
  "parameters": {
    "M": 1.0,
    "R_reference": 20.0,
    "delta_t_coordinate": 1.0,
    "h1_samples": [
      0.0,
      1.0
    ],
    "h2_samples": [
      2.0,
      5.0
    ],
    "phi_phase_samples_radians": [
      0.0,
      1.57079632679,
      3.14159265359
    ]
  },
  "sample_points": [
    {
      "causal_structure": {
        "horizon_radius": 2.0,
        "note": "Both branches are outside the horizon so static-clock rates exist on each branch.",
        "region_r1": "exterior (r>2M)",
        "region_r2": "exterior (r>2M)"
      },
      "coordinates": {
        "R_reference": 20.0,
        "delta_t_coordinate": 1.0,
        "h1": 0.0,
        "h2": 2.0,
        "phi_phase_radians": 0.0,
        "r1": 20.0,
        "r2": 22.0,
        "t": null
      },
      "curvature_invariants": {
        "kretschmann_at_r1": 7.5e-07,
        "note": "Invariant shown at r1 as reference; ambiguity is from superposed clock location, not curvature singularity.",
        "ricci_scalar": 0.0
      },
      "local_observables": {
        "ambiguity_diagnostics": {
          "delta_tau_separation_abs": 0.004779291195078583
        },
        "branch_values": {
          "delta_tau_r1": 0.9486832980505138,
          "delta_tau_r2": 0.9534625892455924,
          "rate_dtau_over_dt_r1": 0.9486832980505138,
          "rate_dtau_over_dt_r2": 0.9534625892455924
        },
        "schwarzschild_f_r1": 0.9,
        "schwarzschild_f_r2": 0.9090909090909091,
        "superposed_clock_reductions": {
          "coherent_phase_sensitive_proxy": 1.8090794882787455,
          "mixture_delta_tau_mean": 0.9510729436480531,
          "note": "Classical GR gives \u0394\u03c4 on each branch. A single \u0394\u03c4 for the superposed clock requires a measurement/reduction model; coherent proxies can depend on \u03c6.",
          "uniqueness_status": false
        }
      }
    },
    {
      "causal_structure": {
        "horizon_radius": 2.0,
        "note": "Both branches are outside the horizon so static-clock rates exist on each branch.",
        "region_r1": "exterior (r>2M)",
        "region_r2": "exterior (r>2M)"
      },
      "coordinates": {
        "R_reference": 20.0,
        "delta_t_coordinate": 1.0,
        "h1": 0.0,
        "h2": 2.0,
        "phi_phase_radians": 1.57079632679,
        "r1": 20.0,
        "r2": 22.0,
        "t": null
      },
      "curvature_invariants": {
        "kretschmann_at_r1": 7.5e-07,
        "note": "Invariant shown at r1 as reference; ambiguity is from superposed clock location, not curvature singularity.",
        "ricci_scalar": 0.0
      },
      "local_observables": {
        "ambiguity_diagnostics": {
          "delta_tau_separation_abs": 0.004779291195078583
        },
        "branch_values": {
          "delta_tau_r1": 0.9486832980505138,
          "delta_tau_r2": 0.9534625892455924,
          "rate_dtau_over_dt_r1": 0.9486832980505138,
          "rate_dtau_over_dt_r2": 0.9534625892455924
        },
        "schwarzschild_f_r1": 0.9,
        "schwarzschild_f_r2": 0.9090909090909091,
        "superposed_clock_reductions": {
          "coherent_phase_sensitive_proxy": 0.9045454545498837,
          "mixture_delta_tau_mean": 0.9510729436480531,
          "note": "Classical GR gives \u0394\u03c4 on each branch. A single \u0394\u03c4 for the superposed clock requires a measurement/reduction model; coherent proxies can depend on \u03c6.",
          "uniqueness_status": false
        }
      }
    },
    {
      "causal_structure": {
        "horizon_radius": 2.0,
        "note": "Both branches are outside the horizon so static-clock rates exist on each branch.",
        "region_r1": "exterior (r>2M)",
        "region_r2": "exterior (r>2M)"
      },
      "coordinates": {
        "R_reference": 20.0,
        "delta_t_coordinate": 1.0,
        "h1": 0.0,
        "h2": 2.0,
        "phi_phase_radians": 3.14159265359,
        "r1": 20.0,
        "r2": 22.0,
        "t": null
      },
      "curvature_invariants": {
        "kretschmann_at_r1": 7.5e-07,
        "note": "Invariant shown at r1 as reference; ambiguity is from superposed clock location, not curvature singularity.",
        "ricci_scalar": 0.0
      },
      "local_observables": {
        "ambiguity_diagnostics": {
          "delta_tau_separation_abs": 0.004779291195078583
        },
        "branch_values": {
          "delta_tau_r1": 0.9486832980505138,
          "delta_tau_r2": 0.9534625892455924,
          "rate_dtau_over_dt_r1": 0.9486832980505138,
          "rate_dtau_over_dt_r2": 0.9534625892455924
        },
        "schwarzschild_f_r1": 0.9,
        "schwarzschild_f_r2": 0.9090909090909091,
        "superposed_clock_reductions": {
          "coherent_phase_sensitive_proxy": 1.142081216365387e-05,
          "mixture_delta_tau_mean": 0.9510729436480531,
          "note": "Classical GR gives \u0394\u03c4 on each branch. A single \u0394\u03c4 for the superposed clock requires a measurement/reduction model; coherent proxies can depend on \u03c6.",
          "uniqueness_status": false
        }
      }
    },
    {
      "causal_structure": {
        "horizon_radius": 2.0,
        "note": "Both branches are outside the horizon so static-clock rates exist on each branch.",
        "region_r1": "exterior (r>2M)",
        "region_r2": "exterior (r>2M)"
      },
      "coordinates": {
        "R_reference": 20.0,
        "delta_t_coordinate": 1.0,
        "h1": 0.0,
        "h2": 5.0,
        "phi_phase_radians": 0.0,
        "r1": 20.0,
        "r2": 25.0,
        "t": null
      },
      "curvature_invariants": {
        "kretschmann_at_r1": 7.5e-07,
        "note": "Invariant shown at r1 as reference; ambiguity is from superposed clock location, not curvature singularity.",
        "ricci_scalar": 0.0
      },
      "local_observables": {
        "ambiguity_diagnostics": {
          "delta_tau_separation_abs": 0.010483006612030166
        },
        "branch_values": {
          "delta_tau_r1": 0.9486832980505138,
          "delta_tau_r2": 0.9591663046625439,
          "rate_dtau_over_dt_r1": 0.9486832980505138,
          "rate_dtau_over_dt_r2": 0.9591663046625439
        },
        "schwarzschild_f_r1": 0.9,
        "schwarzschild_f_r2": 0.92,
        "superposed_clock_reductions": {
          "coherent_phase_sensitive_proxy": 1.8199450532861858,
          "mixture_delta_tau_mean": 0.9539248013565289,
          "note": "Classical GR gives \u0394\u03c4 on each branch. A single \u0394\u03c4 for the superposed clock requires a measurement/reduction model; coherent proxies can depend on \u03c6.",
          "uniqueness_status": false
        }
      }
    },
    {
      "causal_structure": {
        "horizon_radius": 2.0,
        "note": "Both branches are outside the horizon so static-clock rates exist on each branch.",
        "region_r1": "exterior (r>2M)",
        "region_r2": "exterior (r>2M)"
      },
      "coordinates": {
        "R_reference": 20.0,
        "delta_t_coordinate": 1.0,
        "h1": 0.0,
        "h2": 5.0,
        "phi_phase_radians": 1.57079632679,
        "r1": 20.0,
        "r2": 25.0,
        "t": null
      },
      "curvature_invariants": {
        "kretschmann_at_r1": 7.5e-07,
        "note": "Invariant shown at r1 as reference; ambiguity is from superposed clock location, not curvature singularity.",
        "ricci_scalar": 0.0
      },
      "local_observables": {
        "ambiguity_diagnostics": {
          "delta_tau_separation_abs": 0.010483006612030166
        },
        "branch_values": {
          "delta_tau_r1": 0.9486832980505138,
          "delta_tau_r2": 0.9591663046625439,
          "rate_dtau_over_dt_r1": 0.9486832980505138,
          "rate_dtau_over_dt_r2": 0.9591663046625439
        },
        "schwarzschild_f_r1": 0.9,
        "schwarzschild_f_r2": 0.92,
        "superposed_clock_reductions": {
          "coherent_phase_sensitive_proxy": 0.9100000000044556,
          "mixture_delta_tau_mean": 0.9539248013565289,
          "note": "Classical GR gives \u0394\u03c4 on each branch. A single \u0394\u03c4 for the superposed clock requires a measurement/reduction model; coherent proxies can depend on \u03c6.",
          "uniqueness_status": false
        }
      }
    },
    {
      "causal_structure": {
        "horizon_radius": 2.0,
        "note": "Both branches are outside the horizon so static-clock rates exist on each branch.",
        "region_r1": "exterior (r>2M)",
        "region_r2": "exterior (r>2M)"
      },
      "coordinates": {
        "R_reference": 20.0,
        "delta_t_coordinate": 1.0,
        "h1": 0.0,
        "h2": 5.0,
        "phi_phase_radians": 3.14159265359,
        "r1": 20.0,
        "r2": 25.0,
        "t": null
      },
      "curvature_invariants": {
        "kretschmann_at_r1": 7.5e-07,
        "note": "Invariant shown at r1 as reference; ambiguity is from superposed clock location, not curvature singularity.",
        "ricci_scalar": 0.0
      },
      "local_observables": {
        "ambiguity_diagnostics": {
          "delta_tau_separation_abs": 0.010483006612030166
        },
        "branch_values": {
          "delta_tau_r1": 0.9486832980505138,
          "delta_tau_r2": 0.9591663046625439,
          "rate_dtau_over_dt_r1": 0.9486832980505138,
          "rate_dtau_over_dt_r2": 0.9591663046625439
        },
        "schwarzschild_f_r1": 0.9,
        "schwarzschild_f_r2": 0.92,
        "superposed_clock_reductions": {
          "coherent_phase_sensitive_proxy": 5.494671381389704e-05,
          "mixture_delta_tau_mean": 0.9539248013565289,
          "note": "Classical GR gives \u0394\u03c4 on each branch. A single \u0394\u03c4 for the superposed clock requires a measurement/reduction model; coherent proxies can depend on \u03c6.",
          "uniqueness_status": false
        }
      }
    },
    {
      "causal_structure": {
        "horizon_radius": 2.0,
        "note": "Both branches are outside the horizon so static-clock rates exist on each branch.",
        "region_r1": "exterior (r>2M)",
        "region_r2": "exterior (r>2M)"
      },
      "coordinates": {
        "R_reference": 20.0,
        "delta_t_coordinate": 1.0,
        "h1": 1.0,
        "h2": 2.0,
        "phi_phase_radians": 0.0,
        "r1": 21.0,
        "r2": 22.0,
        "t": null
      },
      "curvature_invariants": {
        "kretschmann_at_r1": 5.596615474774707e-07,
        "note": "Invariant shown at r1 as reference; ambiguity is from superposed clock location, not curvature singularity.",
        "ricci_scalar": 0.0
      },
      "local_observables": {
        "ambiguity_diagnostics": {
          "delta_tau_separation_abs": 0.00227285803425048
        },
        "branch_values": {
          "delta_tau_r1": 0.9511897312113419,
          "delta_tau_r2": 0.9534625892455924,
          "rate_dtau_over_dt_r1": 0.9511897312113419,
          "rate_dtau_over_dt_r2": 0.9534625892455924
        },
        "schwarzschild_f_r1": 0.9047619047619048,
        "schwarzschild_f_r2": 0.9090909090909091,
        "superposed_clock_reductions": {
          "coherent_phase_sensitive_proxy": 1.813850230910992,
          "mixture_delta_tau_mean": 0.9523261602284672,
          "note": "Classical GR gives \u0394\u03c4 on each branch. A single \u0394\u03c4 for the superposed clock requires a measurement/reduction model; coherent proxies can depend on \u03c6.",
          "uniqueness_status": false
        }
      }
    },
    {
      "causal_structure": {
        "horizon_radius": 2.0,
        "note": "Both branches are outside the horizon so static-clock rates exist on each branch.",
        "region_r1": "exterior (r>2M)",
        "region_r2": "exterior (r>2M)"
      },
      "coordinates": {
        "R_reference": 20.0,
        "delta_t_coordinate": 1.0,
        "h1": 1.0,
        "h2": 2.0,
        "phi_phase_radians": 1.57079632679,
        "r1": 21.0,
        "r2": 22.0,
        "t": null
      },
      "curvature_invariants": {
        "kretschmann_at_r1": 5.596615474774707e-07,
        "note": "Invariant shown at r1 as reference; ambiguity is from superposed clock location, not curvature singularity.",
        "ricci_scalar": 0.0
      },
      "local_observables": {
        "ambiguity_diagnostics": {
          "delta_tau_separation_abs": 0.00227285803425048
        },
        "branch_values": {
          "delta_tau_r1": 0.9511897312113419,
          "delta_tau_r2": 0.9534625892455924,
          "rate_dtau_over_dt_r1": 0.9511897312113419,
          "rate_dtau_over_dt_r2": 0.9534625892455924
        },
        "schwarzschild_f_r1": 0.9047619047619048,
        "schwarzschild_f_r2": 0.9090909090909091,
        "superposed_clock_reductions": {
          "coherent_phase_sensitive_proxy": 0.9069264069308477,
          "mixture_delta_tau_mean": 0.9523261602284672,
          "note": "Classical GR gives \u0394\u03c4 on each branch. A single \u0394\u03c4 for the superposed clock requires a measurement/reduction model; coherent proxies can depend on \u03c6.",
          "uniqueness_status": false
        }
      }
    },
    {
      "causal_structure": {
        "horizon_radius": 2.0,
        "note": "Both branches are outside the horizon so static-clock rates exist on each branch.",
        "region_r1": "exterior (r>2M)",
        "region_r2": "exterior (r>2M)"
      },
      "coordinates": {
        "R_reference": 20.0,
        "delta_t_coordinate": 1.0,
        "h1": 1.0,
        "h2": 2.0,
        "phi_phase_radians": 3.14159265359,
        "r1": 21.0,
        "r2": 22.0,
        "t": null
      },
      "curvature_invariants": {
        "kretschmann_at_r1": 5.596615474774707e-07,
        "note": "Invariant shown at r1 as reference; ambiguity is from superposed clock location, not curvature singularity.",
        "ricci_scalar": 0.0
      },
      "local_observables": {
        "ambiguity_diagnostics": {
          "delta_tau_separation_abs": 0.00227285803425048
        },
        "branch_values": {
          "delta_tau_r1": 0.9511897312113419,
          "delta_tau_r2": 0.9534625892455924,
          "rate_dtau_over_dt_r1": 0.9511897312113419,
          "rate_dtau_over_dt_r2": 0.9534625892455924
        },
        "schwarzschild_f_r1": 0.9047619047619048,
        "schwarzschild_f_r2": 0.9090909090909091,
        "superposed_clock_reductions": {
          "coherent_phase_sensitive_proxy": 2.582941821871465e-06,
          "mixture_delta_tau_mean": 0.9523261602284672,
          "note": "Classical GR gives \u0394\u03c4 on each branch. A single \u0394\u03c4 for the superposed clock requires a measurement/reduction model; coherent proxies can depend on \u03c6.",
          "uniqueness_status": false
        }
      }
    },
    {
      "causal_structure": {
        "horizon_radius": 2.0,
        "note": "Both branches are outside the horizon so static-clock rates exist on each branch.",
        "region_r1": "exterior (r>2M)",
        "region_r2": "exterior (r>2M)"
      },
      "coordinates": {
        "R_reference": 20.0,
        "delta_t_coordinate": 1.0,
        "h1": 1.0,
        "h2": 5.0,
        "phi_phase_radians": 0.0,
        "r1": 21.0,
        "r2": 25.0,
        "t": null
      },
      "curvature_invariants": {
        "kretschmann_at_r1": 5.596615474774707e-07,
        "note": "Invariant shown at r1 as reference; ambiguity is from superposed clock location, not curvature singularity.",
        "ricci_scalar": 0.0
      },
      "local_observables": {
        "ambiguity_diagnostics": {
          "delta_tau_separation_abs": 0.007976573451202063
        },
        "branch_values": {
          "delta_tau_r1": 0.9511897312113419,
          "delta_tau_r2": 0.9591663046625439,
          "rate_dtau_over_dt_r1": 0.9511897312113419,
          "rate_dtau_over_dt_r2": 0.9591663046625439
        },
        "schwarzschild_f_r1": 0.9047619047619048,
        "schwarzschild_f_r2": 0.92,
        "superposed_clock_reductions": {
          "coherent_phase_sensitive_proxy": 1.8247300918998937,
          "mixture_delta_tau_mean": 0.9551780179369429,
          "note": "Classical GR gives \u0394\u03c4 on each branch. A single \u0394\u03c4 for the superposed clock requires a measurement/reduction model; coherent proxies can depend on \u03c6.",
          "uniqueness_status": false
        }
      }
    },
    {
      "causal_structure": {
        "horizon_radius": 2.0,
        "note": "Both branches are outside the horizon so static-clock rates exist on each branch.",
        "region_r1": "exterior (r>2M)",
        "region_r2": "exterior (r>2M)"
      },
      "coordinates": {
        "R_reference": 20.0,
        "delta_t_coordinate": 1.0,
        "h1": 1.0,
        "h2": 5.0,
        "phi_phase_radians": 1.57079632679,
        "r1": 21.0,
        "r2": 25.0,
        "t": null
      },
      "curvature_invariants": {
        "kretschmann_at_r1": 5.596615474774707e-07,
        "note": "Invariant shown at r1 as reference; ambiguity is from superposed clock location, not curvature singularity.",
        "ricci_scalar": 0.0
      },
      "local_observables": {
        "ambiguity_diagnostics": {
          "delta_tau_separation_abs": 0.007976573451202063
        },
        "branch_values": {
          "delta_tau_r1": 0.9511897312113419,
          "delta_tau_r2": 0.9591663046625439,
          "rate_dtau_over_dt_r1": 0.9511897312113419,
          "rate_dtau_over_dt_r2": 0.9591663046625439
        },
        "schwarzschild_f_r1": 0.9047619047619048,
        "schwarzschild_f_r2": 0.92,
        "superposed_clock_reductions": {
          "coherent_phase_sensitive_proxy": 0.9123809523854198,
          "mixture_delta_tau_mean": 0.9551780179369429,
          "note": "Classical GR gives \u0394\u03c4 on each branch. A single \u0394\u03c4 for the superposed clock requires a measurement/reduction model; coherent proxies can depend on \u03c6.",
          "uniqueness_status": false
        }
      }
    },
    {
      "causal_structure": {
        "horizon_radius": 2.0,
        "note": "Both branches are outside the horizon so static-clock rates exist on each branch.",
        "region_r1": "exterior (r>2M)",
        "region_r2": "exterior (r>2M)"
      },
      "coordinates": {
        "R_reference": 20.0,
        "delta_t_coordinate": 1.0,
        "h1": 1.0,
        "h2": 5.0,
        "phi_phase_radians": 3.14159265359,
        "r1": 21.0,
        "r2": 25.0,
        "t": null
      },
      "curvature_invariants": {
        "kretschmann_at_r1": 5.596615474774707e-07,
        "note": "Invariant shown at r1 as reference; ambiguity is from superposed clock location, not curvature singularity.",
        "ricci_scalar": 0.0
      },
      "local_observables": {
        "ambiguity_diagnostics": {
          "delta_tau_separation_abs": 0.007976573451202063
        },
        "branch_values": {
          "delta_tau_r1": 0.9511897312113419,
          "delta_tau_r2": 0.9591663046625439,
          "rate_dtau_over_dt_r1": 0.9511897312113419,
          "rate_dtau_over_dt_r2": 0.9591663046625439
        },
        "schwarzschild_f_r1": 0.9047619047619048,
        "schwarzschild_f_r2": 0.92,
        "superposed_clock_reductions": {
          "coherent_phase_sensitive_proxy": 3.181286201114908e-05,
          "mixture_delta_tau_mean": 0.9551780179369429,
          "note": "Classical GR gives \u0394\u03c4 on each branch. A single \u0394\u03c4 for the superposed clock requires a measurement/reduction model; coherent proxies can depend on \u03c6.",
          "uniqueness_status": false
        }
      }
    }
  ],
  "spacetime": "Schwarzschild (static clocks) with clock position superposition (|r1>+e^{i\u03c6}|r2>)/\u221a2",
  "theory": "General Relativity (fixed Schwarzschild) + quantum-superposed clock location (operational diagnostic)",
  "toy_id": "075",
  "units": {
    "G": 1,
    "c": 1
  }
}