{
  "notes": {
    "definitions_used": {
      "evaporation_time": "t_evap = M0^3 / (3 alpha)",
      "horizon_curvature": "K_h = (3/4) * 1/M^4 at r=2M",
      "mass_loss_law": "dM/dt = -alpha/M^2",
      "mass_solution": "M(t) = (M0^3 - 3 alpha t)^(1/3) for t <= t_evap",
      "temperature_proxy": "T_H = 1/(8\u03c0M)"
    },
    "limitations": "No explicit <T_ab>_ren is computed; alpha is an effective parameter. Temperature and semiclassicality are exported as proxies in these unit conventions.",
    "pressure_point": "Classical GR predicts stationary black holes; semiclassical physics predicts Hawking radiation, forcing time-dependent geometry and introducing quantum stress-energy not captured by GR alone. This toy treats that as an effective backreaction law and tracks horizon shrinkage and curvature growth."
  },
  "observables": {
    "summary": {
      "M_at_t_max_if_defined": 4.641588833612778,
      "key_result": "In this proxy, evaporation accelerates as M shrinks: |dM/dt| ~ 1/M^2, T_H ~ 1/M, and horizon curvature K_h ~ 1/M^4, driving the system toward a regime where semiclassical and then quantum-gravity effects dominate.",
      "t_evap": 333333.3333333333
    }
  },
  "parameters": {
    "M0": 10.0,
    "alpha": 0.001,
    "n_samples": 21,
    "t_max": 300000.0
  },
  "sample_points": [
    {
      "causal_structure": {
        "energy_warning": "Hawking evaporation requires a quantum <T_ab>_ren that violates classical energy conditions; classical GR alone cannot supply this source.",
        "horizon_radius": 19.999999999999996,
        "region": "shrinking_horizon"
      },
      "coordinates": {
        "t": 0.0
      },
      "curvature_invariants": {
        "kretschmann": 7.500000000000006e-05,
        "ricci_scalar": 0.0
      },
      "local_observables": {
        "M": 9.999999999999998,
        "dM_dt": -1.0000000000000003e-05,
        "hawking_temperature_proxy_T_H": 0.003978873577297384,
        "horizon_radius_r_h": 19.999999999999996,
        "kretschmann_at_horizon_K_h": 7.500000000000006e-05,
        "luminosity_proxy_L": 1.0000000000000003e-05,
        "notes": "Semiclassical backreaction proxy: dM/dt = -alpha/M^2. As M decreases, T_H increases, luminosity increases, and horizon curvature grows.",
        "semiclassicality_proxy_epsilon_sc": 0.010000000000000004
      }
    },
    {
      "causal_structure": {
        "energy_warning": "Hawking evaporation requires a quantum <T_ab>_ren that violates classical energy conditions; classical GR alone cannot supply this source.",
        "horizon_radius": 19.69538400957933,
        "region": "shrinking_horizon"
      },
      "coordinates": {
        "t": 15000.0
      },
      "curvature_invariants": {
        "kretschmann": 7.974866737852448e-05,
        "ricci_scalar": 0.0
      },
      "local_observables": {
        "M": 9.847692004789666,
        "dM_dt": -1.031171937674311e-05,
        "hawking_temperature_proxy_T_H": 0.004040412286820263,
        "horizon_radius_r_h": 19.69538400957933,
        "kretschmann_at_horizon_K_h": 7.974866737852448e-05,
        "luminosity_proxy_L": 1.031171937674311e-05,
        "notes": "Semiclassical backreaction proxy: dM/dt = -alpha/M^2. As M decreases, T_H increases, luminosity increases, and horizon curvature grows.",
        "semiclassicality_proxy_epsilon_sc": 0.01031171937674311
      }
    },
    {
      "causal_structure": {
        "energy_warning": "Hawking evaporation requires a quantum <T_ab>_ren that violates classical energy conditions; classical GR alone cannot supply this source.",
        "horizon_radius": 19.381042166867,
        "region": "shrinking_horizon"
      },
      "coordinates": {
        "t": 30000.0
      },
      "curvature_invariants": {
        "kretschmann": 8.504969104136206e-05,
        "ricci_scalar": 0.0
      },
      "local_observables": {
        "M": 9.6905210834335,
        "dM_dt": -1.0648924267509344e-05,
        "hawking_temperature_proxy_T_H": 0.004105943883760281,
        "horizon_radius_r_h": 19.381042166867,
        "kretschmann_at_horizon_K_h": 8.504969104136206e-05,
        "luminosity_proxy_L": 1.0648924267509344e-05,
        "notes": "Semiclassical backreaction proxy: dM/dt = -alpha/M^2. As M decreases, T_H increases, luminosity increases, and horizon curvature grows.",
        "semiclassicality_proxy_epsilon_sc": 0.010648924267509343
      }
    },
    {
      "causal_structure": {
        "energy_warning": "Hawking evaporation requires a quantum <T_ab>_ren that violates classical energy conditions; classical GR alone cannot supply this source.",
        "horizon_radius": 19.056158869091586,
        "region": "shrinking_horizon"
      },
      "coordinates": {
        "t": 45000.0
      },
      "curvature_invariants": {
        "kretschmann": 9.099966358149073e-05,
        "ricci_scalar": 0.0
      },
      "local_observables": {
        "M": 9.528079434545793,
        "dM_dt": -1.1015120733578956e-05,
        "hawking_temperature_proxy_T_H": 0.0041759450103567046,
        "horizon_radius_r_h": 19.056158869091586,
        "kretschmann_at_horizon_K_h": 9.099966358149073e-05,
        "luminosity_proxy_L": 1.1015120733578956e-05,
        "notes": "Semiclassical backreaction proxy: dM/dt = -alpha/M^2. As M decreases, T_H increases, luminosity increases, and horizon curvature grows.",
        "semiclassicality_proxy_epsilon_sc": 0.011015120733578954
      }
    },
    {
      "causal_structure": {
        "energy_warning": "Hawking evaporation requires a quantum <T_ab>_ren that violates classical energy conditions; classical GR alone cannot supply this source.",
        "horizon_radius": 18.71980324628231,
        "region": "shrinking_horizon"
      },
      "coordinates": {
        "t": 60000.0
      },
      "curvature_invariants": {
        "kretschmann": 9.77183503809643e-05,
        "ricci_scalar": 0.0
      },
      "local_observables": {
        "M": 9.359901623141155,
        "dM_dt": -1.1414514174562391e-05,
        "hawking_temperature_proxy_T_H": 0.00425097798833711,
        "horizon_radius_r_h": 18.71980324628231,
        "kretschmann_at_horizon_K_h": 9.77183503809643e-05,
        "luminosity_proxy_L": 1.1414514174562391e-05,
        "notes": "Semiclassical backreaction proxy: dM/dt = -alpha/M^2. As M decreases, T_H increases, luminosity increases, and horizon curvature grows.",
        "semiclassicality_proxy_epsilon_sc": 0.011414514174562391
      }
    },
    {
      "causal_structure": {
        "energy_warning": "Hawking evaporation requires a quantum <T_ab>_ren that violates classical energy conditions; classical GR alone cannot supply this source.",
        "horizon_radius": 18.370905500142275,
        "region": "shrinking_horizon"
      },
      "coordinates": {
        "t": 75000.0
      },
      "curvature_invariants": {
        "kretschmann": 0.00010535593201721892,
        "ricci_scalar": 0.0
      },
      "local_observables": {
        "M": 9.185452750071137,
        "dM_dt": -1.1852197096865988e-05,
        "hawking_temperature_proxy_T_H": 0.004331711985853467,
        "horizon_radius_r_h": 18.370905500142275,
        "kretschmann_at_horizon_K_h": 0.00010535593201721892,
        "luminosity_proxy_L": 1.1852197096865988e-05,
        "notes": "Semiclassical backreaction proxy: dM/dt = -alpha/M^2. As M decreases, T_H increases, luminosity increases, and horizon curvature grows.",
        "semiclassicality_proxy_epsilon_sc": 0.011852197096865988
      }
    },
    {
      "causal_structure": {
        "energy_warning": "Hawking evaporation requires a quantum <T_ab>_ren that violates classical energy conditions; classical GR alone cannot supply this source.",
        "horizon_radius": 18.0082266921874,
        "region": "shrinking_horizon"
      },
      "coordinates": {
        "t": 90000.0
      },
      "curvature_invariants": {
        "kretschmann": 0.00011410310163628649,
        "ricci_scalar": 0.0
      },
      "local_observables": {
        "M": 9.0041133460937,
        "dM_dt": -1.233440184396398e-05,
        "hawking_temperature_proxy_T_H": 0.004418951010899433,
        "horizon_radius_r_h": 18.0082266921874,
        "kretschmann_at_horizon_K_h": 0.00011410310163628649,
        "luminosity_proxy_L": 1.233440184396398e-05,
        "notes": "Semiclassical backreaction proxy: dM/dt = -alpha/M^2. As M decreases, T_H increases, luminosity increases, and horizon curvature grows.",
        "semiclassicality_proxy_epsilon_sc": 0.01233440184396398
      }
    },
    {
      "causal_structure": {
        "energy_warning": "Hawking evaporation requires a quantum <T_ab>_ren that violates classical energy conditions; classical GR alone cannot supply this source.",
        "horizon_radius": 17.630319638986,
        "region": "shrinking_horizon"
      },
      "coordinates": {
        "t": 105000.0
      },
      "curvature_invariants": {
        "kretschmann": 0.000124205406750286,
        "ricci_scalar": 0.0
      },
      "local_observables": {
        "M": 8.815159819493,
        "dM_dt": -1.2868846451814605e-05,
        "hawking_temperature_proxy_T_H": 0.0045136715144958395,
        "horizon_radius_r_h": 17.630319638986,
        "kretschmann_at_horizon_K_h": 0.000124205406750286,
        "luminosity_proxy_L": 1.2868846451814605e-05,
        "notes": "Semiclassical backreaction proxy: dM/dt = -alpha/M^2. As M decreases, T_H increases, luminosity increases, and horizon curvature grows.",
        "semiclassicality_proxy_epsilon_sc": 0.012868846451814605
      }
    },
    {
      "causal_structure": {
        "energy_warning": "Hawking evaporation requires a quantum <T_ab>_ren that violates classical energy conditions; classical GR alone cannot supply this source.",
        "horizon_radius": 17.235477520255067,
        "region": "shrinking_horizon"
      },
      "coordinates": {
        "t": 120000.0
      },
      "curvature_invariants": {
        "kretschmann": 0.00013598404785974947,
        "ricci_scalar": 0.0
      },
      "local_observables": {
        "M": 8.617738760127533,
        "dM_dt": -1.3465216812699278e-05,
        "hawking_temperature_proxy_T_H": 0.004617073791685118,
        "horizon_radius_r_h": 17.235477520255067,
        "kretschmann_at_horizon_K_h": 0.00013598404785974947,
        "luminosity_proxy_L": 1.3465216812699278e-05,
        "notes": "Semiclassical backreaction proxy: dM/dt = -alpha/M^2. As M decreases, T_H increases, luminosity increases, and horizon curvature grows.",
        "semiclassicality_proxy_epsilon_sc": 0.013465216812699278
      }
    },
    {
      "causal_structure": {
        "energy_warning": "Hawking evaporation requires a quantum <T_ab>_ren that violates classical energy conditions; classical GR alone cannot supply this source.",
        "horizon_radius": 16.821665170420562,
        "region": "shrinking_horizon"
      },
      "coordinates": {
        "t": 135000.0
      },
      "curvature_invariants": {
        "kretschmann": 0.00014986675681753073,
        "ricci_scalar": 0.0
      },
      "local_observables": {
        "M": 8.410832585210281,
        "dM_dt": -1.413585308438703e-05,
        "hawking_temperature_proxy_T_H": 0.004730653638611101,
        "horizon_radius_r_h": 16.821665170420562,
        "kretschmann_at_horizon_K_h": 0.00014986675681753073,
        "luminosity_proxy_L": 1.413585308438703e-05,
        "notes": "Semiclassical backreaction proxy: dM/dt = -alpha/M^2. As M decreases, T_H increases, luminosity increases, and horizon curvature grows.",
        "semiclassicality_proxy_epsilon_sc": 0.01413585308438703
      }
    },
    {
      "causal_structure": {
        "energy_warning": "Hawking evaporation requires a quantum <T_ab>_ren that violates classical energy conditions; classical GR alone cannot supply this source.",
        "horizon_radius": 16.386425412012915,
        "region": "shrinking_horizon"
      },
      "coordinates": {
        "t": 150000.0
      },
      "curvature_invariants": {
        "kretschmann": 0.00016643487879140255,
        "ricci_scalar": 0.0
      },
      "local_observables": {
        "M": 8.193212706006458,
        "dM_dt": -1.48967503745572e-05,
        "hawking_temperature_proxy_T_H": 0.00485630450480123,
        "horizon_radius_r_h": 16.386425412012915,
        "kretschmann_at_horizon_K_h": 0.00016643487879140255,
        "luminosity_proxy_L": 1.48967503745572e-05,
        "notes": "Semiclassical backreaction proxy: dM/dt = -alpha/M^2. As M decreases, T_H increases, luminosity increases, and horizon curvature grows.",
        "semiclassicality_proxy_epsilon_sc": 0.014896750374557198
      }
    },
    {
      "causal_structure": {
        "energy_warning": "Hawking evaporation requires a quantum <T_ab>_ren that violates classical energy conditions; classical GR alone cannot supply this source.",
        "horizon_radius": 15.926748483578484,
        "region": "shrinking_horizon"
      },
      "coordinates": {
        "t": 165000.0
      },
      "curvature_invariants": {
        "kretschmann": 0.0001864973903973897,
        "ricci_scalar": 0.0
      },
      "local_observables": {
        "M": 7.963374241789242,
        "dM_dt": -1.5769057904533156e-05,
        "hawking_temperature_proxy_T_H": 0.004996466895173062,
        "horizon_radius_r_h": 15.926748483578484,
        "kretschmann_at_horizon_K_h": 0.0001864973903973897,
        "luminosity_proxy_L": 1.5769057904533156e-05,
        "notes": "Semiclassical backreaction proxy: dM/dt = -alpha/M^2. As M decreases, T_H increases, luminosity increases, and horizon curvature grows.",
        "semiclassicality_proxy_epsilon_sc": 0.015769057904533156
      }
    },
    {
      "causal_structure": {
        "energy_warning": "Hawking evaporation requires a quantum <T_ab>_ren that violates classical energy conditions; classical GR alone cannot supply this source.",
        "horizon_radius": 15.438885258723282,
        "region": "shrinking_horizon"
      },
      "coordinates": {
        "t": 180000.0
      },
      "curvature_invariants": {
        "kretschmann": 0.0002112114644659941,
        "ricci_scalar": 0.0
      },
      "local_observables": {
        "M": 7.719442629361641,
        "dM_dt": -1.6781397020351396e-05,
        "hawking_temperature_proxy_T_H": 0.0051543534531409765,
        "horizon_radius_r_h": 15.438885258723282,
        "kretschmann_at_horizon_K_h": 0.0002112114644659941,
        "luminosity_proxy_L": 1.6781397020351396e-05,
        "notes": "Semiclassical backreaction proxy: dM/dt = -alpha/M^2. As M decreases, T_H increases, luminosity increases, and horizon curvature grows.",
        "semiclassicality_proxy_epsilon_sc": 0.016781397020351398
      }
    },
    {
      "causal_structure": {
        "energy_warning": "Hawking evaporation requires a quantum <T_ab>_ren that violates classical energy conditions; classical GR alone cannot supply this source.",
        "horizon_radius": 14.91807185178328,
        "region": "shrinking_horizon"
      },
      "coordinates": {
        "t": 195000.0
      },
      "curvature_invariants": {
        "kretschmann": 0.00024228719818729372,
        "ricci_scalar": 0.0
      },
      "local_observables": {
        "M": 7.45903592589164,
        "dM_dt": -1.7973580544317215e-05,
        "hawking_temperature_proxy_T_H": 0.005334300058116098,
        "horizon_radius_r_h": 14.91807185178328,
        "kretschmann_at_horizon_K_h": 0.00024228719818729372,
        "luminosity_proxy_L": 1.7973580544317215e-05,
        "notes": "Semiclassical backreaction proxy: dM/dt = -alpha/M^2. As M decreases, T_H increases, luminosity increases, and horizon curvature grows.",
        "semiclassicality_proxy_epsilon_sc": 0.017973580544317212
      }
    },
    {
      "causal_structure": {
        "energy_warning": "Hawking evaporation requires a quantum <T_ab>_ren that violates classical energy conditions; classical GR alone cannot supply this source.",
        "horizon_radius": 14.358108704136637,
        "region": "shrinking_horizon"
      },
      "coordinates": {
        "t": 210000.0
      },
      "curvature_invariants": {
        "kretschmann": 0.00028235292945553915,
        "ricci_scalar": 0.0
      },
      "local_observables": {
        "M": 7.179054352068318,
        "dM_dt": -1.940284960018465e-05,
        "hawking_temperature_proxy_T_H": 0.005542336611716906,
        "horizon_radius_r_h": 14.358108704136637,
        "kretschmann_at_horizon_K_h": 0.00028235292945553915,
        "luminosity_proxy_L": 1.940284960018465e-05,
        "notes": "Semiclassical backreaction proxy: dM/dt = -alpha/M^2. As M decreases, T_H increases, luminosity increases, and horizon curvature grows.",
        "semiclassicality_proxy_epsilon_sc": 0.01940284960018465
      }
    },
    {
      "causal_structure": {
        "energy_warning": "Hawking evaporation requires a quantum <T_ab>_ren that violates classical energy conditions; classical GR alone cannot supply this source.",
        "horizon_radius": 13.75068867074141,
        "region": "shrinking_horizon"
      },
      "coordinates": {
        "t": 225000.0
      },
      "curvature_invariants": {
        "kretschmann": 0.0003356475247094489,
        "ricci_scalar": 0.0
      },
      "local_observables": {
        "M": 6.875344335370705,
        "dM_dt": -2.115490564729448e-05,
        "hawking_temperature_proxy_T_H": 0.005787162625190686,
        "horizon_radius_r_h": 13.75068867074141,
        "kretschmann_at_horizon_K_h": 0.0003356475247094489,
        "luminosity_proxy_L": 2.115490564729448e-05,
        "notes": "Semiclassical backreaction proxy: dM/dt = -alpha/M^2. As M decreases, T_H increases, luminosity increases, and horizon curvature grows.",
        "semiclassicality_proxy_epsilon_sc": 0.02115490564729448
      }
    },
    {
      "causal_structure": {
        "energy_warning": "Hawking evaporation requires a quantum <T_ab>_ren that violates classical energy conditions; classical GR alone cannot supply this source.",
        "horizon_radius": 13.084265240754357,
        "region": "shrinking_horizon"
      },
      "coordinates": {
        "t": 240000.0
      },
      "curvature_invariants": {
        "kretschmann": 0.0004094339849101072,
        "ricci_scalar": 0.0
      },
      "local_observables": {
        "M": 6.542132620377179,
        "dM_dt": -2.3364759358489935e-05,
        "hawking_temperature_proxy_T_H": 0.006081921306370562,
        "horizon_radius_r_h": 13.084265240754357,
        "kretschmann_at_horizon_K_h": 0.0004094339849101072,
        "luminosity_proxy_L": 2.3364759358489935e-05,
        "notes": "Semiclassical backreaction proxy: dM/dt = -alpha/M^2. As M decreases, T_H increases, luminosity increases, and horizon curvature grows.",
        "semiclassicality_proxy_epsilon_sc": 0.023364759358489934
      }
    },
    {
      "causal_structure": {
        "energy_warning": "Hawking evaporation requires a quantum <T_ab>_ren that violates classical energy conditions; classical GR alone cannot supply this source.",
        "horizon_radius": 12.342011585553434,
        "region": "shrinking_horizon"
      },
      "coordinates": {
        "t": 255000.0
      },
      "curvature_invariants": {
        "kretschmann": 0.0005171749093863807,
        "ricci_scalar": 0.0
      },
      "local_observables": {
        "M": 6.171005792776717,
        "dM_dt": -2.6259599118198805e-05,
        "hawking_temperature_proxy_T_H": 0.006447690556302398,
        "horizon_radius_r_h": 12.342011585553434,
        "kretschmann_at_horizon_K_h": 0.0005171749093863807,
        "luminosity_proxy_L": 2.6259599118198805e-05,
        "notes": "Semiclassical backreaction proxy: dM/dt = -alpha/M^2. As M decreases, T_H increases, luminosity increases, and horizon curvature grows.",
        "semiclassicality_proxy_epsilon_sc": 0.026259599118198803
      }
    },
    {
      "causal_structure": {
        "energy_warning": "Hawking evaporation requires a quantum <T_ab>_ren that violates classical energy conditions; classical GR alone cannot supply this source.",
        "horizon_radius": 11.497794157889661,
        "region": "shrinking_horizon"
      },
      "coordinates": {
        "t": 270000.0
      },
      "curvature_invariants": {
        "kretschmann": 0.0006866305600616428,
        "ricci_scalar": 0.0
      },
      "local_observables": {
        "M": 5.748897078944831,
        "dM_dt": -3.025735304707806e-05,
        "hawking_temperature_proxy_T_H": 0.006921107688411909,
        "horizon_radius_r_h": 11.497794157889661,
        "kretschmann_at_horizon_K_h": 0.0006866305600616428,
        "luminosity_proxy_L": 3.025735304707806e-05,
        "notes": "Semiclassical backreaction proxy: dM/dt = -alpha/M^2. As M decreases, T_H increases, luminosity increases, and horizon curvature grows.",
        "semiclassicality_proxy_epsilon_sc": 0.03025735304707806
      }
    },
    {
      "causal_structure": {
        "energy_warning": "Hawking evaporation requires a quantum <T_ab>_ren that violates classical energy conditions; classical GR alone cannot supply this source.",
        "horizon_radius": 10.507175744985801,
        "region": "shrinking_horizon"
      },
      "coordinates": {
        "t": 285000.0
      },
      "curvature_invariants": {
        "kretschmann": 0.0009845488299882702,
        "ricci_scalar": 0.0
      },
      "local_observables": {
        "M": 5.253587872492901,
        "dM_dt": -3.6231640499951056e-05,
        "hawking_temperature_proxy_T_H": 0.0075736309620521355,
        "horizon_radius_r_h": 10.507175744985801,
        "kretschmann_at_horizon_K_h": 0.0009845488299882702,
        "luminosity_proxy_L": 3.6231640499951056e-05,
        "notes": "Semiclassical backreaction proxy: dM/dt = -alpha/M^2. As M decreases, T_H increases, luminosity increases, and horizon curvature grows.",
        "semiclassicality_proxy_epsilon_sc": 0.036231640499951055
      }
    },
    {
      "causal_structure": {
        "energy_warning": "Hawking evaporation requires a quantum <T_ab>_ren that violates classical energy conditions; classical GR alone cannot supply this source.",
        "horizon_radius": 9.283177667225557,
        "region": "shrinking_horizon"
      },
      "coordinates": {
        "t": 300000.0
      },
      "curvature_invariants": {
        "kretschmann": 0.0016158260175239136,
        "ricci_scalar": 0.0
      },
      "local_observables": {
        "M": 4.641588833612778,
        "dM_dt": -4.6415888336127804e-05,
        "hawking_temperature_proxy_T_H": 0.008572223262180741,
        "horizon_radius_r_h": 9.283177667225557,
        "kretschmann_at_horizon_K_h": 0.0016158260175239136,
        "luminosity_proxy_L": 4.6415888336127804e-05,
        "notes": "Semiclassical backreaction proxy: dM/dt = -alpha/M^2. As M decreases, T_H increases, luminosity increases, and horizon curvature grows.",
        "semiclassicality_proxy_epsilon_sc": 0.0464158883361278
      }
    }
  ],
  "spacetime": "Evaporating Schwarzschild (mass-loss proxy for Hawking radiation)",
  "theory": "General Relativity + semiclassical backreaction (effective model)",
  "toy_id": "038",
  "units": {
    "G": 1,
    "c": 1
  }
}