{
  "notes": {
    "pressure_point": "Geodesic focusing is controlled entirely by energy conditions. Violating them removes the singularity guarantee."
  },
  "observables": {
    "strong_energy_condition": true
  },
  "parameters": {
    "rho": 0.01,
    "theta0": -0.1,
    "w": 0.0
  },
  "sample_points": [
    {
      "causal_structure": {
        "focusing": false
      },
      "coordinates": {
        "proper_time": 0.0
      },
      "curvature_invariants": {
        "ricci_contraction_Rab_uu": 0.12566370614359174
      },
      "local_observables": {
        "expansion_theta": 1.4669028563052187
      }
    },
    {
      "causal_structure": {
        "focusing": false
      },
      "coordinates": {
        "proper_time": 1.0
      },
      "curvature_invariants": {
        "ricci_contraction_Rab_uu": 0.12566370614359174
      },
      "local_observables": {
        "expansion_theta": -0.0
      }
    },
    {
      "causal_structure": {
        "focusing": false
      },
      "coordinates": {
        "proper_time": 2.0
      },
      "curvature_invariants": {
        "ricci_contraction_Rab_uu": 0.12566370614359174
      },
      "local_observables": {
        "expansion_theta": 1.0560034099722837
      }
    },
    {
      "causal_structure": {
        "focusing": false
      },
      "coordinates": {
        "proper_time": 3.0
      },
      "curvature_invariants": {
        "ricci_contraction_Rab_uu": 0.12566370614359174
      },
      "local_observables": {
        "expansion_theta": 0.295800921389043
      }
    },
    {
      "causal_structure": {
        "focusing": false
      },
      "coordinates": {
        "proper_time": 4.0
      },
      "curvature_invariants": {
        "ricci_contraction_Rab_uu": 0.12566370614359174
      },
      "local_observables": {
        "expansion_theta": 0.8430603508480069
      }
    },
    {
      "causal_structure": {
        "focusing": false
      },
      "coordinates": {
        "proper_time": 5.0
      },
      "curvature_invariants": {
        "ricci_contraction_Rab_uu": 0.12566370614359174
      },
      "local_observables": {
        "expansion_theta": 0.4490957326975143
      }
    }
  ],
  "spacetime": "Generic timelike geodesic congruence",
  "theory": "General Relativity (Raychaudhuri equation)",
  "toy_id": "022",
  "units": {
    "G": 1,
    "c": 1
  }
}