{
  "notes": {
    "domain_of_validity": "Small-qubit exact simulation; meant as a diff-able marker of Page-curve behavior and final-state sensitivity, not a derivation of black-hole microphysics.",
    "key_formulas": {
      "entropy": "S(\u03c1) = -Tr(\u03c1 log \u03c1)",
      "mutual_information": "I(A:B)=S(A)+S(B)-S(AB)",
      "trace_distance": "D(\u03c1,\u03c3)=1/2 ||\u03c1-\u03c3||_1"
    },
    "pressure_point": "Unitarity can coexist with operational unpredictability: enforcing purity via final-state postselection makes outcomes depend on an effective boundary condition that observers cannot access, and may require rare postselection."
  },
  "observables": {
    "final_state_obfuscation": {
      "S_rad_post_comp": 0.6931471805599454,
      "S_rad_post_plus": 0.6931471805599498,
      "S_rad_unconditional": 2.079441541679835,
      "note": "If different final-state projections yield significantly different radiation states (large trace distance), predictions are boundary-condition-sensitive: unitarity may be preserved but operationally obfuscated.",
      "obfuscation_detected": true,
      "postselect_comp_success_prob": 0.24999999999999933,
      "postselect_plus_success_prob": 0.062499999999999806,
      "trace_distance_comp_vs_plus": 0.8660254037844384,
      "trace_distance_uncond_vs_comp": 0.7499999999999991,
      "trace_distance_uncond_vs_plus": 0.7499999999999993
    }
  },
  "parameters": {
    "emission": "SWAP(BH_0, Rad_t) each step",
    "final_state_postselections": [
      "BH=|0...0>",
      "BH=|+...+> (via H basis)"
    ],
    "n_bh": 4,
    "n_rad_max": 4,
    "scrambler": "H layer on BH + CNOT chain",
    "steps": 4
  },
  "sample_points": [
    {
      "causal_structure": {
        "observer_access": "full_state (exact ED) for diagnostics; final-state postselection evaluated at end only",
        "unitary_evolution": true
      },
      "coordinates": {
        "n_rad_emitted": 1,
        "step": 0
      },
      "curvature_invariants": {
        "kretschmann": null,
        "note": "Information-theory toy; no classical curvature computed.",
        "ricci_scalar": null
      },
      "local_observables": {
        "information_return_proxy": {
          "mutual_information_I_rad_ref": 1.3862943611198868,
          "note": "Mutual information between radiation and reference tracks information recovery after Page time."
        },
        "page_curve_proxy": {
          "S_bh": 4.540625073233765e-15,
          "S_rad": 0.6931471805599455,
          "note": "Radiation entropy rising then falling is a Page-curve-like signature in unitary toy evaporation."
        }
      }
    },
    {
      "causal_structure": {
        "observer_access": "full_state (exact ED) for diagnostics; final-state postselection evaluated at end only",
        "unitary_evolution": true
      },
      "coordinates": {
        "n_rad_emitted": 2,
        "step": 1
      },
      "curvature_invariants": {
        "kretschmann": null,
        "note": "Information-theory toy; no classical curvature computed.",
        "ricci_scalar": null
      },
      "local_observables": {
        "information_return_proxy": {
          "mutual_information_I_rad_ref": 1.3862943611198824,
          "note": "Mutual information between radiation and reference tracks information recovery after Page time."
        },
        "page_curve_proxy": {
          "S_bh": 0.6931471805599474,
          "S_rad": 1.3862943611198901,
          "note": "Radiation entropy rising then falling is a Page-curve-like signature in unitary toy evaporation."
        }
      }
    },
    {
      "causal_structure": {
        "observer_access": "full_state (exact ED) for diagnostics; final-state postselection evaluated at end only",
        "unitary_evolution": true
      },
      "coordinates": {
        "n_rad_emitted": 3,
        "step": 2
      },
      "curvature_invariants": {
        "kretschmann": null,
        "note": "Information-theory toy; no classical curvature computed.",
        "ricci_scalar": null
      },
      "local_observables": {
        "information_return_proxy": {
          "mutual_information_I_rad_ref": 1.3862943611198875,
          "note": "Mutual information between radiation and reference tracks information recovery after Page time."
        },
        "page_curve_proxy": {
          "S_bh": 0.6931471805599505,
          "S_rad": 1.3862943611198897,
          "note": "Radiation entropy rising then falling is a Page-curve-like signature in unitary toy evaporation."
        }
      }
    },
    {
      "causal_structure": {
        "observer_access": "full_state (exact ED) for diagnostics; final-state postselection evaluated at end only",
        "unitary_evolution": true
      },
      "coordinates": {
        "n_rad_emitted": 4,
        "step": 3
      },
      "curvature_invariants": {
        "kretschmann": null,
        "note": "Information-theory toy; no classical curvature computed.",
        "ricci_scalar": null
      },
      "local_observables": {
        "information_return_proxy": {
          "mutual_information_I_rad_ref": 1.3862943611198832,
          "note": "Mutual information between radiation and reference tracks information recovery after Page time."
        },
        "page_curve_proxy": {
          "S_bh": 1.3862943611198915,
          "S_rad": 2.079441541679835,
          "note": "Radiation entropy rising then falling is a Page-curve-like signature in unitary toy evaporation."
        }
      }
    }
  ],
  "spacetime": "Abstract quantum system (Rf + BH + Radiation); GR analogy via information flow",
  "theory": "Unitary evaporation toy + postselected final-state boundary (information/operational diagnostics)",
  "toy_id": "084",
  "units": {
    "G": 1,
    "c": 1
  }
}