{
  "notes": {
    "definitions_used": {
      "Effective rho (k=0 FLRW)": "rho = 3H^2/(8\u03c0)",
      "Misner-Sharp (k=0 FLRW)": "M_MS = (R^3/2) * H^2, where R=a(t)r",
      "Schwarzschild": "ADM=Komar=M_MS=M"
    },
    "pressure_point": "GR does not provide a unique local gravitational energy density. Useful 'mass/energy' notions depend on symmetry (spherical), stationarity (Komar), or asymptotics (ADM). Misner\u2013Sharp provides a quasi-local mass in spherical symmetry."
  },
  "observables": {
    "mass_summary": {
      "adm_mass_M_ADM": 1.0,
      "comment": "All coincide for Schwarzschild (stationary, asymptotically flat, spherical vacuum).",
      "komar_mass_M_K": 1.0,
      "misner_sharp_mass_M_MS": 1.0
    }
  },
  "parameters": {
    "H0": null,
    "M": 1.0,
    "flrw_model": null,
    "mode": "schwarzschild",
    "t0": null
  },
  "sample_points": [
    {
      "causal_structure": {
        "energy_warning": "Local gravitational energy density is not a tensor; use global/quasi-local masses.",
        "horizon_radius": 2.0,
        "radial_null_cone_dr_dt": null,
        "region": "exterior"
      },
      "coordinates": {
        "phi": null,
        "r": 3.0,
        "t": null,
        "theta": null
      },
      "curvature_invariants": {
        "kretschmann": 0.06584362139917696,
        "ricci_scalar": 0.0
      },
      "local_observables": {
        "adm_mass_M_ADM": 1.0,
        "areal_radius_R": 3.0,
        "komar_mass_M_K": 1.0,
        "misner_sharp_mass_M_MS": 1.0,
        "notes": "In vacuum Schwarzschild, ADM=Komar=Misner\u2013Sharp=M (away from r=0 idealization)."
      }
    },
    {
      "causal_structure": {
        "energy_warning": "Local gravitational energy density is not a tensor; use global/quasi-local masses.",
        "horizon_radius": 2.0,
        "radial_null_cone_dr_dt": null,
        "region": "exterior"
      },
      "coordinates": {
        "phi": null,
        "r": 4.0,
        "t": null,
        "theta": null
      },
      "curvature_invariants": {
        "kretschmann": 0.01171875,
        "ricci_scalar": 0.0
      },
      "local_observables": {
        "adm_mass_M_ADM": 1.0,
        "areal_radius_R": 4.0,
        "komar_mass_M_K": 1.0,
        "misner_sharp_mass_M_MS": 1.0,
        "notes": "In vacuum Schwarzschild, ADM=Komar=Misner\u2013Sharp=M (away from r=0 idealization)."
      }
    },
    {
      "causal_structure": {
        "energy_warning": "Local gravitational energy density is not a tensor; use global/quasi-local masses.",
        "horizon_radius": 2.0,
        "radial_null_cone_dr_dt": null,
        "region": "exterior"
      },
      "coordinates": {
        "phi": null,
        "r": 6.0,
        "t": null,
        "theta": null
      },
      "curvature_invariants": {
        "kretschmann": 0.00102880658436214,
        "ricci_scalar": 0.0
      },
      "local_observables": {
        "adm_mass_M_ADM": 1.0,
        "areal_radius_R": 6.0,
        "komar_mass_M_K": 1.0,
        "misner_sharp_mass_M_MS": 1.0,
        "notes": "In vacuum Schwarzschild, ADM=Komar=Misner\u2013Sharp=M (away from r=0 idealization)."
      }
    },
    {
      "causal_structure": {
        "energy_warning": "Local gravitational energy density is not a tensor; use global/quasi-local masses.",
        "horizon_radius": 2.0,
        "radial_null_cone_dr_dt": null,
        "region": "exterior"
      },
      "coordinates": {
        "phi": null,
        "r": 10.0,
        "t": null,
        "theta": null
      },
      "curvature_invariants": {
        "kretschmann": 4.8e-05,
        "ricci_scalar": 0.0
      },
      "local_observables": {
        "adm_mass_M_ADM": 1.0,
        "areal_radius_R": 10.0,
        "komar_mass_M_K": 1.0,
        "misner_sharp_mass_M_MS": 1.0,
        "notes": "In vacuum Schwarzschild, ADM=Komar=Misner\u2013Sharp=M (away from r=0 idealization)."
      }
    },
    {
      "causal_structure": {
        "energy_warning": "Local gravitational energy density is not a tensor; use global/quasi-local masses.",
        "horizon_radius": 2.0,
        "radial_null_cone_dr_dt": null,
        "region": "exterior"
      },
      "coordinates": {
        "phi": null,
        "r": 20.0,
        "t": null,
        "theta": null
      },
      "curvature_invariants": {
        "kretschmann": 7.5e-07,
        "ricci_scalar": 0.0
      },
      "local_observables": {
        "adm_mass_M_ADM": 1.0,
        "areal_radius_R": 20.0,
        "komar_mass_M_K": 1.0,
        "misner_sharp_mass_M_MS": 1.0,
        "notes": "In vacuum Schwarzschild, ADM=Komar=Misner\u2013Sharp=M (away from r=0 idealization)."
      }
    }
  ],
  "spacetime": "Schwarzschild vacuum (asymptotically flat, stationary, spherical)",
  "theory": "General Relativity (energy/mass diagnostics)",
  "toy_id": "006",
  "units": {
    "G": 1,
    "c": 1
  }
}