{
  "notes": {
    "domain_of_validity": "Free (Gaussian) field approximation on finite lattice; m>0 avoids IR zero-mode issues; boundary scaling is approximate for small N.",
    "key_equations": {
      "covariances": "Cx = 1/2 K^{-1/2}, Cp = 1/2 K^{+1/2}",
      "entropy": "S = \u03a3[(\u03bd+1/2)ln(\u03bd+1/2) - (\u03bd-1/2)ln(\u03bd-1/2)]",
      "hamiltonian": "H = 1/2 (p^T p + x^T K x),  K = m^2 I + Laplacian_2D",
      "symplectic": "\u03bd_i = eig(sqrt(Cx_A Cp_A))"
    },
    "pressure_point": "Area-law-like entanglement scaling appears in flat space without horizons: entropy is driven by boundary tracing, not by gravitational thermodynamics."
  },
  "observables": {
    "summary": {
      "S_over_area_max": 0.1581663536141841,
      "S_over_area_min": 0.025915098613752297,
      "S_over_perimeter_max": 0.039541588403546025,
      "S_over_perimeter_min": 0.025915098613752297,
      "curvature_invariants_zero": true,
      "horizons_present": false,
      "note": "Entropy scaling in flat space; compare S/(4L) vs S/(L^2) across samples."
    }
  },
  "parameters": {
    "conventions": "\u0127 = 1 for quantum covariances; entropy uses natural log.",
    "lattice_N_by_N": 8,
    "mass_gap_m": 0.5,
    "region_anchor_top_left_i0_j0": {
      "i0": 0,
      "j0": 0
    },
    "region_sizes_L": [
      1,
      2,
      3,
      4
    ]
  },
  "sample_points": [
    {
      "causal_structure": {
        "horizon_radius": null,
        "note": "No gravitational horizons; entropy arises from tracing out degrees of freedom across a boundary.",
        "region": "flat lattice QFT ground state (no horizons)",
        "rindler_horizon_present": false
      },
      "coordinates": {
        "region_square_L": 1,
        "t": null,
        "x": null,
        "y": null,
        "z": null
      },
      "curvature_invariants": {
        "kretschmann": 0.0,
        "note": "Flat background: this is an entanglement diagnostic without curvature or horizons.",
        "ricci_scalar": 0.0
      },
      "local_observables": {
        "boundary_length_perimeter_4L": 4,
        "entanglement_entropy_S": 0.1581663536141841,
        "entropy_per_boundary_length_S_over_4L": 0.039541588403546025,
        "lattice_size_N": 8,
        "mass_gap_m": 0.5,
        "note": "If S scales ~ perimeter (4L) rather than area (L^2), this is an area-law analogue in flat space.",
        "region_anchor_top_left": {
          "i0": 0,
          "j0": 0
        },
        "region_area_sites_L2": 1,
        "region_size_L": 1
      }
    },
    {
      "causal_structure": {
        "horizon_radius": null,
        "note": "No gravitational horizons; entropy arises from tracing out degrees of freedom across a boundary.",
        "region": "flat lattice QFT ground state (no horizons)",
        "rindler_horizon_present": false
      },
      "coordinates": {
        "region_square_L": 2,
        "t": null,
        "x": null,
        "y": null,
        "z": null
      },
      "curvature_invariants": {
        "kretschmann": 0.0,
        "note": "Flat background: this is an entanglement diagnostic without curvature or horizons.",
        "ricci_scalar": 0.0
      },
      "local_observables": {
        "boundary_length_perimeter_4L": 8,
        "entanglement_entropy_S": 0.23931415381773138,
        "entropy_per_boundary_length_S_over_4L": 0.029914269227216423,
        "lattice_size_N": 8,
        "mass_gap_m": 0.5,
        "note": "If S scales ~ perimeter (4L) rather than area (L^2), this is an area-law analogue in flat space.",
        "region_anchor_top_left": {
          "i0": 0,
          "j0": 0
        },
        "region_area_sites_L2": 4,
        "region_size_L": 2
      }
    },
    {
      "causal_structure": {
        "horizon_radius": null,
        "note": "No gravitational horizons; entropy arises from tracing out degrees of freedom across a boundary.",
        "region": "flat lattice QFT ground state (no horizons)",
        "rindler_horizon_present": false
      },
      "coordinates": {
        "region_square_L": 3,
        "t": null,
        "x": null,
        "y": null,
        "z": null
      },
      "curvature_invariants": {
        "kretschmann": 0.0,
        "note": "Flat background: this is an entanglement diagnostic without curvature or horizons.",
        "ricci_scalar": 0.0
      },
      "local_observables": {
        "boundary_length_perimeter_4L": 12,
        "entanglement_entropy_S": 0.3246901004356889,
        "entropy_per_boundary_length_S_over_4L": 0.027057508369640743,
        "lattice_size_N": 8,
        "mass_gap_m": 0.5,
        "note": "If S scales ~ perimeter (4L) rather than area (L^2), this is an area-law analogue in flat space.",
        "region_anchor_top_left": {
          "i0": 0,
          "j0": 0
        },
        "region_area_sites_L2": 9,
        "region_size_L": 3
      }
    },
    {
      "causal_structure": {
        "horizon_radius": null,
        "note": "No gravitational horizons; entropy arises from tracing out degrees of freedom across a boundary.",
        "region": "flat lattice QFT ground state (no horizons)",
        "rindler_horizon_present": false
      },
      "coordinates": {
        "region_square_L": 4,
        "t": null,
        "x": null,
        "y": null,
        "z": null
      },
      "curvature_invariants": {
        "kretschmann": 0.0,
        "note": "Flat background: this is an entanglement diagnostic without curvature or horizons.",
        "ricci_scalar": 0.0
      },
      "local_observables": {
        "boundary_length_perimeter_4L": 16,
        "entanglement_entropy_S": 0.41464157782003674,
        "entropy_per_boundary_length_S_over_4L": 0.025915098613752297,
        "lattice_size_N": 8,
        "mass_gap_m": 0.5,
        "note": "If S scales ~ perimeter (4L) rather than area (L^2), this is an area-law analogue in flat space.",
        "region_anchor_top_left": {
          "i0": 0,
          "j0": 0
        },
        "region_area_sites_L2": 16,
        "region_size_L": 4
      }
    }
  ],
  "spacetime": "Minkowski (discretized as 2D harmonic lattice; no curvature, no horizons)",
  "theory": "Flat spacetime quantum field toy (Gaussian ground state entanglement; \u0127=1 convention)",
  "toy_id": "069",
  "units": {
    "G": 1,
    "c": 1
  }
}