{
  "notes": {
    "assumptions": [
      "Baseline intended: Schwarzschild vacuum GR",
      "Intentional break: Kretschmann uses 1/r^5 instead of 1/r^6",
      "Used to verify that the test harness flags incorrect physics/implementations"
    ],
    "key_formulas": {
      "K_broken": "48 M^2 / r^5  (INTENTIONALLY WRONG)",
      "K_correct": "48 M^2 / r^6"
    },
    "pressure_point": "If your lab fails to detect this, your comparators/validators are not sensitive enough."
  },
  "observables": {
    "summary": {
      "horizon_radius_2M": 2.0,
      "note": "Expect widespread failures; this is intentional.",
      "num_fail_relative_tolerance": 9,
      "points_with_finite_error": 10,
      "worst_at_r": 20.0,
      "worst_relative_error": 19.0
    }
  },
  "parameters": {
    "M": 1.0,
    "r_samples": [
      0.5,
      1.0,
      1.5,
      2.0,
      2.5,
      3.0,
      4.0,
      6.0,
      10.0,
      20.0
    ],
    "tolerance_relative": 1e-12
  },
  "sample_points": [
    {
      "causal_structure": {
        "horizon_radius_2M": 2.0,
        "inside_horizon": true
      },
      "coordinates": {
        "r": 0.5
      },
      "curvature_invariants": {
        "kretschmann_K_broken": 1536.0,
        "kretschmann_K_correct": 3072.0,
        "kretschmann_relative_error": 0.5,
        "ricci_scalar_R_correct": 0.0
      },
      "local_observables": {
        "consistency_checks": {
          "kretschmann_pass_within_tolerance": false,
          "note": "K_broken is intentionally wrong; pass should be false except at contrived points.",
          "tolerance_relative": 1e-12
        }
      }
    },
    {
      "causal_structure": {
        "horizon_radius_2M": 2.0,
        "inside_horizon": true
      },
      "coordinates": {
        "r": 1.0
      },
      "curvature_invariants": {
        "kretschmann_K_broken": 48.0,
        "kretschmann_K_correct": 48.0,
        "kretschmann_relative_error": 0.0,
        "ricci_scalar_R_correct": 0.0
      },
      "local_observables": {
        "consistency_checks": {
          "kretschmann_pass_within_tolerance": true,
          "note": "K_broken is intentionally wrong; pass should be false except at contrived points.",
          "tolerance_relative": 1e-12
        }
      }
    },
    {
      "causal_structure": {
        "horizon_radius_2M": 2.0,
        "inside_horizon": true
      },
      "coordinates": {
        "r": 1.5
      },
      "curvature_invariants": {
        "kretschmann_K_broken": 6.320987654320987,
        "kretschmann_K_correct": 4.2139917695473255,
        "kretschmann_relative_error": 0.4999999999999998,
        "ricci_scalar_R_correct": 0.0
      },
      "local_observables": {
        "consistency_checks": {
          "kretschmann_pass_within_tolerance": false,
          "note": "K_broken is intentionally wrong; pass should be false except at contrived points.",
          "tolerance_relative": 1e-12
        }
      }
    },
    {
      "causal_structure": {
        "horizon_radius_2M": 2.0,
        "inside_horizon": false
      },
      "coordinates": {
        "r": 2.0
      },
      "curvature_invariants": {
        "kretschmann_K_broken": 1.5,
        "kretschmann_K_correct": 0.75,
        "kretschmann_relative_error": 1.0,
        "ricci_scalar_R_correct": 0.0
      },
      "local_observables": {
        "consistency_checks": {
          "kretschmann_pass_within_tolerance": false,
          "note": "K_broken is intentionally wrong; pass should be false except at contrived points.",
          "tolerance_relative": 1e-12
        }
      }
    },
    {
      "causal_structure": {
        "horizon_radius_2M": 2.0,
        "inside_horizon": false
      },
      "coordinates": {
        "r": 2.5
      },
      "curvature_invariants": {
        "kretschmann_K_broken": 0.49152,
        "kretschmann_K_correct": 0.196608,
        "kretschmann_relative_error": 1.5,
        "ricci_scalar_R_correct": 0.0
      },
      "local_observables": {
        "consistency_checks": {
          "kretschmann_pass_within_tolerance": false,
          "note": "K_broken is intentionally wrong; pass should be false except at contrived points.",
          "tolerance_relative": 1e-12
        }
      }
    },
    {
      "causal_structure": {
        "horizon_radius_2M": 2.0,
        "inside_horizon": false
      },
      "coordinates": {
        "r": 3.0
      },
      "curvature_invariants": {
        "kretschmann_K_broken": 0.19753086419753085,
        "kretschmann_K_correct": 0.06584362139917696,
        "kretschmann_relative_error": 1.9999999999999996,
        "ricci_scalar_R_correct": 0.0
      },
      "local_observables": {
        "consistency_checks": {
          "kretschmann_pass_within_tolerance": false,
          "note": "K_broken is intentionally wrong; pass should be false except at contrived points.",
          "tolerance_relative": 1e-12
        }
      }
    },
    {
      "causal_structure": {
        "horizon_radius_2M": 2.0,
        "inside_horizon": false
      },
      "coordinates": {
        "r": 4.0
      },
      "curvature_invariants": {
        "kretschmann_K_broken": 0.046875,
        "kretschmann_K_correct": 0.01171875,
        "kretschmann_relative_error": 3.0,
        "ricci_scalar_R_correct": 0.0
      },
      "local_observables": {
        "consistency_checks": {
          "kretschmann_pass_within_tolerance": false,
          "note": "K_broken is intentionally wrong; pass should be false except at contrived points.",
          "tolerance_relative": 1e-12
        }
      }
    },
    {
      "causal_structure": {
        "horizon_radius_2M": 2.0,
        "inside_horizon": false
      },
      "coordinates": {
        "r": 6.0
      },
      "curvature_invariants": {
        "kretschmann_K_broken": 0.006172839506172839,
        "kretschmann_K_correct": 0.00102880658436214,
        "kretschmann_relative_error": 4.999999999999999,
        "ricci_scalar_R_correct": 0.0
      },
      "local_observables": {
        "consistency_checks": {
          "kretschmann_pass_within_tolerance": false,
          "note": "K_broken is intentionally wrong; pass should be false except at contrived points.",
          "tolerance_relative": 1e-12
        }
      }
    },
    {
      "causal_structure": {
        "horizon_radius_2M": 2.0,
        "inside_horizon": false
      },
      "coordinates": {
        "r": 10.0
      },
      "curvature_invariants": {
        "kretschmann_K_broken": 0.00048,
        "kretschmann_K_correct": 4.8e-05,
        "kretschmann_relative_error": 9.0,
        "ricci_scalar_R_correct": 0.0
      },
      "local_observables": {
        "consistency_checks": {
          "kretschmann_pass_within_tolerance": false,
          "note": "K_broken is intentionally wrong; pass should be false except at contrived points.",
          "tolerance_relative": 1e-12
        }
      }
    },
    {
      "causal_structure": {
        "horizon_radius_2M": 2.0,
        "inside_horizon": false
      },
      "coordinates": {
        "r": 20.0
      },
      "curvature_invariants": {
        "kretschmann_K_broken": 1.5e-05,
        "kretschmann_K_correct": 7.5e-07,
        "kretschmann_relative_error": 19.0,
        "ricci_scalar_R_correct": 0.0
      },
      "local_observables": {
        "consistency_checks": {
          "kretschmann_pass_within_tolerance": false,
          "note": "K_broken is intentionally wrong; pass should be false except at contrived points.",
          "tolerance_relative": 1e-12
        }
      }
    }
  ],
  "spacetime": "Schwarzschild-like (but with intentional invariant bug)",
  "theory": "Deliberately broken model (sanity test)",
  "toy_id": "049",
  "units": {
    "G": 1,
    "c": 1
  }
}