{
  "notes": {
    "assumptions": [
      "Background is exact Schwarzschild of mass M",
      "Perturbing object treated as compact mass m at radius r (proxy)",
      "Perturbation amplitude estimated as eps \u2248 2m/r",
      "Backreaction importance measured by q=m/M and eps",
      "This is not a full self-force/NR treatment; it is a controlled threshold toy"
    ],
    "key_formulas": {
      "background_K": "K_bg = 48 M^2 / r^6",
      "curvature_ratio_proxy": "~ (m/r^3)/(M/r^3) = m/M = q",
      "mass_ratio": "q = m/M",
      "perturbation_amp": "eps \u2248 2m/r"
    },
    "pressure_point": "Test-particle and linearized approximations fail beyond quantitative thresholds. Backreaction is not optional once eps or q are not small."
  },
  "observables": {
    "summary": {
      "horizon_radius_2M": 2.0,
      "note": "Counts are over the Cartesian product of r_samples \u00d7 m_samples.",
      "regime_counts": {
        "backreaction_needed_self_force_or_perturbative": 12,
        "fully_nonlinear_required": 6,
        "linearized_ok_test_particle_ok": 18
      }
    }
  },
  "parameters": {
    "M": 1.0,
    "eps_lin_max": 0.0001,
    "eps_max": 0.001,
    "m_samples": [
      1e-08,
      1e-06,
      0.0001,
      0.001,
      0.01,
      0.1
    ],
    "q_max": 0.001,
    "r_samples": [
      3.0,
      4.0,
      6.0,
      10.0,
      20.0,
      50.0
    ]
  },
  "sample_points": [
    {
      "causal_structure": {
        "horizon_radius_2M": 2.0,
        "inside_horizon": false
      },
      "coordinates": {
        "m": 1e-08,
        "r": 3.0
      },
      "curvature_invariants": {
        "background_kretschmann_K": 0.06584362139917696,
        "perturbation_curvature_ratio_proxy_m_over_M": 1e-08
      },
      "local_observables": {
        "mass_ratio_q": 1e-08,
        "perturbation_amplitude_eps_approx_2m_over_r": 6.666666666666667e-09,
        "regime_label": "linearized_ok_test_particle_ok",
        "thresholds": {
          "eps_lin_max_linearization": 0.0001,
          "eps_max_test_particle": 0.001,
          "q_max_test_particle": 0.001
        },
        "validity_flags": {
          "linearization_valid": true,
          "test_particle_valid": true
        }
      }
    },
    {
      "causal_structure": {
        "horizon_radius_2M": 2.0,
        "inside_horizon": false
      },
      "coordinates": {
        "m": 1e-06,
        "r": 3.0
      },
      "curvature_invariants": {
        "background_kretschmann_K": 0.06584362139917696,
        "perturbation_curvature_ratio_proxy_m_over_M": 1e-06
      },
      "local_observables": {
        "mass_ratio_q": 1e-06,
        "perturbation_amplitude_eps_approx_2m_over_r": 6.666666666666666e-07,
        "regime_label": "linearized_ok_test_particle_ok",
        "thresholds": {
          "eps_lin_max_linearization": 0.0001,
          "eps_max_test_particle": 0.001,
          "q_max_test_particle": 0.001
        },
        "validity_flags": {
          "linearization_valid": true,
          "test_particle_valid": true
        }
      }
    },
    {
      "causal_structure": {
        "horizon_radius_2M": 2.0,
        "inside_horizon": false
      },
      "coordinates": {
        "m": 0.0001,
        "r": 3.0
      },
      "curvature_invariants": {
        "background_kretschmann_K": 0.06584362139917696,
        "perturbation_curvature_ratio_proxy_m_over_M": 0.0001
      },
      "local_observables": {
        "mass_ratio_q": 0.0001,
        "perturbation_amplitude_eps_approx_2m_over_r": 6.666666666666667e-05,
        "regime_label": "linearized_ok_test_particle_ok",
        "thresholds": {
          "eps_lin_max_linearization": 0.0001,
          "eps_max_test_particle": 0.001,
          "q_max_test_particle": 0.001
        },
        "validity_flags": {
          "linearization_valid": true,
          "test_particle_valid": true
        }
      }
    },
    {
      "causal_structure": {
        "horizon_radius_2M": 2.0,
        "inside_horizon": false
      },
      "coordinates": {
        "m": 0.001,
        "r": 3.0
      },
      "curvature_invariants": {
        "background_kretschmann_K": 0.06584362139917696,
        "perturbation_curvature_ratio_proxy_m_over_M": 0.001
      },
      "local_observables": {
        "mass_ratio_q": 0.001,
        "perturbation_amplitude_eps_approx_2m_over_r": 0.0006666666666666666,
        "regime_label": "backreaction_needed_self_force_or_perturbative",
        "thresholds": {
          "eps_lin_max_linearization": 0.0001,
          "eps_max_test_particle": 0.001,
          "q_max_test_particle": 0.001
        },
        "validity_flags": {
          "linearization_valid": false,
          "test_particle_valid": false
        }
      }
    },
    {
      "causal_structure": {
        "horizon_radius_2M": 2.0,
        "inside_horizon": false
      },
      "coordinates": {
        "m": 0.01,
        "r": 3.0
      },
      "curvature_invariants": {
        "background_kretschmann_K": 0.06584362139917696,
        "perturbation_curvature_ratio_proxy_m_over_M": 0.01
      },
      "local_observables": {
        "mass_ratio_q": 0.01,
        "perturbation_amplitude_eps_approx_2m_over_r": 0.006666666666666667,
        "regime_label": "backreaction_needed_self_force_or_perturbative",
        "thresholds": {
          "eps_lin_max_linearization": 0.0001,
          "eps_max_test_particle": 0.001,
          "q_max_test_particle": 0.001
        },
        "validity_flags": {
          "linearization_valid": false,
          "test_particle_valid": false
        }
      }
    },
    {
      "causal_structure": {
        "horizon_radius_2M": 2.0,
        "inside_horizon": false
      },
      "coordinates": {
        "m": 0.1,
        "r": 3.0
      },
      "curvature_invariants": {
        "background_kretschmann_K": 0.06584362139917696,
        "perturbation_curvature_ratio_proxy_m_over_M": 0.1
      },
      "local_observables": {
        "mass_ratio_q": 0.1,
        "perturbation_amplitude_eps_approx_2m_over_r": 0.06666666666666667,
        "regime_label": "fully_nonlinear_required",
        "thresholds": {
          "eps_lin_max_linearization": 0.0001,
          "eps_max_test_particle": 0.001,
          "q_max_test_particle": 0.001
        },
        "validity_flags": {
          "linearization_valid": false,
          "test_particle_valid": false
        }
      }
    },
    {
      "causal_structure": {
        "horizon_radius_2M": 2.0,
        "inside_horizon": false
      },
      "coordinates": {
        "m": 1e-08,
        "r": 4.0
      },
      "curvature_invariants": {
        "background_kretschmann_K": 0.01171875,
        "perturbation_curvature_ratio_proxy_m_over_M": 1e-08
      },
      "local_observables": {
        "mass_ratio_q": 1e-08,
        "perturbation_amplitude_eps_approx_2m_over_r": 5e-09,
        "regime_label": "linearized_ok_test_particle_ok",
        "thresholds": {
          "eps_lin_max_linearization": 0.0001,
          "eps_max_test_particle": 0.001,
          "q_max_test_particle": 0.001
        },
        "validity_flags": {
          "linearization_valid": true,
          "test_particle_valid": true
        }
      }
    },
    {
      "causal_structure": {
        "horizon_radius_2M": 2.0,
        "inside_horizon": false
      },
      "coordinates": {
        "m": 1e-06,
        "r": 4.0
      },
      "curvature_invariants": {
        "background_kretschmann_K": 0.01171875,
        "perturbation_curvature_ratio_proxy_m_over_M": 1e-06
      },
      "local_observables": {
        "mass_ratio_q": 1e-06,
        "perturbation_amplitude_eps_approx_2m_over_r": 5e-07,
        "regime_label": "linearized_ok_test_particle_ok",
        "thresholds": {
          "eps_lin_max_linearization": 0.0001,
          "eps_max_test_particle": 0.001,
          "q_max_test_particle": 0.001
        },
        "validity_flags": {
          "linearization_valid": true,
          "test_particle_valid": true
        }
      }
    },
    {
      "causal_structure": {
        "horizon_radius_2M": 2.0,
        "inside_horizon": false
      },
      "coordinates": {
        "m": 0.0001,
        "r": 4.0
      },
      "curvature_invariants": {
        "background_kretschmann_K": 0.01171875,
        "perturbation_curvature_ratio_proxy_m_over_M": 0.0001
      },
      "local_observables": {
        "mass_ratio_q": 0.0001,
        "perturbation_amplitude_eps_approx_2m_over_r": 5e-05,
        "regime_label": "linearized_ok_test_particle_ok",
        "thresholds": {
          "eps_lin_max_linearization": 0.0001,
          "eps_max_test_particle": 0.001,
          "q_max_test_particle": 0.001
        },
        "validity_flags": {
          "linearization_valid": true,
          "test_particle_valid": true
        }
      }
    },
    {
      "causal_structure": {
        "horizon_radius_2M": 2.0,
        "inside_horizon": false
      },
      "coordinates": {
        "m": 0.001,
        "r": 4.0
      },
      "curvature_invariants": {
        "background_kretschmann_K": 0.01171875,
        "perturbation_curvature_ratio_proxy_m_over_M": 0.001
      },
      "local_observables": {
        "mass_ratio_q": 0.001,
        "perturbation_amplitude_eps_approx_2m_over_r": 0.0005,
        "regime_label": "backreaction_needed_self_force_or_perturbative",
        "thresholds": {
          "eps_lin_max_linearization": 0.0001,
          "eps_max_test_particle": 0.001,
          "q_max_test_particle": 0.001
        },
        "validity_flags": {
          "linearization_valid": false,
          "test_particle_valid": false
        }
      }
    },
    {
      "causal_structure": {
        "horizon_radius_2M": 2.0,
        "inside_horizon": false
      },
      "coordinates": {
        "m": 0.01,
        "r": 4.0
      },
      "curvature_invariants": {
        "background_kretschmann_K": 0.01171875,
        "perturbation_curvature_ratio_proxy_m_over_M": 0.01
      },
      "local_observables": {
        "mass_ratio_q": 0.01,
        "perturbation_amplitude_eps_approx_2m_over_r": 0.005,
        "regime_label": "backreaction_needed_self_force_or_perturbative",
        "thresholds": {
          "eps_lin_max_linearization": 0.0001,
          "eps_max_test_particle": 0.001,
          "q_max_test_particle": 0.001
        },
        "validity_flags": {
          "linearization_valid": false,
          "test_particle_valid": false
        }
      }
    },
    {
      "causal_structure": {
        "horizon_radius_2M": 2.0,
        "inside_horizon": false
      },
      "coordinates": {
        "m": 0.1,
        "r": 4.0
      },
      "curvature_invariants": {
        "background_kretschmann_K": 0.01171875,
        "perturbation_curvature_ratio_proxy_m_over_M": 0.1
      },
      "local_observables": {
        "mass_ratio_q": 0.1,
        "perturbation_amplitude_eps_approx_2m_over_r": 0.05,
        "regime_label": "fully_nonlinear_required",
        "thresholds": {
          "eps_lin_max_linearization": 0.0001,
          "eps_max_test_particle": 0.001,
          "q_max_test_particle": 0.001
        },
        "validity_flags": {
          "linearization_valid": false,
          "test_particle_valid": false
        }
      }
    },
    {
      "causal_structure": {
        "horizon_radius_2M": 2.0,
        "inside_horizon": false
      },
      "coordinates": {
        "m": 1e-08,
        "r": 6.0
      },
      "curvature_invariants": {
        "background_kretschmann_K": 0.00102880658436214,
        "perturbation_curvature_ratio_proxy_m_over_M": 1e-08
      },
      "local_observables": {
        "mass_ratio_q": 1e-08,
        "perturbation_amplitude_eps_approx_2m_over_r": 3.3333333333333334e-09,
        "regime_label": "linearized_ok_test_particle_ok",
        "thresholds": {
          "eps_lin_max_linearization": 0.0001,
          "eps_max_test_particle": 0.001,
          "q_max_test_particle": 0.001
        },
        "validity_flags": {
          "linearization_valid": true,
          "test_particle_valid": true
        }
      }
    },
    {
      "causal_structure": {
        "horizon_radius_2M": 2.0,
        "inside_horizon": false
      },
      "coordinates": {
        "m": 1e-06,
        "r": 6.0
      },
      "curvature_invariants": {
        "background_kretschmann_K": 0.00102880658436214,
        "perturbation_curvature_ratio_proxy_m_over_M": 1e-06
      },
      "local_observables": {
        "mass_ratio_q": 1e-06,
        "perturbation_amplitude_eps_approx_2m_over_r": 3.333333333333333e-07,
        "regime_label": "linearized_ok_test_particle_ok",
        "thresholds": {
          "eps_lin_max_linearization": 0.0001,
          "eps_max_test_particle": 0.001,
          "q_max_test_particle": 0.001
        },
        "validity_flags": {
          "linearization_valid": true,
          "test_particle_valid": true
        }
      }
    },
    {
      "causal_structure": {
        "horizon_radius_2M": 2.0,
        "inside_horizon": false
      },
      "coordinates": {
        "m": 0.0001,
        "r": 6.0
      },
      "curvature_invariants": {
        "background_kretschmann_K": 0.00102880658436214,
        "perturbation_curvature_ratio_proxy_m_over_M": 0.0001
      },
      "local_observables": {
        "mass_ratio_q": 0.0001,
        "perturbation_amplitude_eps_approx_2m_over_r": 3.3333333333333335e-05,
        "regime_label": "linearized_ok_test_particle_ok",
        "thresholds": {
          "eps_lin_max_linearization": 0.0001,
          "eps_max_test_particle": 0.001,
          "q_max_test_particle": 0.001
        },
        "validity_flags": {
          "linearization_valid": true,
          "test_particle_valid": true
        }
      }
    },
    {
      "causal_structure": {
        "horizon_radius_2M": 2.0,
        "inside_horizon": false
      },
      "coordinates": {
        "m": 0.001,
        "r": 6.0
      },
      "curvature_invariants": {
        "background_kretschmann_K": 0.00102880658436214,
        "perturbation_curvature_ratio_proxy_m_over_M": 0.001
      },
      "local_observables": {
        "mass_ratio_q": 0.001,
        "perturbation_amplitude_eps_approx_2m_over_r": 0.0003333333333333333,
        "regime_label": "backreaction_needed_self_force_or_perturbative",
        "thresholds": {
          "eps_lin_max_linearization": 0.0001,
          "eps_max_test_particle": 0.001,
          "q_max_test_particle": 0.001
        },
        "validity_flags": {
          "linearization_valid": false,
          "test_particle_valid": false
        }
      }
    },
    {
      "causal_structure": {
        "horizon_radius_2M": 2.0,
        "inside_horizon": false
      },
      "coordinates": {
        "m": 0.01,
        "r": 6.0
      },
      "curvature_invariants": {
        "background_kretschmann_K": 0.00102880658436214,
        "perturbation_curvature_ratio_proxy_m_over_M": 0.01
      },
      "local_observables": {
        "mass_ratio_q": 0.01,
        "perturbation_amplitude_eps_approx_2m_over_r": 0.0033333333333333335,
        "regime_label": "backreaction_needed_self_force_or_perturbative",
        "thresholds": {
          "eps_lin_max_linearization": 0.0001,
          "eps_max_test_particle": 0.001,
          "q_max_test_particle": 0.001
        },
        "validity_flags": {
          "linearization_valid": false,
          "test_particle_valid": false
        }
      }
    },
    {
      "causal_structure": {
        "horizon_radius_2M": 2.0,
        "inside_horizon": false
      },
      "coordinates": {
        "m": 0.1,
        "r": 6.0
      },
      "curvature_invariants": {
        "background_kretschmann_K": 0.00102880658436214,
        "perturbation_curvature_ratio_proxy_m_over_M": 0.1
      },
      "local_observables": {
        "mass_ratio_q": 0.1,
        "perturbation_amplitude_eps_approx_2m_over_r": 0.03333333333333333,
        "regime_label": "fully_nonlinear_required",
        "thresholds": {
          "eps_lin_max_linearization": 0.0001,
          "eps_max_test_particle": 0.001,
          "q_max_test_particle": 0.001
        },
        "validity_flags": {
          "linearization_valid": false,
          "test_particle_valid": false
        }
      }
    },
    {
      "causal_structure": {
        "horizon_radius_2M": 2.0,
        "inside_horizon": false
      },
      "coordinates": {
        "m": 1e-08,
        "r": 10.0
      },
      "curvature_invariants": {
        "background_kretschmann_K": 4.8e-05,
        "perturbation_curvature_ratio_proxy_m_over_M": 1e-08
      },
      "local_observables": {
        "mass_ratio_q": 1e-08,
        "perturbation_amplitude_eps_approx_2m_over_r": 2e-09,
        "regime_label": "linearized_ok_test_particle_ok",
        "thresholds": {
          "eps_lin_max_linearization": 0.0001,
          "eps_max_test_particle": 0.001,
          "q_max_test_particle": 0.001
        },
        "validity_flags": {
          "linearization_valid": true,
          "test_particle_valid": true
        }
      }
    },
    {
      "causal_structure": {
        "horizon_radius_2M": 2.0,
        "inside_horizon": false
      },
      "coordinates": {
        "m": 1e-06,
        "r": 10.0
      },
      "curvature_invariants": {
        "background_kretschmann_K": 4.8e-05,
        "perturbation_curvature_ratio_proxy_m_over_M": 1e-06
      },
      "local_observables": {
        "mass_ratio_q": 1e-06,
        "perturbation_amplitude_eps_approx_2m_over_r": 2e-07,
        "regime_label": "linearized_ok_test_particle_ok",
        "thresholds": {
          "eps_lin_max_linearization": 0.0001,
          "eps_max_test_particle": 0.001,
          "q_max_test_particle": 0.001
        },
        "validity_flags": {
          "linearization_valid": true,
          "test_particle_valid": true
        }
      }
    },
    {
      "causal_structure": {
        "horizon_radius_2M": 2.0,
        "inside_horizon": false
      },
      "coordinates": {
        "m": 0.0001,
        "r": 10.0
      },
      "curvature_invariants": {
        "background_kretschmann_K": 4.8e-05,
        "perturbation_curvature_ratio_proxy_m_over_M": 0.0001
      },
      "local_observables": {
        "mass_ratio_q": 0.0001,
        "perturbation_amplitude_eps_approx_2m_over_r": 2e-05,
        "regime_label": "linearized_ok_test_particle_ok",
        "thresholds": {
          "eps_lin_max_linearization": 0.0001,
          "eps_max_test_particle": 0.001,
          "q_max_test_particle": 0.001
        },
        "validity_flags": {
          "linearization_valid": true,
          "test_particle_valid": true
        }
      }
    },
    {
      "causal_structure": {
        "horizon_radius_2M": 2.0,
        "inside_horizon": false
      },
      "coordinates": {
        "m": 0.001,
        "r": 10.0
      },
      "curvature_invariants": {
        "background_kretschmann_K": 4.8e-05,
        "perturbation_curvature_ratio_proxy_m_over_M": 0.001
      },
      "local_observables": {
        "mass_ratio_q": 0.001,
        "perturbation_amplitude_eps_approx_2m_over_r": 0.0002,
        "regime_label": "backreaction_needed_self_force_or_perturbative",
        "thresholds": {
          "eps_lin_max_linearization": 0.0001,
          "eps_max_test_particle": 0.001,
          "q_max_test_particle": 0.001
        },
        "validity_flags": {
          "linearization_valid": false,
          "test_particle_valid": false
        }
      }
    },
    {
      "causal_structure": {
        "horizon_radius_2M": 2.0,
        "inside_horizon": false
      },
      "coordinates": {
        "m": 0.01,
        "r": 10.0
      },
      "curvature_invariants": {
        "background_kretschmann_K": 4.8e-05,
        "perturbation_curvature_ratio_proxy_m_over_M": 0.01
      },
      "local_observables": {
        "mass_ratio_q": 0.01,
        "perturbation_amplitude_eps_approx_2m_over_r": 0.002,
        "regime_label": "backreaction_needed_self_force_or_perturbative",
        "thresholds": {
          "eps_lin_max_linearization": 0.0001,
          "eps_max_test_particle": 0.001,
          "q_max_test_particle": 0.001
        },
        "validity_flags": {
          "linearization_valid": false,
          "test_particle_valid": false
        }
      }
    },
    {
      "causal_structure": {
        "horizon_radius_2M": 2.0,
        "inside_horizon": false
      },
      "coordinates": {
        "m": 0.1,
        "r": 10.0
      },
      "curvature_invariants": {
        "background_kretschmann_K": 4.8e-05,
        "perturbation_curvature_ratio_proxy_m_over_M": 0.1
      },
      "local_observables": {
        "mass_ratio_q": 0.1,
        "perturbation_amplitude_eps_approx_2m_over_r": 0.02,
        "regime_label": "fully_nonlinear_required",
        "thresholds": {
          "eps_lin_max_linearization": 0.0001,
          "eps_max_test_particle": 0.001,
          "q_max_test_particle": 0.001
        },
        "validity_flags": {
          "linearization_valid": false,
          "test_particle_valid": false
        }
      }
    },
    {
      "causal_structure": {
        "horizon_radius_2M": 2.0,
        "inside_horizon": false
      },
      "coordinates": {
        "m": 1e-08,
        "r": 20.0
      },
      "curvature_invariants": {
        "background_kretschmann_K": 7.5e-07,
        "perturbation_curvature_ratio_proxy_m_over_M": 1e-08
      },
      "local_observables": {
        "mass_ratio_q": 1e-08,
        "perturbation_amplitude_eps_approx_2m_over_r": 1e-09,
        "regime_label": "linearized_ok_test_particle_ok",
        "thresholds": {
          "eps_lin_max_linearization": 0.0001,
          "eps_max_test_particle": 0.001,
          "q_max_test_particle": 0.001
        },
        "validity_flags": {
          "linearization_valid": true,
          "test_particle_valid": true
        }
      }
    },
    {
      "causal_structure": {
        "horizon_radius_2M": 2.0,
        "inside_horizon": false
      },
      "coordinates": {
        "m": 1e-06,
        "r": 20.0
      },
      "curvature_invariants": {
        "background_kretschmann_K": 7.5e-07,
        "perturbation_curvature_ratio_proxy_m_over_M": 1e-06
      },
      "local_observables": {
        "mass_ratio_q": 1e-06,
        "perturbation_amplitude_eps_approx_2m_over_r": 1e-07,
        "regime_label": "linearized_ok_test_particle_ok",
        "thresholds": {
          "eps_lin_max_linearization": 0.0001,
          "eps_max_test_particle": 0.001,
          "q_max_test_particle": 0.001
        },
        "validity_flags": {
          "linearization_valid": true,
          "test_particle_valid": true
        }
      }
    },
    {
      "causal_structure": {
        "horizon_radius_2M": 2.0,
        "inside_horizon": false
      },
      "coordinates": {
        "m": 0.0001,
        "r": 20.0
      },
      "curvature_invariants": {
        "background_kretschmann_K": 7.5e-07,
        "perturbation_curvature_ratio_proxy_m_over_M": 0.0001
      },
      "local_observables": {
        "mass_ratio_q": 0.0001,
        "perturbation_amplitude_eps_approx_2m_over_r": 1e-05,
        "regime_label": "linearized_ok_test_particle_ok",
        "thresholds": {
          "eps_lin_max_linearization": 0.0001,
          "eps_max_test_particle": 0.001,
          "q_max_test_particle": 0.001
        },
        "validity_flags": {
          "linearization_valid": true,
          "test_particle_valid": true
        }
      }
    },
    {
      "causal_structure": {
        "horizon_radius_2M": 2.0,
        "inside_horizon": false
      },
      "coordinates": {
        "m": 0.001,
        "r": 20.0
      },
      "curvature_invariants": {
        "background_kretschmann_K": 7.5e-07,
        "perturbation_curvature_ratio_proxy_m_over_M": 0.001
      },
      "local_observables": {
        "mass_ratio_q": 0.001,
        "perturbation_amplitude_eps_approx_2m_over_r": 0.0001,
        "regime_label": "backreaction_needed_self_force_or_perturbative",
        "thresholds": {
          "eps_lin_max_linearization": 0.0001,
          "eps_max_test_particle": 0.001,
          "q_max_test_particle": 0.001
        },
        "validity_flags": {
          "linearization_valid": false,
          "test_particle_valid": false
        }
      }
    },
    {
      "causal_structure": {
        "horizon_radius_2M": 2.0,
        "inside_horizon": false
      },
      "coordinates": {
        "m": 0.01,
        "r": 20.0
      },
      "curvature_invariants": {
        "background_kretschmann_K": 7.5e-07,
        "perturbation_curvature_ratio_proxy_m_over_M": 0.01
      },
      "local_observables": {
        "mass_ratio_q": 0.01,
        "perturbation_amplitude_eps_approx_2m_over_r": 0.001,
        "regime_label": "backreaction_needed_self_force_or_perturbative",
        "thresholds": {
          "eps_lin_max_linearization": 0.0001,
          "eps_max_test_particle": 0.001,
          "q_max_test_particle": 0.001
        },
        "validity_flags": {
          "linearization_valid": false,
          "test_particle_valid": false
        }
      }
    },
    {
      "causal_structure": {
        "horizon_radius_2M": 2.0,
        "inside_horizon": false
      },
      "coordinates": {
        "m": 0.1,
        "r": 20.0
      },
      "curvature_invariants": {
        "background_kretschmann_K": 7.5e-07,
        "perturbation_curvature_ratio_proxy_m_over_M": 0.1
      },
      "local_observables": {
        "mass_ratio_q": 0.1,
        "perturbation_amplitude_eps_approx_2m_over_r": 0.01,
        "regime_label": "fully_nonlinear_required",
        "thresholds": {
          "eps_lin_max_linearization": 0.0001,
          "eps_max_test_particle": 0.001,
          "q_max_test_particle": 0.001
        },
        "validity_flags": {
          "linearization_valid": false,
          "test_particle_valid": false
        }
      }
    },
    {
      "causal_structure": {
        "horizon_radius_2M": 2.0,
        "inside_horizon": false
      },
      "coordinates": {
        "m": 1e-08,
        "r": 50.0
      },
      "curvature_invariants": {
        "background_kretschmann_K": 3.072e-09,
        "perturbation_curvature_ratio_proxy_m_over_M": 1e-08
      },
      "local_observables": {
        "mass_ratio_q": 1e-08,
        "perturbation_amplitude_eps_approx_2m_over_r": 4e-10,
        "regime_label": "linearized_ok_test_particle_ok",
        "thresholds": {
          "eps_lin_max_linearization": 0.0001,
          "eps_max_test_particle": 0.001,
          "q_max_test_particle": 0.001
        },
        "validity_flags": {
          "linearization_valid": true,
          "test_particle_valid": true
        }
      }
    },
    {
      "causal_structure": {
        "horizon_radius_2M": 2.0,
        "inside_horizon": false
      },
      "coordinates": {
        "m": 1e-06,
        "r": 50.0
      },
      "curvature_invariants": {
        "background_kretschmann_K": 3.072e-09,
        "perturbation_curvature_ratio_proxy_m_over_M": 1e-06
      },
      "local_observables": {
        "mass_ratio_q": 1e-06,
        "perturbation_amplitude_eps_approx_2m_over_r": 4e-08,
        "regime_label": "linearized_ok_test_particle_ok",
        "thresholds": {
          "eps_lin_max_linearization": 0.0001,
          "eps_max_test_particle": 0.001,
          "q_max_test_particle": 0.001
        },
        "validity_flags": {
          "linearization_valid": true,
          "test_particle_valid": true
        }
      }
    },
    {
      "causal_structure": {
        "horizon_radius_2M": 2.0,
        "inside_horizon": false
      },
      "coordinates": {
        "m": 0.0001,
        "r": 50.0
      },
      "curvature_invariants": {
        "background_kretschmann_K": 3.072e-09,
        "perturbation_curvature_ratio_proxy_m_over_M": 0.0001
      },
      "local_observables": {
        "mass_ratio_q": 0.0001,
        "perturbation_amplitude_eps_approx_2m_over_r": 4e-06,
        "regime_label": "linearized_ok_test_particle_ok",
        "thresholds": {
          "eps_lin_max_linearization": 0.0001,
          "eps_max_test_particle": 0.001,
          "q_max_test_particle": 0.001
        },
        "validity_flags": {
          "linearization_valid": true,
          "test_particle_valid": true
        }
      }
    },
    {
      "causal_structure": {
        "horizon_radius_2M": 2.0,
        "inside_horizon": false
      },
      "coordinates": {
        "m": 0.001,
        "r": 50.0
      },
      "curvature_invariants": {
        "background_kretschmann_K": 3.072e-09,
        "perturbation_curvature_ratio_proxy_m_over_M": 0.001
      },
      "local_observables": {
        "mass_ratio_q": 0.001,
        "perturbation_amplitude_eps_approx_2m_over_r": 4e-05,
        "regime_label": "backreaction_needed_self_force_or_perturbative",
        "thresholds": {
          "eps_lin_max_linearization": 0.0001,
          "eps_max_test_particle": 0.001,
          "q_max_test_particle": 0.001
        },
        "validity_flags": {
          "linearization_valid": true,
          "test_particle_valid": false
        }
      }
    },
    {
      "causal_structure": {
        "horizon_radius_2M": 2.0,
        "inside_horizon": false
      },
      "coordinates": {
        "m": 0.01,
        "r": 50.0
      },
      "curvature_invariants": {
        "background_kretschmann_K": 3.072e-09,
        "perturbation_curvature_ratio_proxy_m_over_M": 0.01
      },
      "local_observables": {
        "mass_ratio_q": 0.01,
        "perturbation_amplitude_eps_approx_2m_over_r": 0.0004,
        "regime_label": "backreaction_needed_self_force_or_perturbative",
        "thresholds": {
          "eps_lin_max_linearization": 0.0001,
          "eps_max_test_particle": 0.001,
          "q_max_test_particle": 0.001
        },
        "validity_flags": {
          "linearization_valid": false,
          "test_particle_valid": false
        }
      }
    },
    {
      "causal_structure": {
        "horizon_radius_2M": 2.0,
        "inside_horizon": false
      },
      "coordinates": {
        "m": 0.1,
        "r": 50.0
      },
      "curvature_invariants": {
        "background_kretschmann_K": 3.072e-09,
        "perturbation_curvature_ratio_proxy_m_over_M": 0.1
      },
      "local_observables": {
        "mass_ratio_q": 0.1,
        "perturbation_amplitude_eps_approx_2m_over_r": 0.004,
        "regime_label": "fully_nonlinear_required",
        "thresholds": {
          "eps_lin_max_linearization": 0.0001,
          "eps_max_test_particle": 0.001,
          "q_max_test_particle": 0.001
        },
        "validity_flags": {
          "linearization_valid": false,
          "test_particle_valid": false
        }
      }
    }
  ],
  "spacetime": "Schwarzschild background + compact perturbation proxy",
  "theory": "General Relativity (approximate backreaction proxy)",
  "toy_id": "048",
  "units": {
    "G": 1,
    "c": 1
  }
}