{
  "notes": {
    "assumptions": [
      "Prescribed FLRW background (no backreaction from dissipation)",
      "Homogeneous imperfect fluid",
      "Shear effects represented by a proxy \u03c3^2 ~ beta H^2",
      "First-order (Navier\u2013Stokes\u2013like) relativistic hydrodynamics"
    ],
    "key_equations": {
      "Hubble": "H = p/t",
      "entropy_production": "T \u2207_a s^a \u2248 2 \u03b7 \u03c3^2_proxy"
    },
    "pressure_point": "Once dissipation is admitted, GR evolution is not time-reversible. Transport coefficients (\u03b7, \u03b6, etc.) are external inputs not fixed by GR."
  },
  "observables": {
    "summary": {
      "entropy_monotonic": true,
      "note": "Entropy increases monotonically whenever eta and beta are nonzero.",
      "total_entropy_produced": 4.600639199357148e-06
    }
  },
  "parameters": {
    "scale_factor_exponent_p": 0.6666666666666666,
    "shear_proxy_beta": 0.01,
    "shear_viscosity_eta": 0.001,
    "t0": 1.0,
    "t_samples": [
      1.0,
      2.0,
      3.0,
      5.0,
      8.0,
      13.0
    ]
  },
  "sample_points": [
    {
      "causal_structure": {
        "cosmological_horizon_scale_1_over_H": 1.5,
        "note": "Irreversible entropy production despite deterministic background expansion."
      },
      "coordinates": {
        "t": 1.0,
        "x": null,
        "y": null,
        "z": null
      },
      "curvature_invariants": {
        "kretschmann_scalar_K": null,
        "ricci_scalar_R": 1.3333333333333333
      },
      "local_observables": {
        "cumulative_entropy_density": 0.0,
        "entropy_production_rate_density": 8.888888888888888e-06,
        "expansion_scalar_theta": 2.0,
        "hubble_parameter_H": 0.6666666666666666,
        "scale_factor_a": 1.0,
        "shear_squared_proxy": 0.0044444444444444444
      }
    },
    {
      "causal_structure": {
        "cosmological_horizon_scale_1_over_H": 3.0,
        "note": "Irreversible entropy production despite deterministic background expansion."
      },
      "coordinates": {
        "t": 2.0,
        "x": null,
        "y": null,
        "z": null
      },
      "curvature_invariants": {
        "kretschmann_scalar_K": null,
        "ricci_scalar_R": 0.3333333333333333
      },
      "local_observables": {
        "cumulative_entropy_density": 2.222222222222222e-06,
        "entropy_production_rate_density": 2.222222222222222e-06,
        "expansion_scalar_theta": 1.0,
        "hubble_parameter_H": 0.3333333333333333,
        "scale_factor_a": 1.5874010519681994,
        "shear_squared_proxy": 0.0011111111111111111
      }
    },
    {
      "causal_structure": {
        "cosmological_horizon_scale_1_over_H": 4.5,
        "note": "Irreversible entropy production despite deterministic background expansion."
      },
      "coordinates": {
        "t": 3.0,
        "x": null,
        "y": null,
        "z": null
      },
      "curvature_invariants": {
        "kretschmann_scalar_K": null,
        "ricci_scalar_R": 0.14814814814814814
      },
      "local_observables": {
        "cumulative_entropy_density": 3.2098765432098767e-06,
        "entropy_production_rate_density": 9.876543209876544e-07,
        "expansion_scalar_theta": 0.6666666666666666,
        "hubble_parameter_H": 0.2222222222222222,
        "scale_factor_a": 2.080083823051904,
        "shear_squared_proxy": 0.0004938271604938272
      }
    },
    {
      "causal_structure": {
        "cosmological_horizon_scale_1_over_H": 7.5,
        "note": "Irreversible entropy production despite deterministic background expansion."
      },
      "coordinates": {
        "t": 5.0,
        "x": null,
        "y": null,
        "z": null
      },
      "curvature_invariants": {
        "kretschmann_scalar_K": null,
        "ricci_scalar_R": 0.053333333333333344
      },
      "local_observables": {
        "cumulative_entropy_density": 3.920987654320988e-06,
        "entropy_production_rate_density": 3.555555555555556e-07,
        "expansion_scalar_theta": 0.4,
        "hubble_parameter_H": 0.13333333333333333,
        "scale_factor_a": 2.924017738212866,
        "shear_squared_proxy": 0.00017777777777777779
      }
    },
    {
      "causal_structure": {
        "cosmological_horizon_scale_1_over_H": 12.0,
        "note": "Irreversible entropy production despite deterministic background expansion."
      },
      "coordinates": {
        "t": 8.0,
        "x": null,
        "y": null,
        "z": null
      },
      "curvature_invariants": {
        "kretschmann_scalar_K": null,
        "ricci_scalar_R": 0.020833333333333332
      },
      "local_observables": {
        "cumulative_entropy_density": 4.337654320987654e-06,
        "entropy_production_rate_density": 1.3888888888888888e-07,
        "expansion_scalar_theta": 0.25,
        "hubble_parameter_H": 0.08333333333333333,
        "scale_factor_a": 3.9999999999999996,
        "shear_squared_proxy": 6.944444444444444e-05
      }
    },
    {
      "causal_structure": {
        "cosmological_horizon_scale_1_over_H": 19.5,
        "note": "Irreversible entropy production despite deterministic background expansion."
      },
      "coordinates": {
        "t": 13.0,
        "x": null,
        "y": null,
        "z": null
      },
      "curvature_invariants": {
        "kretschmann_scalar_K": null,
        "ricci_scalar_R": 0.007889546351084808
      },
      "local_observables": {
        "cumulative_entropy_density": 4.600639199357148e-06,
        "entropy_production_rate_density": 5.2596975673898744e-08,
        "expansion_scalar_theta": 0.15384615384615385,
        "hubble_parameter_H": 0.05128205128205128,
        "scale_factor_a": 5.528774813678871,
        "shear_squared_proxy": 2.6298487836949373e-05
      }
    }
  ],
  "spacetime": "Flat FLRW background with viscous matter",
  "theory": "General Relativity + imperfect fluid (phenomenological)",
  "toy_id": "054",
  "units": {
    "G": 1,
    "c": 1
  }
}