{
  "notes": {
    "interpretation": "This toy is a minimal principal-symbol analogue of GR formulation health checks. It flags regimes where high-frequency modes grow without bound (p<0) or where the symbol is defective (p=0).",
    "pressure_point": "Failure can occur at the level of hyperbolicity: the IVP may be ill-posed or only weakly hyperbolic depending on formulation/gauge, independent of curvature or coordinates."
  },
  "observables": {
    "summary": {
      "fraction_p_elliptic_ill_posed": 0.3333333333333333,
      "fraction_p_strongly_hyperbolic": 0.5,
      "fraction_p_weakly_hyperbolic_defective": 0.16666666666666666,
      "max_growth_rate_high_k_proxy_over_samples": 100.0,
      "regime_counts_over_p_grid": {
        "elliptic_ill_posed_complex_characteristics": 2,
        "strongly_hyperbolic": 3,
        "weakly_hyperbolic_defective": 1
      },
      "well_posed_ivp_proxy_rule": "True iff p>0"
    }
  },
  "parameters": {
    "A(p)": "[[1,1],[p,1]]",
    "k_values": [
      1.0,
      5.0,
      20.0,
      100.0
    ],
    "p_values": [
      -1.0,
      -0.25,
      0.0,
      0.01,
      0.25,
      1.0
    ],
    "system": "U_t + A(p) U_x = 0"
  },
  "sample_points": [
    {
      "causal_structure": {
        "hyperbolicity_regime": "elliptic_ill_posed_complex_characteristics",
        "interpreted_as": "PDE_characteristics_not_spacetime_lightcones"
      },
      "coordinates": {
        "k_fourier_wavenumber": 1.0,
        "p_formulation_parameter": -1.0
      },
      "curvature_invariants": {
        "kretschmann": null,
        "ricci_scalar": null
      },
      "local_observables": {
        "ivp_health": {
          "growth_rate_high_k_proxy": 1.0,
          "note": "For p<0, complex characteristics imply exponential growth ~ |k|.",
          "well_posed_ivp_proxy": false
        },
        "principal_symbol": {
          "A_matrix": [
            [
              1.0,
              1.0
            ],
            [
              -1.0,
              1.0
            ]
          ],
          "diagonalizable_over_C": true,
          "eigenvalues": [
            {
              "im": 1.0,
              "re": 1.0
            },
            {
              "im": -1.0,
              "re": 1.0
            }
          ],
          "regime": "elliptic_ill_posed_complex_characteristics"
        }
      }
    },
    {
      "causal_structure": {
        "hyperbolicity_regime": "elliptic_ill_posed_complex_characteristics",
        "interpreted_as": "PDE_characteristics_not_spacetime_lightcones"
      },
      "coordinates": {
        "k_fourier_wavenumber": 5.0,
        "p_formulation_parameter": -1.0
      },
      "curvature_invariants": {
        "kretschmann": null,
        "ricci_scalar": null
      },
      "local_observables": {
        "ivp_health": {
          "growth_rate_high_k_proxy": 5.0,
          "note": "For p<0, complex characteristics imply exponential growth ~ |k|.",
          "well_posed_ivp_proxy": false
        },
        "principal_symbol": {
          "A_matrix": [
            [
              1.0,
              1.0
            ],
            [
              -1.0,
              1.0
            ]
          ],
          "diagonalizable_over_C": true,
          "eigenvalues": [
            {
              "im": 1.0,
              "re": 1.0
            },
            {
              "im": -1.0,
              "re": 1.0
            }
          ],
          "regime": "elliptic_ill_posed_complex_characteristics"
        }
      }
    },
    {
      "causal_structure": {
        "hyperbolicity_regime": "elliptic_ill_posed_complex_characteristics",
        "interpreted_as": "PDE_characteristics_not_spacetime_lightcones"
      },
      "coordinates": {
        "k_fourier_wavenumber": 20.0,
        "p_formulation_parameter": -1.0
      },
      "curvature_invariants": {
        "kretschmann": null,
        "ricci_scalar": null
      },
      "local_observables": {
        "ivp_health": {
          "growth_rate_high_k_proxy": 20.0,
          "note": "For p<0, complex characteristics imply exponential growth ~ |k|.",
          "well_posed_ivp_proxy": false
        },
        "principal_symbol": {
          "A_matrix": [
            [
              1.0,
              1.0
            ],
            [
              -1.0,
              1.0
            ]
          ],
          "diagonalizable_over_C": true,
          "eigenvalues": [
            {
              "im": 1.0,
              "re": 1.0
            },
            {
              "im": -1.0,
              "re": 1.0
            }
          ],
          "regime": "elliptic_ill_posed_complex_characteristics"
        }
      }
    },
    {
      "causal_structure": {
        "hyperbolicity_regime": "elliptic_ill_posed_complex_characteristics",
        "interpreted_as": "PDE_characteristics_not_spacetime_lightcones"
      },
      "coordinates": {
        "k_fourier_wavenumber": 100.0,
        "p_formulation_parameter": -1.0
      },
      "curvature_invariants": {
        "kretschmann": null,
        "ricci_scalar": null
      },
      "local_observables": {
        "ivp_health": {
          "growth_rate_high_k_proxy": 100.0,
          "note": "For p<0, complex characteristics imply exponential growth ~ |k|.",
          "well_posed_ivp_proxy": false
        },
        "principal_symbol": {
          "A_matrix": [
            [
              1.0,
              1.0
            ],
            [
              -1.0,
              1.0
            ]
          ],
          "diagonalizable_over_C": true,
          "eigenvalues": [
            {
              "im": 1.0,
              "re": 1.0
            },
            {
              "im": -1.0,
              "re": 1.0
            }
          ],
          "regime": "elliptic_ill_posed_complex_characteristics"
        }
      }
    },
    {
      "causal_structure": {
        "hyperbolicity_regime": "elliptic_ill_posed_complex_characteristics",
        "interpreted_as": "PDE_characteristics_not_spacetime_lightcones"
      },
      "coordinates": {
        "k_fourier_wavenumber": 1.0,
        "p_formulation_parameter": -0.25
      },
      "curvature_invariants": {
        "kretschmann": null,
        "ricci_scalar": null
      },
      "local_observables": {
        "ivp_health": {
          "growth_rate_high_k_proxy": 0.5,
          "note": "For p<0, complex characteristics imply exponential growth ~ |k|.",
          "well_posed_ivp_proxy": false
        },
        "principal_symbol": {
          "A_matrix": [
            [
              1.0,
              1.0
            ],
            [
              -0.25,
              1.0
            ]
          ],
          "diagonalizable_over_C": true,
          "eigenvalues": [
            {
              "im": 0.5,
              "re": 1.0
            },
            {
              "im": -0.5,
              "re": 1.0
            }
          ],
          "regime": "elliptic_ill_posed_complex_characteristics"
        }
      }
    },
    {
      "causal_structure": {
        "hyperbolicity_regime": "elliptic_ill_posed_complex_characteristics",
        "interpreted_as": "PDE_characteristics_not_spacetime_lightcones"
      },
      "coordinates": {
        "k_fourier_wavenumber": 5.0,
        "p_formulation_parameter": -0.25
      },
      "curvature_invariants": {
        "kretschmann": null,
        "ricci_scalar": null
      },
      "local_observables": {
        "ivp_health": {
          "growth_rate_high_k_proxy": 2.5,
          "note": "For p<0, complex characteristics imply exponential growth ~ |k|.",
          "well_posed_ivp_proxy": false
        },
        "principal_symbol": {
          "A_matrix": [
            [
              1.0,
              1.0
            ],
            [
              -0.25,
              1.0
            ]
          ],
          "diagonalizable_over_C": true,
          "eigenvalues": [
            {
              "im": 0.5,
              "re": 1.0
            },
            {
              "im": -0.5,
              "re": 1.0
            }
          ],
          "regime": "elliptic_ill_posed_complex_characteristics"
        }
      }
    },
    {
      "causal_structure": {
        "hyperbolicity_regime": "elliptic_ill_posed_complex_characteristics",
        "interpreted_as": "PDE_characteristics_not_spacetime_lightcones"
      },
      "coordinates": {
        "k_fourier_wavenumber": 20.0,
        "p_formulation_parameter": -0.25
      },
      "curvature_invariants": {
        "kretschmann": null,
        "ricci_scalar": null
      },
      "local_observables": {
        "ivp_health": {
          "growth_rate_high_k_proxy": 10.0,
          "note": "For p<0, complex characteristics imply exponential growth ~ |k|.",
          "well_posed_ivp_proxy": false
        },
        "principal_symbol": {
          "A_matrix": [
            [
              1.0,
              1.0
            ],
            [
              -0.25,
              1.0
            ]
          ],
          "diagonalizable_over_C": true,
          "eigenvalues": [
            {
              "im": 0.5,
              "re": 1.0
            },
            {
              "im": -0.5,
              "re": 1.0
            }
          ],
          "regime": "elliptic_ill_posed_complex_characteristics"
        }
      }
    },
    {
      "causal_structure": {
        "hyperbolicity_regime": "elliptic_ill_posed_complex_characteristics",
        "interpreted_as": "PDE_characteristics_not_spacetime_lightcones"
      },
      "coordinates": {
        "k_fourier_wavenumber": 100.0,
        "p_formulation_parameter": -0.25
      },
      "curvature_invariants": {
        "kretschmann": null,
        "ricci_scalar": null
      },
      "local_observables": {
        "ivp_health": {
          "growth_rate_high_k_proxy": 50.0,
          "note": "For p<0, complex characteristics imply exponential growth ~ |k|.",
          "well_posed_ivp_proxy": false
        },
        "principal_symbol": {
          "A_matrix": [
            [
              1.0,
              1.0
            ],
            [
              -0.25,
              1.0
            ]
          ],
          "diagonalizable_over_C": true,
          "eigenvalues": [
            {
              "im": 0.5,
              "re": 1.0
            },
            {
              "im": -0.5,
              "re": 1.0
            }
          ],
          "regime": "elliptic_ill_posed_complex_characteristics"
        }
      }
    },
    {
      "causal_structure": {
        "hyperbolicity_regime": "weakly_hyperbolic_defective",
        "interpreted_as": "PDE_characteristics_not_spacetime_lightcones"
      },
      "coordinates": {
        "k_fourier_wavenumber": 1.0,
        "p_formulation_parameter": 0.0
      },
      "curvature_invariants": {
        "kretschmann": null,
        "ricci_scalar": null
      },
      "local_observables": {
        "ivp_health": {
          "growth_rate_high_k_proxy": 0.0,
          "note": "For p=0, defective symbol implies weak hyperbolicity (loss of uniform bounds).",
          "well_posed_ivp_proxy": false
        },
        "principal_symbol": {
          "A_matrix": [
            [
              1.0,
              1.0
            ],
            [
              0.0,
              1.0
            ]
          ],
          "diagonalizable_over_C": false,
          "eigenvalues": [
            {
              "im": 0.0,
              "re": 1.0
            },
            {
              "im": -0.0,
              "re": 1.0
            }
          ],
          "regime": "weakly_hyperbolic_defective"
        }
      }
    },
    {
      "causal_structure": {
        "hyperbolicity_regime": "weakly_hyperbolic_defective",
        "interpreted_as": "PDE_characteristics_not_spacetime_lightcones"
      },
      "coordinates": {
        "k_fourier_wavenumber": 5.0,
        "p_formulation_parameter": 0.0
      },
      "curvature_invariants": {
        "kretschmann": null,
        "ricci_scalar": null
      },
      "local_observables": {
        "ivp_health": {
          "growth_rate_high_k_proxy": 0.0,
          "note": "For p=0, defective symbol implies weak hyperbolicity (loss of uniform bounds).",
          "well_posed_ivp_proxy": false
        },
        "principal_symbol": {
          "A_matrix": [
            [
              1.0,
              1.0
            ],
            [
              0.0,
              1.0
            ]
          ],
          "diagonalizable_over_C": false,
          "eigenvalues": [
            {
              "im": 0.0,
              "re": 1.0
            },
            {
              "im": -0.0,
              "re": 1.0
            }
          ],
          "regime": "weakly_hyperbolic_defective"
        }
      }
    },
    {
      "causal_structure": {
        "hyperbolicity_regime": "weakly_hyperbolic_defective",
        "interpreted_as": "PDE_characteristics_not_spacetime_lightcones"
      },
      "coordinates": {
        "k_fourier_wavenumber": 20.0,
        "p_formulation_parameter": 0.0
      },
      "curvature_invariants": {
        "kretschmann": null,
        "ricci_scalar": null
      },
      "local_observables": {
        "ivp_health": {
          "growth_rate_high_k_proxy": 0.0,
          "note": "For p=0, defective symbol implies weak hyperbolicity (loss of uniform bounds).",
          "well_posed_ivp_proxy": false
        },
        "principal_symbol": {
          "A_matrix": [
            [
              1.0,
              1.0
            ],
            [
              0.0,
              1.0
            ]
          ],
          "diagonalizable_over_C": false,
          "eigenvalues": [
            {
              "im": 0.0,
              "re": 1.0
            },
            {
              "im": -0.0,
              "re": 1.0
            }
          ],
          "regime": "weakly_hyperbolic_defective"
        }
      }
    },
    {
      "causal_structure": {
        "hyperbolicity_regime": "weakly_hyperbolic_defective",
        "interpreted_as": "PDE_characteristics_not_spacetime_lightcones"
      },
      "coordinates": {
        "k_fourier_wavenumber": 100.0,
        "p_formulation_parameter": 0.0
      },
      "curvature_invariants": {
        "kretschmann": null,
        "ricci_scalar": null
      },
      "local_observables": {
        "ivp_health": {
          "growth_rate_high_k_proxy": 0.0,
          "note": "For p=0, defective symbol implies weak hyperbolicity (loss of uniform bounds).",
          "well_posed_ivp_proxy": false
        },
        "principal_symbol": {
          "A_matrix": [
            [
              1.0,
              1.0
            ],
            [
              0.0,
              1.0
            ]
          ],
          "diagonalizable_over_C": false,
          "eigenvalues": [
            {
              "im": 0.0,
              "re": 1.0
            },
            {
              "im": -0.0,
              "re": 1.0
            }
          ],
          "regime": "weakly_hyperbolic_defective"
        }
      }
    },
    {
      "causal_structure": {
        "hyperbolicity_regime": "strongly_hyperbolic",
        "interpreted_as": "PDE_characteristics_not_spacetime_lightcones"
      },
      "coordinates": {
        "k_fourier_wavenumber": 1.0,
        "p_formulation_parameter": 0.01
      },
      "curvature_invariants": {
        "kretschmann": null,
        "ricci_scalar": null
      },
      "local_observables": {
        "ivp_health": {
          "growth_rate_high_k_proxy": 0.0,
          "note": "For p>0, distinct real characteristics (strong hyperbolicity proxy).",
          "well_posed_ivp_proxy": true
        },
        "principal_symbol": {
          "A_matrix": [
            [
              1.0,
              1.0
            ],
            [
              0.01,
              1.0
            ]
          ],
          "diagonalizable_over_C": true,
          "eigenvalues": [
            {
              "im": 0.0,
              "re": 1.1
            },
            {
              "im": -0.0,
              "re": 0.9
            }
          ],
          "regime": "strongly_hyperbolic"
        }
      }
    },
    {
      "causal_structure": {
        "hyperbolicity_regime": "strongly_hyperbolic",
        "interpreted_as": "PDE_characteristics_not_spacetime_lightcones"
      },
      "coordinates": {
        "k_fourier_wavenumber": 5.0,
        "p_formulation_parameter": 0.01
      },
      "curvature_invariants": {
        "kretschmann": null,
        "ricci_scalar": null
      },
      "local_observables": {
        "ivp_health": {
          "growth_rate_high_k_proxy": 0.0,
          "note": "For p>0, distinct real characteristics (strong hyperbolicity proxy).",
          "well_posed_ivp_proxy": true
        },
        "principal_symbol": {
          "A_matrix": [
            [
              1.0,
              1.0
            ],
            [
              0.01,
              1.0
            ]
          ],
          "diagonalizable_over_C": true,
          "eigenvalues": [
            {
              "im": 0.0,
              "re": 1.1
            },
            {
              "im": -0.0,
              "re": 0.9
            }
          ],
          "regime": "strongly_hyperbolic"
        }
      }
    },
    {
      "causal_structure": {
        "hyperbolicity_regime": "strongly_hyperbolic",
        "interpreted_as": "PDE_characteristics_not_spacetime_lightcones"
      },
      "coordinates": {
        "k_fourier_wavenumber": 20.0,
        "p_formulation_parameter": 0.01
      },
      "curvature_invariants": {
        "kretschmann": null,
        "ricci_scalar": null
      },
      "local_observables": {
        "ivp_health": {
          "growth_rate_high_k_proxy": 0.0,
          "note": "For p>0, distinct real characteristics (strong hyperbolicity proxy).",
          "well_posed_ivp_proxy": true
        },
        "principal_symbol": {
          "A_matrix": [
            [
              1.0,
              1.0
            ],
            [
              0.01,
              1.0
            ]
          ],
          "diagonalizable_over_C": true,
          "eigenvalues": [
            {
              "im": 0.0,
              "re": 1.1
            },
            {
              "im": -0.0,
              "re": 0.9
            }
          ],
          "regime": "strongly_hyperbolic"
        }
      }
    },
    {
      "causal_structure": {
        "hyperbolicity_regime": "strongly_hyperbolic",
        "interpreted_as": "PDE_characteristics_not_spacetime_lightcones"
      },
      "coordinates": {
        "k_fourier_wavenumber": 100.0,
        "p_formulation_parameter": 0.01
      },
      "curvature_invariants": {
        "kretschmann": null,
        "ricci_scalar": null
      },
      "local_observables": {
        "ivp_health": {
          "growth_rate_high_k_proxy": 0.0,
          "note": "For p>0, distinct real characteristics (strong hyperbolicity proxy).",
          "well_posed_ivp_proxy": true
        },
        "principal_symbol": {
          "A_matrix": [
            [
              1.0,
              1.0
            ],
            [
              0.01,
              1.0
            ]
          ],
          "diagonalizable_over_C": true,
          "eigenvalues": [
            {
              "im": 0.0,
              "re": 1.1
            },
            {
              "im": -0.0,
              "re": 0.9
            }
          ],
          "regime": "strongly_hyperbolic"
        }
      }
    },
    {
      "causal_structure": {
        "hyperbolicity_regime": "strongly_hyperbolic",
        "interpreted_as": "PDE_characteristics_not_spacetime_lightcones"
      },
      "coordinates": {
        "k_fourier_wavenumber": 1.0,
        "p_formulation_parameter": 0.25
      },
      "curvature_invariants": {
        "kretschmann": null,
        "ricci_scalar": null
      },
      "local_observables": {
        "ivp_health": {
          "growth_rate_high_k_proxy": 0.0,
          "note": "For p>0, distinct real characteristics (strong hyperbolicity proxy).",
          "well_posed_ivp_proxy": true
        },
        "principal_symbol": {
          "A_matrix": [
            [
              1.0,
              1.0
            ],
            [
              0.25,
              1.0
            ]
          ],
          "diagonalizable_over_C": true,
          "eigenvalues": [
            {
              "im": 0.0,
              "re": 1.5
            },
            {
              "im": -0.0,
              "re": 0.5
            }
          ],
          "regime": "strongly_hyperbolic"
        }
      }
    },
    {
      "causal_structure": {
        "hyperbolicity_regime": "strongly_hyperbolic",
        "interpreted_as": "PDE_characteristics_not_spacetime_lightcones"
      },
      "coordinates": {
        "k_fourier_wavenumber": 5.0,
        "p_formulation_parameter": 0.25
      },
      "curvature_invariants": {
        "kretschmann": null,
        "ricci_scalar": null
      },
      "local_observables": {
        "ivp_health": {
          "growth_rate_high_k_proxy": 0.0,
          "note": "For p>0, distinct real characteristics (strong hyperbolicity proxy).",
          "well_posed_ivp_proxy": true
        },
        "principal_symbol": {
          "A_matrix": [
            [
              1.0,
              1.0
            ],
            [
              0.25,
              1.0
            ]
          ],
          "diagonalizable_over_C": true,
          "eigenvalues": [
            {
              "im": 0.0,
              "re": 1.5
            },
            {
              "im": -0.0,
              "re": 0.5
            }
          ],
          "regime": "strongly_hyperbolic"
        }
      }
    },
    {
      "causal_structure": {
        "hyperbolicity_regime": "strongly_hyperbolic",
        "interpreted_as": "PDE_characteristics_not_spacetime_lightcones"
      },
      "coordinates": {
        "k_fourier_wavenumber": 20.0,
        "p_formulation_parameter": 0.25
      },
      "curvature_invariants": {
        "kretschmann": null,
        "ricci_scalar": null
      },
      "local_observables": {
        "ivp_health": {
          "growth_rate_high_k_proxy": 0.0,
          "note": "For p>0, distinct real characteristics (strong hyperbolicity proxy).",
          "well_posed_ivp_proxy": true
        },
        "principal_symbol": {
          "A_matrix": [
            [
              1.0,
              1.0
            ],
            [
              0.25,
              1.0
            ]
          ],
          "diagonalizable_over_C": true,
          "eigenvalues": [
            {
              "im": 0.0,
              "re": 1.5
            },
            {
              "im": -0.0,
              "re": 0.5
            }
          ],
          "regime": "strongly_hyperbolic"
        }
      }
    },
    {
      "causal_structure": {
        "hyperbolicity_regime": "strongly_hyperbolic",
        "interpreted_as": "PDE_characteristics_not_spacetime_lightcones"
      },
      "coordinates": {
        "k_fourier_wavenumber": 100.0,
        "p_formulation_parameter": 0.25
      },
      "curvature_invariants": {
        "kretschmann": null,
        "ricci_scalar": null
      },
      "local_observables": {
        "ivp_health": {
          "growth_rate_high_k_proxy": 0.0,
          "note": "For p>0, distinct real characteristics (strong hyperbolicity proxy).",
          "well_posed_ivp_proxy": true
        },
        "principal_symbol": {
          "A_matrix": [
            [
              1.0,
              1.0
            ],
            [
              0.25,
              1.0
            ]
          ],
          "diagonalizable_over_C": true,
          "eigenvalues": [
            {
              "im": 0.0,
              "re": 1.5
            },
            {
              "im": -0.0,
              "re": 0.5
            }
          ],
          "regime": "strongly_hyperbolic"
        }
      }
    },
    {
      "causal_structure": {
        "hyperbolicity_regime": "strongly_hyperbolic",
        "interpreted_as": "PDE_characteristics_not_spacetime_lightcones"
      },
      "coordinates": {
        "k_fourier_wavenumber": 1.0,
        "p_formulation_parameter": 1.0
      },
      "curvature_invariants": {
        "kretschmann": null,
        "ricci_scalar": null
      },
      "local_observables": {
        "ivp_health": {
          "growth_rate_high_k_proxy": 0.0,
          "note": "For p>0, distinct real characteristics (strong hyperbolicity proxy).",
          "well_posed_ivp_proxy": true
        },
        "principal_symbol": {
          "A_matrix": [
            [
              1.0,
              1.0
            ],
            [
              1.0,
              1.0
            ]
          ],
          "diagonalizable_over_C": true,
          "eigenvalues": [
            {
              "im": 0.0,
              "re": 2.0
            },
            {
              "im": -0.0,
              "re": 0.0
            }
          ],
          "regime": "strongly_hyperbolic"
        }
      }
    },
    {
      "causal_structure": {
        "hyperbolicity_regime": "strongly_hyperbolic",
        "interpreted_as": "PDE_characteristics_not_spacetime_lightcones"
      },
      "coordinates": {
        "k_fourier_wavenumber": 5.0,
        "p_formulation_parameter": 1.0
      },
      "curvature_invariants": {
        "kretschmann": null,
        "ricci_scalar": null
      },
      "local_observables": {
        "ivp_health": {
          "growth_rate_high_k_proxy": 0.0,
          "note": "For p>0, distinct real characteristics (strong hyperbolicity proxy).",
          "well_posed_ivp_proxy": true
        },
        "principal_symbol": {
          "A_matrix": [
            [
              1.0,
              1.0
            ],
            [
              1.0,
              1.0
            ]
          ],
          "diagonalizable_over_C": true,
          "eigenvalues": [
            {
              "im": 0.0,
              "re": 2.0
            },
            {
              "im": -0.0,
              "re": 0.0
            }
          ],
          "regime": "strongly_hyperbolic"
        }
      }
    },
    {
      "causal_structure": {
        "hyperbolicity_regime": "strongly_hyperbolic",
        "interpreted_as": "PDE_characteristics_not_spacetime_lightcones"
      },
      "coordinates": {
        "k_fourier_wavenumber": 20.0,
        "p_formulation_parameter": 1.0
      },
      "curvature_invariants": {
        "kretschmann": null,
        "ricci_scalar": null
      },
      "local_observables": {
        "ivp_health": {
          "growth_rate_high_k_proxy": 0.0,
          "note": "For p>0, distinct real characteristics (strong hyperbolicity proxy).",
          "well_posed_ivp_proxy": true
        },
        "principal_symbol": {
          "A_matrix": [
            [
              1.0,
              1.0
            ],
            [
              1.0,
              1.0
            ]
          ],
          "diagonalizable_over_C": true,
          "eigenvalues": [
            {
              "im": 0.0,
              "re": 2.0
            },
            {
              "im": -0.0,
              "re": 0.0
            }
          ],
          "regime": "strongly_hyperbolic"
        }
      }
    },
    {
      "causal_structure": {
        "hyperbolicity_regime": "strongly_hyperbolic",
        "interpreted_as": "PDE_characteristics_not_spacetime_lightcones"
      },
      "coordinates": {
        "k_fourier_wavenumber": 100.0,
        "p_formulation_parameter": 1.0
      },
      "curvature_invariants": {
        "kretschmann": null,
        "ricci_scalar": null
      },
      "local_observables": {
        "ivp_health": {
          "growth_rate_high_k_proxy": 0.0,
          "note": "For p>0, distinct real characteristics (strong hyperbolicity proxy).",
          "well_posed_ivp_proxy": true
        },
        "principal_symbol": {
          "A_matrix": [
            [
              1.0,
              1.0
            ],
            [
              1.0,
              1.0
            ]
          ],
          "diagonalizable_over_C": true,
          "eigenvalues": [
            {
              "im": 0.0,
              "re": 2.0
            },
            {
              "im": -0.0,
              "re": 0.0
            }
          ],
          "regime": "strongly_hyperbolic"
        }
      }
    }
  ],
  "spacetime": "N/A (principal symbol / hyperbolicity test)",
  "theory": "PDE well-posedness diagnostic (GR formulation/gauge proxy)",
  "toy_id": "090",
  "units": {
    "G": null,
    "c": null
  }
}