{
  "notes": {
    "assumptions": [
      "Vacuum Schwarzschild geometry (outside r=0 idealization)",
      "Using ingoing PG coordinates (river model)",
      "Geometric units G=c=1"
    ],
    "compare_with": [
      "Toy 001: Schwarzschild t chart (coordinate blow-up at horizon)",
      "Toy 007: EF chart (also regular at horizon, different null parametrization)"
    ],
    "key_formulas": {
      "kretschmann": "K = 48 M^2 / r^6",
      "metric_tr": "ds^2 = -(1-2M/r) dt^2 + 2 sqrt(2M/r) dt dr + dr^2 + r^2 d\u03a9^2",
      "null_slopes": "dr/dt = v \u00b1 1",
      "river_speed": "v(r) = -sqrt(2M/r)"
    },
    "pressure_point": "PG shows the horizon is not a curvature singularity (K finite at r=2M) and illustrates horizon crossing cleanly via dr/dt = v \u00b1 1. The horizon is where the inward flow reaches light speed (|v|=1)."
  },
  "observables": {
    "summary": {
      "horizon_radius_2M": 2.0,
      "kretschmann_at_horizon": 0.75,
      "note": "At r=2M: v=-1, outgoing dr/dt=0; K finite.",
      "outgoing_dr_dt_at_horizon": 0.0,
      "river_speed_at_horizon": -1.0
    }
  },
  "parameters": {
    "M": 1.0
  },
  "sample_points": [
    {
      "causal_structure": {
        "coordinate_pathology_flag": {
          "note": "Unlike Schwarzschild t, PG chart does not blow up at r=2M.",
          "pg_regular_at_horizon": true
        },
        "horizon_radius": 2.0,
        "horizon_test": {
          "criterion": "outgoing_dr_dt == 0",
          "outgoing_freezes": false
        },
        "radial_null_cone_dr_dt": {
          "pg": {
            "formula": "dr/dt = v \u00b1 1, v=-sqrt(2M/r)",
            "ingoing_dr_dt": -3.0,
            "outgoing_dr_dt": -1.0
          }
        },
        "region": "interior (r<2M)"
      },
      "coordinates": {
        "phi": null,
        "r": 0.5,
        "t": null,
        "theta": null
      },
      "curvature_invariants": {
        "kretschmann": 3072.0,
        "ricci_scalar": 0.0
      },
      "local_observables": {
        "f": -3.0,
        "horizon_radius_2M": 2.0,
        "pg_metric_tr_sector": {
          "g_rr": 1.0,
          "g_tr": 2.0,
          "g_tt": 3.0
        },
        "river_model": {
          "interpretation": "Space flows inward at speed |v|; horizon where |v|=1.",
          "river_speed_v": -2.0
        },
        "spatial_slice_flatness_note": "At dt=0, spatial line element is dr^2 + r^2 d\u03a9^2 (flat in r)."
      }
    },
    {
      "causal_structure": {
        "coordinate_pathology_flag": {
          "note": "Unlike Schwarzschild t, PG chart does not blow up at r=2M.",
          "pg_regular_at_horizon": true
        },
        "horizon_radius": 2.0,
        "horizon_test": {
          "criterion": "outgoing_dr_dt == 0",
          "outgoing_freezes": false
        },
        "radial_null_cone_dr_dt": {
          "pg": {
            "formula": "dr/dt = v \u00b1 1, v=-sqrt(2M/r)",
            "ingoing_dr_dt": -2.414213562373095,
            "outgoing_dr_dt": -0.41421356237309515
          }
        },
        "region": "interior (r<2M)"
      },
      "coordinates": {
        "phi": null,
        "r": 1.0,
        "t": null,
        "theta": null
      },
      "curvature_invariants": {
        "kretschmann": 48.0,
        "ricci_scalar": 0.0
      },
      "local_observables": {
        "f": -1.0,
        "horizon_radius_2M": 2.0,
        "pg_metric_tr_sector": {
          "g_rr": 1.0,
          "g_tr": 1.4142135623730951,
          "g_tt": 1.0
        },
        "river_model": {
          "interpretation": "Space flows inward at speed |v|; horizon where |v|=1.",
          "river_speed_v": -1.4142135623730951
        },
        "spatial_slice_flatness_note": "At dt=0, spatial line element is dr^2 + r^2 d\u03a9^2 (flat in r)."
      }
    },
    {
      "causal_structure": {
        "coordinate_pathology_flag": {
          "note": "Unlike Schwarzschild t, PG chart does not blow up at r=2M.",
          "pg_regular_at_horizon": true
        },
        "horizon_radius": 2.0,
        "horizon_test": {
          "criterion": "outgoing_dr_dt == 0",
          "outgoing_freezes": false
        },
        "radial_null_cone_dr_dt": {
          "pg": {
            "formula": "dr/dt = v \u00b1 1, v=-sqrt(2M/r)",
            "ingoing_dr_dt": -2.1547005383792515,
            "outgoing_dr_dt": -0.15470053837925146
          }
        },
        "region": "interior (r<2M)"
      },
      "coordinates": {
        "phi": null,
        "r": 1.5,
        "t": null,
        "theta": null
      },
      "curvature_invariants": {
        "kretschmann": 4.2139917695473255,
        "ricci_scalar": 0.0
      },
      "local_observables": {
        "f": -0.33333333333333326,
        "horizon_radius_2M": 2.0,
        "pg_metric_tr_sector": {
          "g_rr": 1.0,
          "g_tr": 1.1547005383792515,
          "g_tt": 0.33333333333333326
        },
        "river_model": {
          "interpretation": "Space flows inward at speed |v|; horizon where |v|=1.",
          "river_speed_v": -1.1547005383792515
        },
        "spatial_slice_flatness_note": "At dt=0, spatial line element is dr^2 + r^2 d\u03a9^2 (flat in r)."
      }
    },
    {
      "causal_structure": {
        "coordinate_pathology_flag": {
          "note": "Unlike Schwarzschild t, PG chart does not blow up at r=2M.",
          "pg_regular_at_horizon": true
        },
        "horizon_radius": 2.0,
        "horizon_test": {
          "criterion": "outgoing_dr_dt == 0",
          "outgoing_freezes": true
        },
        "radial_null_cone_dr_dt": {
          "pg": {
            "formula": "dr/dt = v \u00b1 1, v=-sqrt(2M/r)",
            "ingoing_dr_dt": -2.0,
            "outgoing_dr_dt": 0.0
          }
        },
        "region": "horizon (r=2M)"
      },
      "coordinates": {
        "phi": null,
        "r": 2.0,
        "t": null,
        "theta": null
      },
      "curvature_invariants": {
        "kretschmann": 0.75,
        "ricci_scalar": 0.0
      },
      "local_observables": {
        "f": 0.0,
        "horizon_radius_2M": 2.0,
        "pg_metric_tr_sector": {
          "g_rr": 1.0,
          "g_tr": 1.0,
          "g_tt": -0.0
        },
        "river_model": {
          "interpretation": "Space flows inward at speed |v|; horizon where |v|=1.",
          "river_speed_v": -1.0
        },
        "spatial_slice_flatness_note": "At dt=0, spatial line element is dr^2 + r^2 d\u03a9^2 (flat in r)."
      }
    },
    {
      "causal_structure": {
        "coordinate_pathology_flag": {
          "note": "Unlike Schwarzschild t, PG chart does not blow up at r=2M.",
          "pg_regular_at_horizon": true
        },
        "horizon_radius": 2.0,
        "horizon_test": {
          "criterion": "outgoing_dr_dt == 0",
          "outgoing_freezes": false
        },
        "radial_null_cone_dr_dt": {
          "pg": {
            "formula": "dr/dt = v \u00b1 1, v=-sqrt(2M/r)",
            "ingoing_dr_dt": -1.8944271909999157,
            "outgoing_dr_dt": 0.10557280900008414
          }
        },
        "region": "exterior (r>2M)"
      },
      "coordinates": {
        "phi": null,
        "r": 2.5,
        "t": null,
        "theta": null
      },
      "curvature_invariants": {
        "kretschmann": 0.196608,
        "ricci_scalar": 0.0
      },
      "local_observables": {
        "f": 0.19999999999999996,
        "horizon_radius_2M": 2.0,
        "pg_metric_tr_sector": {
          "g_rr": 1.0,
          "g_tr": 0.8944271909999159,
          "g_tt": -0.19999999999999996
        },
        "river_model": {
          "interpretation": "Space flows inward at speed |v|; horizon where |v|=1.",
          "river_speed_v": -0.8944271909999159
        },
        "spatial_slice_flatness_note": "At dt=0, spatial line element is dr^2 + r^2 d\u03a9^2 (flat in r)."
      }
    },
    {
      "causal_structure": {
        "coordinate_pathology_flag": {
          "note": "Unlike Schwarzschild t, PG chart does not blow up at r=2M.",
          "pg_regular_at_horizon": true
        },
        "horizon_radius": 2.0,
        "horizon_test": {
          "criterion": "outgoing_dr_dt == 0",
          "outgoing_freezes": false
        },
        "radial_null_cone_dr_dt": {
          "pg": {
            "formula": "dr/dt = v \u00b1 1, v=-sqrt(2M/r)",
            "ingoing_dr_dt": -1.816496580927726,
            "outgoing_dr_dt": 0.18350341907227397
          }
        },
        "region": "exterior (r>2M)"
      },
      "coordinates": {
        "phi": null,
        "r": 3.0,
        "t": null,
        "theta": null
      },
      "curvature_invariants": {
        "kretschmann": 0.06584362139917696,
        "ricci_scalar": 0.0
      },
      "local_observables": {
        "f": 0.33333333333333337,
        "horizon_radius_2M": 2.0,
        "pg_metric_tr_sector": {
          "g_rr": 1.0,
          "g_tr": 0.816496580927726,
          "g_tt": -0.33333333333333337
        },
        "river_model": {
          "interpretation": "Space flows inward at speed |v|; horizon where |v|=1.",
          "river_speed_v": -0.816496580927726
        },
        "spatial_slice_flatness_note": "At dt=0, spatial line element is dr^2 + r^2 d\u03a9^2 (flat in r)."
      }
    },
    {
      "causal_structure": {
        "coordinate_pathology_flag": {
          "note": "Unlike Schwarzschild t, PG chart does not blow up at r=2M.",
          "pg_regular_at_horizon": true
        },
        "horizon_radius": 2.0,
        "horizon_test": {
          "criterion": "outgoing_dr_dt == 0",
          "outgoing_freezes": false
        },
        "radial_null_cone_dr_dt": {
          "pg": {
            "formula": "dr/dt = v \u00b1 1, v=-sqrt(2M/r)",
            "ingoing_dr_dt": -1.7071067811865475,
            "outgoing_dr_dt": 0.2928932188134524
          }
        },
        "region": "exterior (r>2M)"
      },
      "coordinates": {
        "phi": null,
        "r": 4.0,
        "t": null,
        "theta": null
      },
      "curvature_invariants": {
        "kretschmann": 0.01171875,
        "ricci_scalar": 0.0
      },
      "local_observables": {
        "f": 0.5,
        "horizon_radius_2M": 2.0,
        "pg_metric_tr_sector": {
          "g_rr": 1.0,
          "g_tr": 0.7071067811865476,
          "g_tt": -0.5
        },
        "river_model": {
          "interpretation": "Space flows inward at speed |v|; horizon where |v|=1.",
          "river_speed_v": -0.7071067811865476
        },
        "spatial_slice_flatness_note": "At dt=0, spatial line element is dr^2 + r^2 d\u03a9^2 (flat in r)."
      }
    },
    {
      "causal_structure": {
        "coordinate_pathology_flag": {
          "note": "Unlike Schwarzschild t, PG chart does not blow up at r=2M.",
          "pg_regular_at_horizon": true
        },
        "horizon_radius": 2.0,
        "horizon_test": {
          "criterion": "outgoing_dr_dt == 0",
          "outgoing_freezes": false
        },
        "radial_null_cone_dr_dt": {
          "pg": {
            "formula": "dr/dt = v \u00b1 1, v=-sqrt(2M/r)",
            "ingoing_dr_dt": -1.5773502691896257,
            "outgoing_dr_dt": 0.42264973081037427
          }
        },
        "region": "exterior (r>2M)"
      },
      "coordinates": {
        "phi": null,
        "r": 6.0,
        "t": null,
        "theta": null
      },
      "curvature_invariants": {
        "kretschmann": 0.00102880658436214,
        "ricci_scalar": 0.0
      },
      "local_observables": {
        "f": 0.6666666666666667,
        "horizon_radius_2M": 2.0,
        "pg_metric_tr_sector": {
          "g_rr": 1.0,
          "g_tr": 0.5773502691896257,
          "g_tt": -0.6666666666666667
        },
        "river_model": {
          "interpretation": "Space flows inward at speed |v|; horizon where |v|=1.",
          "river_speed_v": -0.5773502691896257
        },
        "spatial_slice_flatness_note": "At dt=0, spatial line element is dr^2 + r^2 d\u03a9^2 (flat in r)."
      }
    },
    {
      "causal_structure": {
        "coordinate_pathology_flag": {
          "note": "Unlike Schwarzschild t, PG chart does not blow up at r=2M.",
          "pg_regular_at_horizon": true
        },
        "horizon_radius": 2.0,
        "horizon_test": {
          "criterion": "outgoing_dr_dt == 0",
          "outgoing_freezes": false
        },
        "radial_null_cone_dr_dt": {
          "pg": {
            "formula": "dr/dt = v \u00b1 1, v=-sqrt(2M/r)",
            "ingoing_dr_dt": -1.4472135954999579,
            "outgoing_dr_dt": 0.5527864045000421
          }
        },
        "region": "exterior (r>2M)"
      },
      "coordinates": {
        "phi": null,
        "r": 10.0,
        "t": null,
        "theta": null
      },
      "curvature_invariants": {
        "kretschmann": 4.8e-05,
        "ricci_scalar": 0.0
      },
      "local_observables": {
        "f": 0.8,
        "horizon_radius_2M": 2.0,
        "pg_metric_tr_sector": {
          "g_rr": 1.0,
          "g_tr": 0.4472135954999579,
          "g_tt": -0.8
        },
        "river_model": {
          "interpretation": "Space flows inward at speed |v|; horizon where |v|=1.",
          "river_speed_v": -0.4472135954999579
        },
        "spatial_slice_flatness_note": "At dt=0, spatial line element is dr^2 + r^2 d\u03a9^2 (flat in r)."
      }
    },
    {
      "causal_structure": {
        "coordinate_pathology_flag": {
          "note": "Unlike Schwarzschild t, PG chart does not blow up at r=2M.",
          "pg_regular_at_horizon": true
        },
        "horizon_radius": 2.0,
        "horizon_test": {
          "criterion": "outgoing_dr_dt == 0",
          "outgoing_freezes": false
        },
        "radial_null_cone_dr_dt": {
          "pg": {
            "formula": "dr/dt = v \u00b1 1, v=-sqrt(2M/r)",
            "ingoing_dr_dt": -1.316227766016838,
            "outgoing_dr_dt": 0.683772233983162
          }
        },
        "region": "exterior (r>2M)"
      },
      "coordinates": {
        "phi": null,
        "r": 20.0,
        "t": null,
        "theta": null
      },
      "curvature_invariants": {
        "kretschmann": 7.5e-07,
        "ricci_scalar": 0.0
      },
      "local_observables": {
        "f": 0.9,
        "horizon_radius_2M": 2.0,
        "pg_metric_tr_sector": {
          "g_rr": 1.0,
          "g_tr": 0.31622776601683794,
          "g_tt": -0.9
        },
        "river_model": {
          "interpretation": "Space flows inward at speed |v|; horizon where |v|=1.",
          "river_speed_v": -0.31622776601683794
        },
        "spatial_slice_flatness_note": "At dt=0, spatial line element is dr^2 + r^2 d\u03a9^2 (flat in r)."
      }
    }
  ],
  "spacetime": "Schwarzschild geometry in Painlev\u00e9\u2013Gullstrand (ingoing) coordinates",
  "theory": "General Relativity (exact solution; horizon-regular slicing)",
  "toy_id": "008",
  "units": {
    "G": 1,
    "c": 1
  }
}