{
  "notes": {
    "definitions_used": {
      "curvature_length": "L_K = K^{-1/4}",
      "kretschmann": "K = 48 M^2 / r^6",
      "uv_parameter": "chi_uv = l_min / L_K = l_min * K^{1/4}"
    },
    "interpretation": "Because the lab uses G=c=1, the Planck length is not determined unless \u0127 is fixed. Therefore l_min is user-supplied (could represent Planck, EFT cutoff, or a measurement limit).",
    "pressure_point": "GR allows arbitrarily large curvature (e.g., near r=0 in Schwarzschild) without an intrinsic regulator. This toy introduces an explicit minimum length l_min and computes a dimensionless parameter chi_uv to flag where classical spacetime is expected to fail operationally."
  },
  "observables": {
    "summary": {
      "closest_to_chi_eq_1": {
        "chi_uv": 0.9306048591020996,
        "curvature_length_L_K": 0.001074569931823542,
        "kretschmann": 749999999999.9999,
        "r": 0.02
      },
      "key_result": "For fixed M, K grows ~ r^{-6} and chi_uv grows ~ r^{-3/2}; classicality inevitably fails as r decreases if l_min is nonzero.",
      "rule_of_thumb": "Classical regime: chi_uv << 1. UV breakdown: chi_uv \u2273 1."
    }
  },
  "parameters": {
    "M": 1.0,
    "l_min_cutoff": 0.001,
    "r_values": [
      100.0,
      50.0,
      20.0,
      10.0,
      5.0,
      2.0,
      1.0,
      0.5,
      0.2,
      0.1,
      0.05,
      0.02,
      0.01
    ]
  },
  "sample_points": [
    {
      "causal_structure": {
        "energy_warning": "Classical GR does not contain a UV cutoff; this toy flags where curvature reaches the chosen cutoff.",
        "horizon_radius": 2.0,
        "region": "exterior"
      },
      "coordinates": {
        "r": 100.0
      },
      "curvature_invariants": {
        "kretschmann": 4.8e-11,
        "ricci_scalar": 0.0
      },
      "local_observables": {
        "chi_uv": 2.632148025904985e-06,
        "curvature_length_L_K": 379.91784282579624,
        "horizon_radius": 2.0,
        "l_min_cutoff": 0.001,
        "mass_M": 1.0,
        "notes": "chi_uv = l_min * K^{1/4} compares the cutoff length to the curvature length scale. When chi_uv ~ 1, classical spacetime is expected to lose operational meaning.",
        "regime": "deep_classical"
      }
    },
    {
      "causal_structure": {
        "energy_warning": "Classical GR does not contain a UV cutoff; this toy flags where curvature reaches the chosen cutoff.",
        "horizon_radius": 2.0,
        "region": "exterior"
      },
      "coordinates": {
        "r": 50.0
      },
      "curvature_invariants": {
        "kretschmann": 3.072e-09,
        "ricci_scalar": 0.0
      },
      "local_observables": {
        "chi_uv": 7.444838872816797e-06,
        "curvature_length_L_K": 134.32124147794275,
        "horizon_radius": 2.0,
        "l_min_cutoff": 0.001,
        "mass_M": 1.0,
        "notes": "chi_uv = l_min * K^{1/4} compares the cutoff length to the curvature length scale. When chi_uv ~ 1, classical spacetime is expected to lose operational meaning.",
        "regime": "deep_classical"
      }
    },
    {
      "causal_structure": {
        "energy_warning": "Classical GR does not contain a UV cutoff; this toy flags where curvature reaches the chosen cutoff.",
        "horizon_radius": 2.0,
        "region": "exterior"
      },
      "coordinates": {
        "r": 20.0
      },
      "curvature_invariants": {
        "kretschmann": 7.5e-07,
        "ricci_scalar": 0.0
      },
      "local_observables": {
        "chi_uv": 2.942830956382712e-05,
        "curvature_length_L_K": 33.98088489694245,
        "horizon_radius": 2.0,
        "l_min_cutoff": 0.001,
        "mass_M": 1.0,
        "notes": "chi_uv = l_min * K^{1/4} compares the cutoff length to the curvature length scale. When chi_uv ~ 1, classical spacetime is expected to lose operational meaning.",
        "regime": "deep_classical"
      }
    },
    {
      "causal_structure": {
        "energy_warning": "Classical GR does not contain a UV cutoff; this toy flags where curvature reaches the chosen cutoff.",
        "horizon_radius": 2.0,
        "region": "exterior"
      },
      "coordinates": {
        "r": 10.0
      },
      "curvature_invariants": {
        "kretschmann": 4.8e-05,
        "ricci_scalar": 0.0
      },
      "local_observables": {
        "chi_uv": 8.323582900575635e-05,
        "curvature_length_L_K": 12.014057070673772,
        "horizon_radius": 2.0,
        "l_min_cutoff": 0.001,
        "mass_M": 1.0,
        "notes": "chi_uv = l_min * K^{1/4} compares the cutoff length to the curvature length scale. When chi_uv ~ 1, classical spacetime is expected to lose operational meaning.",
        "regime": "deep_classical"
      }
    },
    {
      "causal_structure": {
        "energy_warning": "Classical GR does not contain a UV cutoff; this toy flags where curvature reaches the chosen cutoff.",
        "horizon_radius": 2.0,
        "region": "exterior"
      },
      "coordinates": {
        "r": 5.0
      },
      "curvature_invariants": {
        "kretschmann": 0.003072,
        "ricci_scalar": 0.0
      },
      "local_observables": {
        "chi_uv": 0.00023542647651061697,
        "curvature_length_L_K": 4.247610612117806,
        "horizon_radius": 2.0,
        "l_min_cutoff": 0.001,
        "mass_M": 1.0,
        "notes": "chi_uv = l_min * K^{1/4} compares the cutoff length to the curvature length scale. When chi_uv ~ 1, classical spacetime is expected to lose operational meaning.",
        "regime": "deep_classical"
      }
    },
    {
      "causal_structure": {
        "energy_warning": "Classical GR does not contain a UV cutoff; this toy flags where curvature reaches the chosen cutoff.",
        "horizon_radius": 2.0,
        "region": "horizon"
      },
      "coordinates": {
        "r": 2.0
      },
      "curvature_invariants": {
        "kretschmann": 0.75,
        "ricci_scalar": 0.0
      },
      "local_observables": {
        "chi_uv": 0.0009306048591020996,
        "curvature_length_L_K": 1.074569931823542,
        "horizon_radius": 2.0,
        "l_min_cutoff": 0.001,
        "mass_M": 1.0,
        "notes": "chi_uv = l_min * K^{1/4} compares the cutoff length to the curvature length scale. When chi_uv ~ 1, classical spacetime is expected to lose operational meaning.",
        "regime": "deep_classical"
      }
    },
    {
      "causal_structure": {
        "energy_warning": "Classical GR does not contain a UV cutoff; this toy flags where curvature reaches the chosen cutoff.",
        "horizon_radius": 2.0,
        "region": "interior"
      },
      "coordinates": {
        "r": 1.0
      },
      "curvature_invariants": {
        "kretschmann": 48.0,
        "ricci_scalar": 0.0
      },
      "local_observables": {
        "chi_uv": 0.0026321480259049847,
        "curvature_length_L_K": 0.37991784282579627,
        "horizon_radius": 2.0,
        "l_min_cutoff": 0.001,
        "mass_M": 1.0,
        "notes": "chi_uv = l_min * K^{1/4} compares the cutoff length to the curvature length scale. When chi_uv ~ 1, classical spacetime is expected to lose operational meaning.",
        "regime": "classical"
      }
    },
    {
      "causal_structure": {
        "energy_warning": "Classical GR does not contain a UV cutoff; this toy flags where curvature reaches the chosen cutoff.",
        "horizon_radius": 2.0,
        "region": "interior"
      },
      "coordinates": {
        "r": 0.5
      },
      "curvature_invariants": {
        "kretschmann": 3072.0,
        "ricci_scalar": 0.0
      },
      "local_observables": {
        "chi_uv": 0.007444838872816797,
        "curvature_length_L_K": 0.13432124147794275,
        "horizon_radius": 2.0,
        "l_min_cutoff": 0.001,
        "mass_M": 1.0,
        "notes": "chi_uv = l_min * K^{1/4} compares the cutoff length to the curvature length scale. When chi_uv ~ 1, classical spacetime is expected to lose operational meaning.",
        "regime": "classical"
      }
    },
    {
      "causal_structure": {
        "energy_warning": "Classical GR does not contain a UV cutoff; this toy flags where curvature reaches the chosen cutoff.",
        "horizon_radius": 2.0,
        "region": "interior"
      },
      "coordinates": {
        "r": 0.2
      },
      "curvature_invariants": {
        "kretschmann": 749999.9999999998,
        "ricci_scalar": 0.0
      },
      "local_observables": {
        "chi_uv": 0.029428309563827117,
        "curvature_length_L_K": 0.033980884896942454,
        "horizon_radius": 2.0,
        "l_min_cutoff": 0.001,
        "mass_M": 1.0,
        "notes": "chi_uv = l_min * K^{1/4} compares the cutoff length to the curvature length scale. When chi_uv ~ 1, classical spacetime is expected to lose operational meaning.",
        "regime": "classical"
      }
    },
    {
      "causal_structure": {
        "energy_warning": "Classical GR does not contain a UV cutoff; this toy flags where curvature reaches the chosen cutoff.",
        "horizon_radius": 2.0,
        "region": "interior"
      },
      "coordinates": {
        "r": 0.1
      },
      "curvature_invariants": {
        "kretschmann": 47999999.999999985,
        "ricci_scalar": 0.0
      },
      "local_observables": {
        "chi_uv": 0.08323582900575635,
        "curvature_length_L_K": 0.012014057070673772,
        "horizon_radius": 2.0,
        "l_min_cutoff": 0.001,
        "mass_M": 1.0,
        "notes": "chi_uv = l_min * K^{1/4} compares the cutoff length to the curvature length scale. When chi_uv ~ 1, classical spacetime is expected to lose operational meaning.",
        "regime": "classical"
      }
    },
    {
      "causal_structure": {
        "energy_warning": "Classical GR does not contain a UV cutoff; this toy flags where curvature reaches the chosen cutoff.",
        "horizon_radius": 2.0,
        "region": "interior"
      },
      "coordinates": {
        "r": 0.05
      },
      "curvature_invariants": {
        "kretschmann": 3071999999.999999,
        "ricci_scalar": 0.0
      },
      "local_observables": {
        "chi_uv": 0.23542647651061693,
        "curvature_length_L_K": 0.004247610612117807,
        "horizon_radius": 2.0,
        "l_min_cutoff": 0.001,
        "mass_M": 1.0,
        "notes": "chi_uv = l_min * K^{1/4} compares the cutoff length to the curvature length scale. When chi_uv ~ 1, classical spacetime is expected to lose operational meaning.",
        "regime": "approaching_uv"
      }
    },
    {
      "causal_structure": {
        "energy_warning": "Classical GR does not contain a UV cutoff; this toy flags where curvature reaches the chosen cutoff.",
        "horizon_radius": 2.0,
        "region": "interior"
      },
      "coordinates": {
        "r": 0.02
      },
      "curvature_invariants": {
        "kretschmann": 749999999999.9999,
        "ricci_scalar": 0.0
      },
      "local_observables": {
        "chi_uv": 0.9306048591020996,
        "curvature_length_L_K": 0.001074569931823542,
        "horizon_radius": 2.0,
        "l_min_cutoff": 0.001,
        "mass_M": 1.0,
        "notes": "chi_uv = l_min * K^{1/4} compares the cutoff length to the curvature length scale. When chi_uv ~ 1, classical spacetime is expected to lose operational meaning.",
        "regime": "approaching_uv"
      }
    },
    {
      "causal_structure": {
        "energy_warning": "Classical GR does not contain a UV cutoff; this toy flags where curvature reaches the chosen cutoff.",
        "horizon_radius": 2.0,
        "region": "interior"
      },
      "coordinates": {
        "r": 0.01
      },
      "curvature_invariants": {
        "kretschmann": 47999999999999.99,
        "ricci_scalar": 0.0
      },
      "local_observables": {
        "chi_uv": 2.632148025904985,
        "curvature_length_L_K": 0.0003799178428257963,
        "horizon_radius": 2.0,
        "l_min_cutoff": 0.001,
        "mass_M": 1.0,
        "notes": "chi_uv = l_min * K^{1/4} compares the cutoff length to the curvature length scale. When chi_uv ~ 1, classical spacetime is expected to lose operational meaning.",
        "regime": "uv_breakdown"
      }
    }
  ],
  "spacetime": "Schwarzschild vacuum (UV breakdown flagged by curvature vs cutoff scale)",
  "theory": "General Relativity (UV / classicality diagnostics)",
  "toy_id": "037",
  "units": {
    "G": 1,
    "c": 1
  }
}