{
  "notes": {
    "assumptions": [
      "Point mass potential \u03a6(r) = -M/r",
      "No spacetime curvature; absolute time",
      "Weak-field relativistic relations used only where explicitly labeled"
    ],
    "cannot_represent": [
      "event horizons",
      "light cones / causal structure as in relativity",
      "spacetime curvature invariants (Ricci, Kretschmann, etc.)"
    ],
    "singularity": "r = 0 (potential diverges; point source idealization)",
    "weak_field_guidance": "Compare with GR when |Phi| << 1; near r ~ M the approximation degrades."
  },
  "observables": {
    "gravitational_redshift_weak_field": [
      {
        "r_emitter": 6.0,
        "r_receiver": "infinity",
        "z_weak_field": 0.16666666666666666
      },
      {
        "r_emitter": 10.0,
        "r_receiver": "infinity",
        "z_weak_field": 0.1
      },
      {
        "r_emitter": 20.0,
        "r_receiver": "infinity",
        "z_weak_field": 0.05
      }
    ],
    "round_trip_light_time_baseline": [
      {
        "delta_t_flat_c_equals_1": 8.0,
        "delta_t_heuristic_first_order_potential": null,
        "r_start": 10.0,
        "r_turn": 6.0,
        "valid": true
      },
      {
        "delta_t_flat_c_equals_1": 28.0,
        "delta_t_heuristic_first_order_potential": null,
        "r_start": 20.0,
        "r_turn": 6.0,
        "valid": true
      }
    ]
  },
  "parameters": {
    "M": 1.0
  },
  "sample_points": [
    {
      "causal_structure": {
        "horizon_radius": null,
        "radial_null_cone_dr_dt": null,
        "region": "Newtonian gravity has no horizons; singular source at r=0"
      },
      "coordinates": {
        "phi": null,
        "r": 3.0,
        "t": null,
        "theta": null
      },
      "curvature_invariants": {
        "kretschmann": null,
        "ricci_scalar": null
      },
      "local_observables": {
        "potential_phi": -0.3333333333333333,
        "tidal_eigenvalues_newtonian_hessian": {
          "radial": 0.07407407407407407,
          "transverse": -0.037037037037037035
        },
        "time_dilation_dtaudt_weak_field_relative_to_infinity": 0.6666666666666667,
        "validity": {
          "phi_value": -0.3333333333333333,
          "weak_field_recommended_if": "|Phi| << 1"
        }
      }
    },
    {
      "causal_structure": {
        "horizon_radius": null,
        "radial_null_cone_dr_dt": null,
        "region": "Newtonian gravity has no horizons; singular source at r=0"
      },
      "coordinates": {
        "phi": null,
        "r": 4.0,
        "t": null,
        "theta": null
      },
      "curvature_invariants": {
        "kretschmann": null,
        "ricci_scalar": null
      },
      "local_observables": {
        "potential_phi": -0.25,
        "tidal_eigenvalues_newtonian_hessian": {
          "radial": 0.03125,
          "transverse": -0.015625
        },
        "time_dilation_dtaudt_weak_field_relative_to_infinity": 0.75,
        "validity": {
          "phi_value": -0.25,
          "weak_field_recommended_if": "|Phi| << 1"
        }
      }
    },
    {
      "causal_structure": {
        "horizon_radius": null,
        "radial_null_cone_dr_dt": null,
        "region": "Newtonian gravity has no horizons; singular source at r=0"
      },
      "coordinates": {
        "phi": null,
        "r": 6.0,
        "t": null,
        "theta": null
      },
      "curvature_invariants": {
        "kretschmann": null,
        "ricci_scalar": null
      },
      "local_observables": {
        "potential_phi": -0.16666666666666666,
        "tidal_eigenvalues_newtonian_hessian": {
          "radial": 0.009259259259259259,
          "transverse": -0.004629629629629629
        },
        "time_dilation_dtaudt_weak_field_relative_to_infinity": 0.8333333333333334,
        "validity": {
          "phi_value": -0.16666666666666666,
          "weak_field_recommended_if": "|Phi| << 1"
        }
      }
    },
    {
      "causal_structure": {
        "horizon_radius": null,
        "radial_null_cone_dr_dt": null,
        "region": "Newtonian gravity has no horizons; singular source at r=0"
      },
      "coordinates": {
        "phi": null,
        "r": 10.0,
        "t": null,
        "theta": null
      },
      "curvature_invariants": {
        "kretschmann": null,
        "ricci_scalar": null
      },
      "local_observables": {
        "potential_phi": -0.1,
        "tidal_eigenvalues_newtonian_hessian": {
          "radial": 0.002,
          "transverse": -0.001
        },
        "time_dilation_dtaudt_weak_field_relative_to_infinity": 0.9,
        "validity": {
          "phi_value": -0.1,
          "weak_field_recommended_if": "|Phi| << 1"
        }
      }
    },
    {
      "causal_structure": {
        "horizon_radius": null,
        "radial_null_cone_dr_dt": null,
        "region": "Newtonian gravity has no horizons; singular source at r=0"
      },
      "coordinates": {
        "phi": null,
        "r": 20.0,
        "t": null,
        "theta": null
      },
      "curvature_invariants": {
        "kretschmann": null,
        "ricci_scalar": null
      },
      "local_observables": {
        "potential_phi": -0.05,
        "tidal_eigenvalues_newtonian_hessian": {
          "radial": 0.00025,
          "transverse": -0.000125
        },
        "time_dilation_dtaudt_weak_field_relative_to_infinity": 0.95,
        "validity": {
          "phi_value": -0.05,
          "weak_field_recommended_if": "|Phi| << 1"
        }
      }
    },
    {
      "causal_structure": {
        "horizon_radius": null,
        "radial_null_cone_dr_dt": null,
        "region": "Newtonian gravity has no horizons; singular source at r=0"
      },
      "coordinates": {
        "phi": null,
        "r": 50.0,
        "t": null,
        "theta": null
      },
      "curvature_invariants": {
        "kretschmann": null,
        "ricci_scalar": null
      },
      "local_observables": {
        "potential_phi": -0.02,
        "tidal_eigenvalues_newtonian_hessian": {
          "radial": 1.6e-05,
          "transverse": -8e-06
        },
        "time_dilation_dtaudt_weak_field_relative_to_infinity": 0.98,
        "validity": {
          "phi_value": -0.02,
          "weak_field_recommended_if": "|Phi| << 1"
        }
      }
    }
  ],
  "spacetime": "None (absolute time; Euclidean space)",
  "theory": "Newtonian Gravity (weak-field reference)",
  "toy_id": "002",
  "units": {
    "G": 1,
    "c": 1
  }
}