{
  "notes": {
    "assumptions": [
      "Vacuum: T_{\u03bc\u03bd}=0 (outside r=0 idealization)",
      "Test particles/light only (no backreaction)",
      "Geometric units G=c=1",
      "Schwarzschild coordinates for coordinate-time outputs"
    ],
    "coordinate_pathology_indicator": "Schwarzschild coordinate-time expressions become ill-behaved at r=2M",
    "horizon_radius": 2.0,
    "true_singularity_indicator": "Kretschmann -> \u221e as r -> 0"
  },
  "observables": {
    "gravitational_redshift_to_infinity": [
      {
        "r_emitter": 6.0,
        "r_receiver": "infinity",
        "z": 0.22474487139158894
      },
      {
        "r_emitter": 10.0,
        "r_receiver": "infinity",
        "z": 0.1180339887498949
      },
      {
        "r_emitter": 20.0,
        "r_receiver": "infinity",
        "z": 0.05409255338945984
      }
    ],
    "round_trip_coordinate_light_time": [
      {
        "delta_t_coordinate": 10.772588722239782,
        "r_start": 10.0,
        "r_turn": 6.0,
        "valid": true
      },
      {
        "delta_t_coordinate": 34.0163095871051,
        "r_start": 20.0,
        "r_turn": 6.0,
        "valid": true
      }
    ]
  },
  "parameters": {
    "M": 1.0
  },
  "sample_points": [
    {
      "causal_structure": {
        "horizon_radius": 2.0,
        "radial_null_cone_dr_dt": {
          "ingoing": -0.33333333333333337,
          "outgoing": 0.33333333333333337
        },
        "region": "exterior (r > 2M)"
      },
      "coordinates": {
        "phi": null,
        "r": 3.0,
        "t": null,
        "theta": null
      },
      "curvature_invariants": {
        "kretschmann": 0.06584362139917696,
        "ricci_scalar": 0.0
      },
      "local_observables": {
        "tidal_eigenvalues_static_orthonormal": {
          "radial": -0.07407407407407407,
          "transverse": 0.037037037037037035
        },
        "time_dilation_dtaudt_static_relative_to_infinity": 0.5773502691896258
      }
    },
    {
      "causal_structure": {
        "horizon_radius": 2.0,
        "radial_null_cone_dr_dt": {
          "ingoing": -0.5,
          "outgoing": 0.5
        },
        "region": "exterior (r > 2M)"
      },
      "coordinates": {
        "phi": null,
        "r": 4.0,
        "t": null,
        "theta": null
      },
      "curvature_invariants": {
        "kretschmann": 0.01171875,
        "ricci_scalar": 0.0
      },
      "local_observables": {
        "tidal_eigenvalues_static_orthonormal": {
          "radial": -0.03125,
          "transverse": 0.015625
        },
        "time_dilation_dtaudt_static_relative_to_infinity": 0.7071067811865476
      }
    },
    {
      "causal_structure": {
        "horizon_radius": 2.0,
        "radial_null_cone_dr_dt": {
          "ingoing": -0.6666666666666667,
          "outgoing": 0.6666666666666667
        },
        "region": "exterior (r > 2M)"
      },
      "coordinates": {
        "phi": null,
        "r": 6.0,
        "t": null,
        "theta": null
      },
      "curvature_invariants": {
        "kretschmann": 0.00102880658436214,
        "ricci_scalar": 0.0
      },
      "local_observables": {
        "tidal_eigenvalues_static_orthonormal": {
          "radial": -0.009259259259259259,
          "transverse": 0.004629629629629629
        },
        "time_dilation_dtaudt_static_relative_to_infinity": 0.816496580927726
      }
    },
    {
      "causal_structure": {
        "horizon_radius": 2.0,
        "radial_null_cone_dr_dt": {
          "ingoing": -0.8,
          "outgoing": 0.8
        },
        "region": "exterior (r > 2M)"
      },
      "coordinates": {
        "phi": null,
        "r": 10.0,
        "t": null,
        "theta": null
      },
      "curvature_invariants": {
        "kretschmann": 4.8e-05,
        "ricci_scalar": 0.0
      },
      "local_observables": {
        "tidal_eigenvalues_static_orthonormal": {
          "radial": -0.002,
          "transverse": 0.001
        },
        "time_dilation_dtaudt_static_relative_to_infinity": 0.8944271909999159
      }
    },
    {
      "causal_structure": {
        "horizon_radius": 2.0,
        "radial_null_cone_dr_dt": {
          "ingoing": -0.9,
          "outgoing": 0.9
        },
        "region": "exterior (r > 2M)"
      },
      "coordinates": {
        "phi": null,
        "r": 20.0,
        "t": null,
        "theta": null
      },
      "curvature_invariants": {
        "kretschmann": 7.5e-07,
        "ricci_scalar": 0.0
      },
      "local_observables": {
        "tidal_eigenvalues_static_orthonormal": {
          "radial": -0.00025,
          "transverse": 0.000125
        },
        "time_dilation_dtaudt_static_relative_to_infinity": 0.9486832980505138
      }
    },
    {
      "causal_structure": {
        "horizon_radius": 2.0,
        "radial_null_cone_dr_dt": {
          "ingoing": -0.96,
          "outgoing": 0.96
        },
        "region": "exterior (r > 2M)"
      },
      "coordinates": {
        "phi": null,
        "r": 50.0,
        "t": null,
        "theta": null
      },
      "curvature_invariants": {
        "kretschmann": 3.072e-09,
        "ricci_scalar": 0.0
      },
      "local_observables": {
        "tidal_eigenvalues_static_orthonormal": {
          "radial": -1.6e-05,
          "transverse": 8e-06
        },
        "time_dilation_dtaudt_static_relative_to_infinity": 0.9797958971132712
      }
    }
  ],
  "spacetime": "Schwarzschild (vacuum, static, spherical)",
  "theory": "General Relativity",
  "toy_id": "001",
  "units": {
    "G": 1,
    "c": 1
  }
}