{
  "notes": {
    "domain_of_validity": "Uniform acceleration, idealized eternal coupling, massless scalar field response in standard approximation. Toy is operational/diagnostic; does not model switching transients.",
    "key_equations": {
      "deexcitation_rate": "\u0393_down = (omega/2\u03c0) + \u0393_up  (a>=0 in this normalization)",
      "detailed_balance": "\u0393_up/\u0393_down = exp(-2\u03c0 omega / a)  (a>0)",
      "excitation_rate": "\u0393_up = (omega/2\u03c0) * 1/(exp(2\u03c0 omega / a) - 1)  (a>0)",
      "unruh_temperature": "T_U = a / (2\u03c0)"
    },
    "pressure_point": "Same geometry (Minkowski, invariants zero) yet accelerated observers measure a thermal bath (Unruh). Operational physics depends on observer worldline and causal access, not curvature."
  },
  "observables": {
    "summary": {
      "curvature_invariants_zero": true,
      "max_abs_detailed_balance_minus_boltzmann_over_valid_samples": 6.938893903907228e-18,
      "note": "For a>0, detector satisfies thermal detailed balance at Unruh temperature.",
      "thermal_response_present_for_a_gt_0": true
    }
  },
  "parameters": {
    "acceleration_samples_a": [
      0.0,
      0.2,
      0.5,
      1.0,
      2.0,
      5.0
    ],
    "conventions": "\u0127 = k_B = 1 (natural units for detector response)",
    "omega_detector_gap": 1.0
  },
  "sample_points": [
    {
      "causal_structure": {
        "note": "Acceleration introduces a Rindler horizon (restricted causal access) even though curvature is zero.",
        "rindler_horizon_present": false,
        "rindler_horizon_scale_approx_1_over_a": null
      },
      "coordinates": {
        "proper_acceleration_a": 0.0,
        "t": null,
        "x": null,
        "y": null,
        "z": null
      },
      "curvature_invariants": {
        "kretschmann": 0.0,
        "note": "Minkowski spacetime: invariants identically zero for all a.",
        "ricci_scalar": 0.0
      },
      "local_observables": {
        "deexcitation_rate_Gamma_down": 0.15915494309189535,
        "detailed_balance_ratio_up_over_down": null,
        "detector_gap_omega": 1.0,
        "excitation_rate_Gamma_up": 0.0,
        "expected_boltzmann_factor_exp_minus_omega_over_T": null,
        "note": "Uniform acceleration gives thermal response (Unruh). Inertial case (a=0): \u0393_up=0 in idealized vacuum; \u0393_down=omega/(2\u03c0) here.",
        "unruh_temperature_T": 0.0
      }
    },
    {
      "causal_structure": {
        "note": "Acceleration introduces a Rindler horizon (restricted causal access) even though curvature is zero.",
        "rindler_horizon_present": true,
        "rindler_horizon_scale_approx_1_over_a": 5.0
      },
      "coordinates": {
        "proper_acceleration_a": 0.2,
        "t": null,
        "x": null,
        "y": null,
        "z": null
      },
      "curvature_invariants": {
        "kretschmann": 0.0,
        "note": "Minkowski spacetime: invariants identically zero for all a.",
        "ricci_scalar": 0.0
      },
      "local_observables": {
        "deexcitation_rate_Gamma_down": 0.15915494309189895,
        "detailed_balance_ratio_up_over_down": 2.271101068324097e-14,
        "detector_gap_omega": 1.0,
        "excitation_rate_Gamma_up": 3.6145696128507255e-15,
        "expected_boltzmann_factor_exp_minus_omega_over_T": 2.2711010683240965e-14,
        "note": "Uniform acceleration gives thermal response (Unruh). Inertial case (a=0): \u0393_up=0 in idealized vacuum; \u0393_down=omega/(2\u03c0) here.",
        "unruh_temperature_T": 0.03183098861837907
      }
    },
    {
      "causal_structure": {
        "note": "Acceleration introduces a Rindler horizon (restricted causal access) even though curvature is zero.",
        "rindler_horizon_present": true,
        "rindler_horizon_scale_approx_1_over_a": 2.0
      },
      "coordinates": {
        "proper_acceleration_a": 0.5,
        "t": null,
        "x": null,
        "y": null,
        "z": null
      },
      "curvature_invariants": {
        "kretschmann": 0.0,
        "note": "Minkowski spacetime: invariants identically zero for all a.",
        "ricci_scalar": 0.0
      },
      "local_observables": {
        "deexcitation_rate_Gamma_down": 0.15915549812160518,
        "detailed_balance_ratio_up_over_down": 3.487342356208997e-06,
        "detector_gap_omega": 1.0,
        "excitation_rate_Gamma_up": 5.550297098230152e-07,
        "expected_boltzmann_factor_exp_minus_omega_over_T": 3.4873423562089973e-06,
        "note": "Uniform acceleration gives thermal response (Unruh). Inertial case (a=0): \u0393_up=0 in idealized vacuum; \u0393_down=omega/(2\u03c0) here.",
        "unruh_temperature_T": 0.07957747154594767
      }
    },
    {
      "causal_structure": {
        "note": "Acceleration introduces a Rindler horizon (restricted causal access) even though curvature is zero.",
        "rindler_horizon_present": true,
        "rindler_horizon_scale_approx_1_over_a": 1.0
      },
      "coordinates": {
        "proper_acceleration_a": 1.0,
        "t": null,
        "x": null,
        "y": null,
        "z": null
      },
      "curvature_invariants": {
        "kretschmann": 0.0,
        "note": "Minkowski spacetime: invariants identically zero for all a.",
        "ricci_scalar": 0.0
      },
      "local_observables": {
        "deexcitation_rate_Gamma_down": 0.15945271189978372,
        "detailed_balance_ratio_up_over_down": 0.0018674427317079895,
        "detector_gap_omega": 1.0,
        "excitation_rate_Gamma_up": 0.00029776880788837915,
        "expected_boltzmann_factor_exp_minus_omega_over_T": 0.0018674427317079893,
        "note": "Uniform acceleration gives thermal response (Unruh). Inertial case (a=0): \u0393_up=0 in idealized vacuum; \u0393_down=omega/(2\u03c0) here.",
        "unruh_temperature_T": 0.15915494309189535
      }
    },
    {
      "causal_structure": {
        "note": "Acceleration introduces a Rindler horizon (restricted causal access) even though curvature is zero.",
        "rindler_horizon_present": true,
        "rindler_horizon_scale_approx_1_over_a": 0.5
      },
      "coordinates": {
        "proper_acceleration_a": 2.0,
        "t": null,
        "x": null,
        "y": null,
        "z": null
      },
      "curvature_invariants": {
        "kretschmann": 0.0,
        "note": "Minkowski spacetime: invariants identically zero for all a.",
        "ricci_scalar": 0.0
      },
      "local_observables": {
        "deexcitation_rate_Gamma_down": 0.1663432883587578,
        "detailed_balance_ratio_up_over_down": 0.04321391826377225,
        "detector_gap_omega": 1.0,
        "excitation_rate_Gamma_up": 0.007188345266862458,
        "expected_boltzmann_factor_exp_minus_omega_over_T": 0.04321391826377226,
        "note": "Uniform acceleration gives thermal response (Unruh). Inertial case (a=0): \u0393_up=0 in idealized vacuum; \u0393_down=omega/(2\u03c0) here.",
        "unruh_temperature_T": 0.3183098861837907
      }
    },
    {
      "causal_structure": {
        "note": "Acceleration introduces a Rindler horizon (restricted causal access) even though curvature is zero.",
        "rindler_horizon_present": true,
        "rindler_horizon_scale_approx_1_over_a": 0.2
      },
      "coordinates": {
        "proper_acceleration_a": 5.0,
        "t": null,
        "x": null,
        "y": null,
        "z": null
      },
      "curvature_invariants": {
        "kretschmann": 0.0,
        "note": "Minkowski spacetime: invariants identically zero for all a.",
        "ricci_scalar": 0.0
      },
      "local_observables": {
        "deexcitation_rate_Gamma_down": 0.2224728350921415,
        "detailed_balance_ratio_up_over_down": 0.2846095433360293,
        "detector_gap_omega": 1.0,
        "excitation_rate_Gamma_up": 0.06331789200024614,
        "expected_boltzmann_factor_exp_minus_omega_over_T": 0.2846095433360293,
        "note": "Uniform acceleration gives thermal response (Unruh). Inertial case (a=0): \u0393_up=0 in idealized vacuum; \u0393_down=omega/(2\u03c0) here.",
        "unruh_temperature_T": 0.7957747154594768
      }
    }
  ],
  "spacetime": "Minkowski; inertial vs uniformly accelerated (Rindler) observers",
  "theory": "General Relativity (flat spacetime) + QFT-in-curved-spacetime detector response (Unruh)",
  "toy_id": "066",
  "units": {
    "G": 1,
    "c": 1
  }
}