{
  "notes": {
    "key_formulas": {
      "dr_dtau": "dr/d\u03c4 = -sqrt(2M/r)",
      "dt_dtau": "dt/d\u03c4 = 1/(1-2M/r) (E=1)",
      "t_of_r": "t(r)=4M[(u0^3-u^3)/3 + (u0-u) + (1/2)ln|(u0-1)/(u0+1)*(u+1)/(u-1)|], u=sqrt(r/2M)",
      "tau_of_r": "\u03c4(r)=(2/3)(r0^(3/2)-r^(3/2))/sqrt(2M)"
    },
    "pressure_point": "Proper time to reach/cross the horizon is finite, but Schwarzschild coordinate time diverges. PG time remains finite and (for this specific infall) equals proper time along the infaller. This cleanly separates physical vs coordinate notions of 'time to fall in'."
  },
  "observables": {
    "time_to_horizon": {
      "r_horizon": 2.0,
      "t_pg_from_r0": 13.573786516665262,
      "t_pg_note": "For E=1 infall, PG time equals proper time along the infaller.",
      "t_schwarzschild_from_r0": null,
      "t_schwarzschild_note": "Diverges as r -> 2M+ (coordinate).",
      "tau_proper_from_r0": 13.573786516665262
    }
  },
  "parameters": {
    "E": 1.0,
    "M": 1.0,
    "geodesic_type": "radial infall from rest at infinity",
    "r0": 10.0
  },
  "sample_points": [
    {
      "causal_structure": {
        "coordinate_pathology_flag": {
          "pg_time_regular_at_horizon_for_this_infall": true,
          "proper_time_finite_through_horizon": true,
          "schwarzschild_time_breaks_at_horizon": false
        },
        "horizon_radius": 2.0,
        "radial_null_cone_dr_dt": null,
        "region": "exterior (r>2M)"
      },
      "coordinates": {
        "phi": null,
        "r": 10.0,
        "t": null,
        "t_pg": null,
        "tau": null,
        "theta": null
      },
      "curvature_invariants": {
        "kretschmann": 4.8e-05,
        "ricci_scalar": 0.0
      },
      "local_observables": {
        "constants_of_motion": {
          "E": 1.0,
          "interpretation": "rest at infinity (specific energy)"
        },
        "kinematics": {
          "dr_dt_schwarzschild": -0.35777087639996635,
          "dr_dtau": -0.4472135954999579,
          "dt_dtau_schwarzschild": 1.25
        },
        "times_from_r0": {
          "note": "For this E=1 infall, \u0394t_PG = \u0394\u03c4 (rain frame).",
          "r0": 10.0,
          "t_painleve_gullstrand": 0.0,
          "t_schwarzschild": 0.0,
          "tau_proper": 0.0
        }
      }
    },
    {
      "causal_structure": {
        "coordinate_pathology_flag": {
          "pg_time_regular_at_horizon_for_this_infall": true,
          "proper_time_finite_through_horizon": true,
          "schwarzschild_time_breaks_at_horizon": false
        },
        "horizon_radius": 2.0,
        "radial_null_cone_dr_dt": null,
        "region": "exterior (r>2M)"
      },
      "coordinates": {
        "phi": null,
        "r": 8.0,
        "t": null,
        "t_pg": null,
        "tau": null,
        "theta": null
      },
      "curvature_invariants": {
        "kretschmann": 0.00018310546875,
        "ricci_scalar": 0.0
      },
      "local_observables": {
        "constants_of_motion": {
          "E": 1.0,
          "interpretation": "rest at infinity (specific energy)"
        },
        "kinematics": {
          "dr_dt_schwarzschild": -0.375,
          "dr_dtau": -0.5,
          "dt_dtau_schwarzschild": 1.3333333333333333
        },
        "times_from_r0": {
          "note": "For this E=1 infall, \u0394t_PG = \u0394\u03c4 (rain frame).",
          "r0": 10.0,
          "t_painleve_gullstrand": 4.24045318333193,
          "t_schwarzschild": 5.457102370428899,
          "tau_proper": 4.24045318333193
        }
      }
    },
    {
      "causal_structure": {
        "coordinate_pathology_flag": {
          "pg_time_regular_at_horizon_for_this_infall": true,
          "proper_time_finite_through_horizon": true,
          "schwarzschild_time_breaks_at_horizon": false
        },
        "horizon_radius": 2.0,
        "radial_null_cone_dr_dt": null,
        "region": "exterior (r>2M)"
      },
      "coordinates": {
        "phi": null,
        "r": 6.0,
        "t": null,
        "t_pg": null,
        "tau": null,
        "theta": null
      },
      "curvature_invariants": {
        "kretschmann": 0.00102880658436214,
        "ricci_scalar": 0.0
      },
      "local_observables": {
        "constants_of_motion": {
          "E": 1.0,
          "interpretation": "rest at infinity (specific energy)"
        },
        "kinematics": {
          "dr_dt_schwarzschild": -0.3849001794597505,
          "dr_dtau": -0.5773502691896257,
          "dt_dtau_schwarzschild": 1.4999999999999998
        },
        "times_from_r0": {
          "note": "For this E=1 infall, \u0394t_PG = \u0394\u03c4 (rain frame).",
          "r0": 10.0,
          "t_painleve_gullstrand": 7.978916619723087,
          "t_schwarzschild": 10.704053793057962,
          "tau_proper": 7.978916619723087
        }
      }
    },
    {
      "causal_structure": {
        "coordinate_pathology_flag": {
          "pg_time_regular_at_horizon_for_this_infall": true,
          "proper_time_finite_through_horizon": true,
          "schwarzschild_time_breaks_at_horizon": false
        },
        "horizon_radius": 2.0,
        "radial_null_cone_dr_dt": null,
        "region": "exterior (r>2M)"
      },
      "coordinates": {
        "phi": null,
        "r": 4.0,
        "t": null,
        "t_pg": null,
        "tau": null,
        "theta": null
      },
      "curvature_invariants": {
        "kretschmann": 0.01171875,
        "ricci_scalar": 0.0
      },
      "local_observables": {
        "constants_of_motion": {
          "E": 1.0,
          "interpretation": "rest at infinity (specific energy)"
        },
        "kinematics": {
          "dr_dt_schwarzschild": -0.3535533905932738,
          "dr_dtau": -0.7071067811865476,
          "dt_dtau_schwarzschild": 2.0
        },
        "times_from_r0": {
          "note": "For this E=1 infall, \u0394t_PG = \u0394\u03c4 (rain frame).",
          "r0": 10.0,
          "t_painleve_gullstrand": 11.135883683670343,
          "t_schwarzschild": 16.023948392016884,
          "tau_proper": 11.135883683670343
        }
      }
    },
    {
      "causal_structure": {
        "coordinate_pathology_flag": {
          "pg_time_regular_at_horizon_for_this_infall": true,
          "proper_time_finite_through_horizon": true,
          "schwarzschild_time_breaks_at_horizon": false
        },
        "horizon_radius": 2.0,
        "radial_null_cone_dr_dt": null,
        "region": "exterior (r>2M)"
      },
      "coordinates": {
        "phi": null,
        "r": 3.0,
        "t": null,
        "t_pg": null,
        "tau": null,
        "theta": null
      },
      "curvature_invariants": {
        "kretschmann": 0.06584362139917696,
        "ricci_scalar": 0.0
      },
      "local_observables": {
        "constants_of_motion": {
          "E": 1.0,
          "interpretation": "rest at infinity (specific energy)"
        },
        "kinematics": {
          "dr_dt_schwarzschild": -0.27216552697590873,
          "dr_dtau": -0.816496580927726,
          "dt_dtau_schwarzschild": 2.9999999999999996
        },
        "times_from_r0": {
          "note": "For this E=1 infall, \u0394t_PG = \u0394\u03c4 (rain frame).",
          "r0": 10.0,
          "t_painleve_gullstrand": 12.457630107215417,
          "t_schwarzschild": 19.162938570532166,
          "tau_proper": 12.457630107215417
        }
      }
    },
    {
      "causal_structure": {
        "coordinate_pathology_flag": {
          "pg_time_regular_at_horizon_for_this_infall": true,
          "proper_time_finite_through_horizon": true,
          "schwarzschild_time_breaks_at_horizon": false
        },
        "horizon_radius": 2.0,
        "radial_null_cone_dr_dt": null,
        "region": "exterior (r>2M)"
      },
      "coordinates": {
        "phi": null,
        "r": 2.5,
        "t": null,
        "t_pg": null,
        "tau": null,
        "theta": null
      },
      "curvature_invariants": {
        "kretschmann": 0.196608,
        "ricci_scalar": 0.0
      },
      "local_observables": {
        "constants_of_motion": {
          "E": 1.0,
          "interpretation": "rest at infinity (specific energy)"
        },
        "kinematics": {
          "dr_dt_schwarzschild": -0.17888543819998312,
          "dr_dtau": -0.8944271909999159,
          "dt_dtau_schwarzschild": 5.000000000000001
        },
        "times_from_r0": {
          "note": "For this E=1 infall, \u0394t_PG = \u0394\u03c4 (rain frame).",
          "r0": 10.0,
          "t_painleve_gullstrand": 13.04372986874877,
          "t_schwarzschild": 21.365560424225183,
          "tau_proper": 13.04372986874877
        }
      }
    },
    {
      "causal_structure": {
        "coordinate_pathology_flag": {
          "pg_time_regular_at_horizon_for_this_infall": true,
          "proper_time_finite_through_horizon": true,
          "schwarzschild_time_breaks_at_horizon": false
        },
        "horizon_radius": 2.0,
        "radial_null_cone_dr_dt": null,
        "region": "exterior (r>2M)"
      },
      "coordinates": {
        "phi": null,
        "r": 2.2,
        "t": null,
        "t_pg": null,
        "tau": null,
        "theta": null
      },
      "curvature_invariants": {
        "kretschmann": 0.4233554475403329,
        "ricci_scalar": 0.0
      },
      "local_observables": {
        "constants_of_motion": {
          "E": 1.0,
          "interpretation": "rest at infinity (specific energy)"
        },
        "kinematics": {
          "dr_dt_schwarzschild": -0.08667841720414479,
          "dr_dtau": -0.9534625892455924,
          "dt_dtau_schwarzschild": 10.999999999999996
        },
        "times_from_r0": {
          "note": "For this E=1 infall, \u0394t_PG = \u0394\u03c4 (rain frame).",
          "r0": 10.0,
          "t_painleve_gullstrand": 13.368866872682373,
          "t_schwarzschild": 23.667260574160363,
          "tau_proper": 13.368866872682373
        }
      }
    },
    {
      "causal_structure": {
        "coordinate_pathology_flag": {
          "pg_time_regular_at_horizon_for_this_infall": true,
          "proper_time_finite_through_horizon": true,
          "schwarzschild_time_breaks_at_horizon": false
        },
        "horizon_radius": 2.0,
        "radial_null_cone_dr_dt": null,
        "region": "exterior (r>2M)"
      },
      "coordinates": {
        "phi": null,
        "r": 2.1,
        "t": null,
        "t_pg": null,
        "tau": null,
        "theta": null
      },
      "curvature_invariants": {
        "kretschmann": 0.5596615474774705,
        "ricci_scalar": 0.0
      },
      "local_observables": {
        "constants_of_motion": {
          "E": 1.0,
          "interpretation": "rest at infinity (specific energy)"
        },
        "kinematics": {
          "dr_dt_schwarzschild": -0.0464714320451683,
          "dr_dtau": -0.9759000729485332,
          "dt_dtau_schwarzschild": 20.999999999999975
        },
        "times_from_r0": {
          "note": "For this E=1 infall, \u0394t_PG = \u0394\u03c4 (rain frame).",
          "r0": 10.0,
          "t_painleve_gullstrand": 13.472546742764253,
          "t_schwarzschild": 25.20633203229511,
          "tau_proper": 13.472546742764253
        }
      }
    },
    {
      "causal_structure": {
        "coordinate_pathology_flag": {
          "pg_time_regular_at_horizon_for_this_infall": true,
          "proper_time_finite_through_horizon": true,
          "schwarzschild_time_breaks_at_horizon": false
        },
        "horizon_radius": 2.0,
        "radial_null_cone_dr_dt": null,
        "region": "exterior (r>2M)"
      },
      "coordinates": {
        "phi": null,
        "r": 2.01,
        "t": null,
        "t_pg": null,
        "tau": null,
        "theta": null
      },
      "curvature_invariants": {
        "kretschmann": 0.7278885584772434,
        "ricci_scalar": 0.0
      },
      "local_observables": {
        "constants_of_motion": {
          "E": 1.0,
          "interpretation": "rest at infinity (specific energy)"
        },
        "kinematics": {
          "dr_dt_schwarzschild": -0.004962733015460727,
          "dr_dtau": -0.9975093361076329,
          "dt_dtau_schwarzschild": 201.0000000000054
        },
        "times_from_r0": {
          "note": "For this E=1 infall, \u0394t_PG = \u0394\u03c4 (rain frame).",
          "r0": 10.0,
          "t_painleve_gullstrand": 13.563774027062447,
          "t_schwarzschild": 29.947425211962898,
          "tau_proper": 13.563774027062447
        }
      }
    },
    {
      "causal_structure": {
        "coordinate_pathology_flag": {
          "pg_time_regular_at_horizon_for_this_infall": true,
          "proper_time_finite_through_horizon": true,
          "schwarzschild_time_breaks_at_horizon": false
        },
        "horizon_radius": 2.0,
        "radial_null_cone_dr_dt": null,
        "region": "exterior (r>2M)"
      },
      "coordinates": {
        "phi": null,
        "r": 2.001,
        "t": null,
        "t_pg": null,
        "tau": null,
        "theta": null
      },
      "curvature_invariants": {
        "kretschmann": 0.7477539322559006,
        "ricci_scalar": 0.0
      },
      "local_observables": {
        "constants_of_motion": {
          "E": 1.0,
          "interpretation": "rest at infinity (specific energy)"
        },
        "kinematics": {
          "dr_dt_schwarzschild": -0.0004996252342383526,
          "dr_dtau": -0.9997500937109546,
          "dt_dtau_schwarzschild": 2001.0000000000218
        },
        "times_from_r0": {
          "note": "For this E=1 infall, \u0394t_PG = \u0394\u03c4 (rain frame).",
          "r0": 10.0,
          "t_painleve_gullstrand": 13.572786391675677,
          "t_schwarzschild": 34.56610467400455,
          "tau_proper": 13.572786391675677
        }
      }
    },
    {
      "causal_structure": {
        "coordinate_pathology_flag": {
          "pg_time_regular_at_horizon_for_this_infall": true,
          "proper_time_finite_through_horizon": true,
          "schwarzschild_time_breaks_at_horizon": true
        },
        "horizon_radius": 2.0,
        "radial_null_cone_dr_dt": null,
        "region": "horizon (r=2M)"
      },
      "coordinates": {
        "phi": null,
        "r": 2.0,
        "t": null,
        "t_pg": null,
        "tau": null,
        "theta": null
      },
      "curvature_invariants": {
        "kretschmann": 0.75,
        "ricci_scalar": 0.0
      },
      "local_observables": {
        "constants_of_motion": {
          "E": 1.0,
          "interpretation": "rest at infinity (specific energy)"
        },
        "kinematics": {
          "dr_dt_schwarzschild": null,
          "dr_dtau": -1.0,
          "dt_dtau_schwarzschild": null
        },
        "times_from_r0": {
          "note": "For this E=1 infall, \u0394t_PG = \u0394\u03c4 (rain frame).",
          "r0": 10.0,
          "t_painleve_gullstrand": 13.573786516665262,
          "t_schwarzschild": null,
          "tau_proper": 13.573786516665262
        }
      }
    },
    {
      "causal_structure": {
        "coordinate_pathology_flag": {
          "pg_time_regular_at_horizon_for_this_infall": true,
          "proper_time_finite_through_horizon": true,
          "schwarzschild_time_breaks_at_horizon": true
        },
        "horizon_radius": 2.0,
        "radial_null_cone_dr_dt": null,
        "region": "interior (r<2M)"
      },
      "coordinates": {
        "phi": null,
        "r": 1.5,
        "t": null,
        "t_pg": null,
        "tau": null,
        "theta": null
      },
      "curvature_invariants": {
        "kretschmann": 4.2139917695473255,
        "ricci_scalar": 0.0
      },
      "local_observables": {
        "constants_of_motion": {
          "E": 1.0,
          "interpretation": "rest at infinity (specific energy)"
        },
        "kinematics": {
          "dr_dt_schwarzschild": null,
          "dr_dtau": -1.1547005383792515,
          "dt_dtau_schwarzschild": null
        },
        "times_from_r0": {
          "note": "For this E=1 infall, \u0394t_PG = \u0394\u03c4 (rain frame).",
          "r0": 10.0,
          "t_painleve_gullstrand": 14.041094446214158,
          "t_schwarzschild": null,
          "tau_proper": 14.041094446214158
        }
      }
    },
    {
      "causal_structure": {
        "coordinate_pathology_flag": {
          "pg_time_regular_at_horizon_for_this_infall": true,
          "proper_time_finite_through_horizon": true,
          "schwarzschild_time_breaks_at_horizon": true
        },
        "horizon_radius": 2.0,
        "radial_null_cone_dr_dt": null,
        "region": "interior (r<2M)"
      },
      "coordinates": {
        "phi": null,
        "r": 1.0,
        "t": null,
        "t_pg": null,
        "tau": null,
        "theta": null
      },
      "curvature_invariants": {
        "kretschmann": 48.0,
        "ricci_scalar": 0.0
      },
      "local_observables": {
        "constants_of_motion": {
          "E": 1.0,
          "interpretation": "rest at infinity (specific energy)"
        },
        "kinematics": {
          "dr_dt_schwarzschild": null,
          "dr_dtau": -1.4142135623730951,
          "dt_dtau_schwarzschild": null
        },
        "times_from_r0": {
          "note": "For this E=1 infall, \u0394t_PG = \u0394\u03c4 (rain frame).",
          "r0": 10.0,
          "t_painleve_gullstrand": 14.435715329207564,
          "t_schwarzschild": null,
          "tau_proper": 14.435715329207564
        }
      }
    }
  ],
  "spacetime": "Schwarzschild (radial timelike geodesic, E=1), compared in Schwarzschild t vs PG time",
  "theory": "General Relativity (exact geodesics in Schwarzschild)",
  "toy_id": "009",
  "units": {
    "G": 1,
    "c": 1
  }
}