{
  "notes": {
    "definitions_used": {
      "H_D": "H_D = (1/3) d/dt ln V_D = f(t)H1 + (1-f(t))H2",
      "Q_D": "Q_D=(2/3)(<theta^2>-<theta>^2) with theta_i=3H_i (shear-free proxy)",
      "V_D": "V_D=f0 a1^3 + (1-f0) a2^3",
      "a_D": "a_D = V_D^{1/3}",
      "a_i": "a_i(t)=(t/t0)^{n_i}, normalized so a_i(t0)=1",
      "rho_i": "rho_i=rho_i0/a_i^3 (dust proxy)"
    },
    "limitations": "This is a controlled averaging toy, not an exact stitched spacetime solution. Curvature invariants are exported as domain-averaged FLRW proxies for comparability.",
    "pressure_point": "In GR cosmology, averaging is not unique and does not commute with evolution. Backreaction terms (like Q_D) appear from inhomogeneity/variance even when each region is locally FLRW-like."
  },
  "observables": {
    "summary": {
      "key_result": "If n1 != n2 and 0<f0<1, Q_D is generically nonzero due to expansion variance. Thus averaged dynamics can differ from naive FLRW fitted to averaged density alone.",
      "max_abs_Q_backreaction": 0.0337499999999995
    }
  },
  "parameters": {
    "f0": 0.5,
    "n1": 0.7,
    "n2": 0.55,
    "rho1_0": 0.01,
    "rho2_0": 0.01,
    "t0": 1.0,
    "t_values": [
      1.0,
      2.0,
      3.0,
      4.0,
      5.0,
      6.0,
      7.0,
      8.0,
      9.0,
      10.0
    ]
  },
  "sample_points": [
    {
      "causal_structure": {
        "energy_warning": "Cosmological observables depend on averaging/gauge choices; 'the average universe' is not unique.",
        "horizon_radius": null,
        "radial_null_cone_dr_dt": {
          "ingoing": -1.0,
          "outgoing": 1.0
        },
        "region": "Buchert-style two-domain average (not a single exact metric)"
      },
      "coordinates": {
        "t": 1.0
      },
      "curvature_invariants": {
        "kretschmann": 2.6217749999999995,
        "ricci_scalar": 1.005
      },
      "local_observables": {
        "H1": 0.7,
        "H2": 0.55,
        "H_domain": 0.625,
        "Q_backreaction": 0.0337499999999995,
        "a1": 1.0,
        "a2": 1.0,
        "a_domain": 1.0,
        "accel_aDD_over_aD": null,
        "buchert_accel_lhs_3aDD/aD": null,
        "buchert_accel_mismatch": null,
        "buchert_accel_rhs_-4pi<rho>+Q": null,
        "notes": "Two-region averaging toy: even if each region is FLRW-like, the domain-averaged expansion includes a backreaction term Q from variance in expansion. This exposes the noncommutativity of averaging and evolution in GR cosmology.",
        "rho1_dust": 0.01,
        "rho2_dust": 0.01,
        "rho_domain_avg": 0.01,
        "tag": "mixed",
        "volume_fraction_f(t)": 0.5
      }
    },
    {
      "causal_structure": {
        "energy_warning": "Cosmological observables depend on averaging/gauge choices; 'the average universe' is not unique.",
        "horizon_radius": null,
        "radial_null_cone_dr_dt": {
          "ingoing": -1.0,
          "outgoing": 1.0
        },
        "region": "Buchert-style two-domain average (not a single exact metric)"
      },
      "coordinates": {
        "t": 2.0
      },
      "curvature_invariants": {
        "kretschmann": 0.17148624355351244,
        "ricci_scalar": 0.277356611310171
      },
      "local_observables": {
        "H1": 0.35,
        "H2": 0.275,
        "H_domain": 0.318301469180038,
        "Q_backreaction": 0.008235557732118407,
        "a1": 1.624504792712471,
        "a2": 1.4640856959456254,
        "a_domain": 1.5484500803499963,
        "accel_aDD_over_aD": -0.0764788747406098,
        "buchert_accel_lhs_3aDD/aD": -0.2294366242218294,
        "buchert_accel_mismatch": -0.2038253334744239,
        "buchert_accel_rhs_-4pi<rho>+Q": -0.0256112907474055,
        "notes": "Two-region averaging toy: even if each region is FLRW-like, the domain-averaged expansion includes a backreaction term Q from variance in expansion. This exposes the noncommutativity of averaging and evolution in GR cosmology.",
        "rho1_dust": 0.002332582478842019,
        "rho2_dust": 0.0031864015682981552,
        "rho_domain_avg": 0.0026934466217993155,
        "tag": "mixed",
        "volume_fraction_f(t)": 0.5773529224005067
      }
    },
    {
      "causal_structure": {
        "energy_warning": "Cosmological observables depend on averaging/gauge choices; 'the average universe' is not unique.",
        "horizon_radius": null,
        "radial_null_cone_dr_dt": {
          "ingoing": -1.0,
          "outgoing": 1.0
        },
        "region": "Buchert-style two-domain average (not a single exact metric)"
      },
      "coordinates": {
        "t": 3.0
      },
      "curvature_invariants": {
        "kretschmann": 0.03472639240574976,
        "ricci_scalar": 0.12983716451409705
      },
      "local_observables": {
        "H1": 0.2333333333333333,
        "H2": 0.18333333333333335,
        "H_domain": 0.21439016594914345,
        "Q_backreaction": 0.003529888671984338,
        "a1": 2.157669279974593,
        "a2": 1.8298550549433454,
        "a_domain": 2.007146908021096,
        "accel_aDD_over_aD": -0.027817948451837722,
        "buchert_accel_lhs_3aDD/aD": -0.08345384535551317,
        "buchert_accel_mismatch": -0.07144296943815309,
        "buchert_accel_rhs_-4pi<rho>+Q": -0.012010875917360084,
        "notes": "Two-region averaging toy: even if each region is FLRW-like, the domain-averaged expansion includes a backreaction term Q from variance in expansion. This exposes the noncommutativity of averaging and evolution in GR cosmology.",
        "rho1_dust": 0.000995509399823069,
        "rho2_dust": 0.0016321118940000818,
        "rho_domain_avg": 0.001236694751910827,
        "tag": "mixed",
        "volume_fraction_f(t)": 0.6211366523162029
      }
    },
    {
      "causal_structure": {
        "energy_warning": "Cosmological observables depend on averaging/gauge choices; 'the average universe' is not unique.",
        "horizon_radius": null,
        "radial_null_cone_dr_dt": {
          "ingoing": -1.0,
          "outgoing": 1.0
        },
        "region": "Buchert-style two-domain average (not a single exact metric)"
      },
      "coordinates": {
        "t": 4.0
      },
      "curvature_invariants": {
        "kretschmann": 0.011172192177313304,
        "ricci_scalar": 0.07556069172925498
      },
      "local_observables": {
        "H1": 0.175,
        "H2": 0.1375,
        "H_domain": 0.16191586299077998,
        "Q_backreaction": 0.001916762979418248,
        "a1": 2.6390158215457884,
        "a2": 2.1435469250725863,
        "a_domain": 2.4166757908401406,
        "accel_aDD_over_aD": -0.014562229875807985,
        "buchert_accel_lhs_3aDD/aD": -0.043686689627423954,
        "buchert_accel_mismatch": -0.03670007712168711,
        "buchert_accel_rhs_-4pi<rho>+Q": -0.006986612505736844,
        "notes": "Two-region averaging toy: even if each region is FLRW-like, the domain-averaged expansion includes a backreaction term Q from variance in expansion. This exposes the noncommutativity of averaging and evolution in GR cosmology.",
        "rho1_dust": 0.0005440941020600777,
        "rho2_dust": 0.0010153154954452945,
        "rho_domain_avg": 0.0007085081093328173,
        "tag": "mixed",
        "volume_fraction_f(t)": 0.6510896797541332
      }
    },
    {
      "causal_structure": {
        "energy_warning": "Cosmological observables depend on averaging/gauge choices; 'the average universe' is not unique.",
        "horizon_radius": null,
        "radial_null_cone_dr_dt": {
          "ingoing": -1.0,
          "outgoing": 1.0
        },
        "region": "Buchert-style two-domain average (not a single exact metric)"
      },
      "coordinates": {
        "t": 5.0
      },
      "curvature_invariants": {
        "kretschmann": 0.004632789486549048,
        "ricci_scalar": 0.04957124436267579
      },
      "local_observables": {
        "H1": 0.13999999999999999,
        "H2": 0.11000000000000001,
        "H_domain": 0.1302062468681532,
        "Q_backreaction": 0.0011873699612870436,
        "a1": 3.0851693136000478,
        "a2": 2.423446866642654,
        "a_domain": 2.793492681006988,
        "accel_aDD_over_aD": -0.009004719104137315,
        "buchert_accel_lhs_3aDD/aD": -0.027014157312411944,
        "buchert_accel_mismatch": -0.022436952850316917,
        "buchert_accel_rhs_-4pi<rho>+Q": -0.004577204462095027,
        "notes": "Two-region averaging toy: even if each region is FLRW-like, the domain-averaged expansion includes a backreaction term Q from variance in expansion. This exposes the noncommutativity of averaging and evolution in GR cosmology.",
        "rho1_dust": 0.000340535969008314,
        "rho2_dust": 0.0007025860019784107,
        "rho_domain_avg": 0.00045873025715118443,
        "tag": "mixed",
        "volume_fraction_f(t)": 0.6735415622717741
      }
    },
    {
      "causal_structure": {
        "energy_warning": "Cosmological observables depend on averaging/gauge choices; 'the average universe' is not unique.",
        "horizon_radius": null,
        "radial_null_cone_dr_dt": {
          "ingoing": -1.0,
          "outgoing": 1.0
        },
        "region": "Buchert-style two-domain average (not a single exact metric)"
      },
      "coordinates": {
        "t": 6.0
      },
      "curvature_invariants": {
        "kretschmann": 0.0022558120991857116,
        "ricci_scalar": 0.03509111936625492
      },
      "local_observables": {
        "H1": 0.11666666666666665,
        "H2": 0.09166666666666667,
        "H_domain": 0.10894963513305884,
        "Q_backreaction": 0.0008002392758969801,
        "a1": 3.5051440864071925,
        "a2": 2.6790646115963486,
        "a_domain": 3.1463215176060784,
        "accel_aDD_over_aD": -0.006133735603828518,
        "buchert_accel_lhs_3aDD/aD": -0.018401206811485556,
        "buchert_accel_mismatch": -0.015166845357402528,
        "buchert_accel_rhs_-4pi<rho>+Q": -0.003234361454083028,
        "notes": "Two-region averaging toy: even if each region is FLRW-like, the domain-averaged expansion includes a backreaction term Q from variance in expansion. This exposes the noncommutativity of averaging and evolution in GR cosmology.",
        "rho1_dust": 0.00023221077835498257,
        "rho2_dust": 0.0005200563898679932,
        "rho_domain_avg": 0.0003210633247892438,
        "tag": "mixed",
        "volume_fraction_f(t)": 0.6913187386556872
      }
    },
    {
      "causal_structure": {
        "energy_warning": "Cosmological observables depend on averaging/gauge choices; 'the average universe' is not unique.",
        "horizon_radius": null,
        "radial_null_cone_dr_dt": {
          "ingoing": -1.0,
          "outgoing": 1.0
        },
        "region": "Buchert-style two-domain average (not a single exact metric)"
      },
      "coordinates": {
        "t": 7.0
      },
      "curvature_invariants": {
        "kretschmann": 0.0012272242512290895,
        "ricci_scalar": 0.026183564479915756
      },
      "local_observables": {
        "H1": 0.09999999999999999,
        "H2": 0.07857142857142858,
        "H_domain": 0.09369832792882338,
        "Q_backreaction": 0.0005719485552239667,
        "a1": 3.9045287771227217,
        "a2": 2.916110133083706,
        "a_domain": 3.480484708150856,
        "accel_aDD_over_aD": -0.0044526270979562445,
        "buchert_accel_lhs_3aDD/aD": -0.013357881293868733,
        "buchert_accel_mismatch": -0.010949319226066623,
        "buchert_accel_rhs_-4pi<rho>+Q": -0.0024085620678021115,
        "notes": "Two-region averaging toy: even if each region is FLRW-like, the domain-averaged expansion includes a backreaction term Q from variance in expansion. This exposes the noncommutativity of averaging and evolution in GR cosmology.",
        "rho1_dust": 0.00016799413346796826,
        "rho2_dust": 0.00040326286752147907,
        "rho_domain_avg": 0.0002371814992962525,
        "tag": "mixed",
        "volume_fraction_f(t)": 0.7059219700117574
      }
    },
    {
      "causal_structure": {
        "energy_warning": "Cosmological observables depend on averaging/gauge choices; 'the average universe' is not unique.",
        "horizon_radius": null,
        "radial_null_cone_dr_dt": {
          "ingoing": -1.0,
          "outgoing": 1.0
        },
        "region": "Buchert-style two-domain average (not a single exact metric)"
      },
      "coordinates": {
        "t": 8.0
      },
      "curvature_invariants": {
        "kretschmann": 0.0007241196825815692,
        "ricci_scalar": 0.020306627405324195
      },
      "local_observables": {
        "H1": 0.0875,
        "H2": 0.06875,
        "H_domain": 0.08221700213806596,
        "Q_backreaction": 0.00042687686101237443,
        "a1": 4.2870938501451725,
        "a2": 3.138336391587003,
        "a_domain": 3.799529084992255,
        "accel_aDD_over_aD": -0.0033817691672696293,
        "buchert_accel_lhs_3aDD/aD": -0.010145307501808889,
        "buchert_accel_mismatch": -0.008281208339524955,
        "buchert_accel_rhs_-4pi<rho>+Q": -0.0018640991622839343,
        "notes": "Two-region averaging toy: even if each region is FLRW-like, the domain-averaged expansion includes a backreaction term Q from variance in expansion. This exposes the noncommutativity of averaging and evolution in GR cosmology.",
        "rho1_dust": 0.00012691443693066182,
        "rho2_dust": 0.0003235202887004304,
        "rho_domain_avg": 0.00018231007930631033,
        "tag": "mixed",
        "volume_fraction_f(t)": 0.7182401140301842
      }
    },
    {
      "causal_structure": {
        "energy_warning": "Cosmological observables depend on averaging/gauge choices; 'the average universe' is not unique.",
        "horizon_radius": null,
        "radial_null_cone_dr_dt": {
          "ingoing": -1.0,
          "outgoing": 1.0
        },
        "region": "Buchert-style two-domain average (not a single exact metric)"
      },
      "coordinates": {
        "t": 9.0
      },
      "curvature_invariants": {
        "kretschmann": 0.0004546128218071196,
        "ricci_scalar": 0.01622142678582462
      },
      "local_observables": {
        "H1": 0.07777777777777778,
        "H2": 0.061111111111111116,
        "H_domain": 0.07325846382286165,
        "Q_backreaction": 0.00032938620375302463,
        "a1": 4.655536721746079,
        "a2": 3.348369522101714,
        "a_domain": 4.105967057113883,
        "accel_aDD_over_aD": -0.002656907854153773,
        "buchert_accel_lhs_3aDD/aD": -0.00797072356246132,
        "buchert_accel_mismatch": -0.006484746755544371,
        "buchert_accel_rhs_-4pi<rho>+Q": -0.0014859768069169482,
        "notes": "Two-region averaging toy: even if each region is FLRW-like, the domain-averaged expansion includes a backreaction term Q from variance in expansion. This exposes the noncommutativity of averaging and evolution in GR cosmology.",
        "rho1_dust": 9.910389651360877e-05,
        "rho2_dust": 0.0002663789234536534,
        "rho_domain_avg": 0.00014446199832715564,
        "tag": "mixed",
        "volume_fraction_f(t)": 0.7288411627050324
      }
    },
    {
      "causal_structure": {
        "energy_warning": "Cosmological observables depend on averaging/gauge choices; 'the average universe' is not unique.",
        "horizon_radius": null,
        "radial_null_cone_dr_dt": {
          "ingoing": -1.0,
          "outgoing": 1.0
        },
        "region": "Buchert-style two-domain average (not a single exact metric)"
      },
      "coordinates": {
        "t": 10.0
      },
      "curvature_invariants": {
        "kretschmann": 0.00029973324715743736,
        "ricci_scalar": 0.013264471939295645
      },
      "local_observables": {
        "H1": 0.06999999999999999,
        "H2": 0.05500000000000001,
        "H_domain": 0.06607163548810627,
        "Q_backreaction": 0.0002609605196405943,
        "a1": 5.011872336272722,
        "a2": 3.548133892335755,
        "a_domain": 4.401660017527443,
        "accel_aDD_over_aD": null,
        "buchert_accel_lhs_3aDD/aD": null,
        "buchert_accel_mismatch": null,
        "buchert_accel_rhs_-4pi<rho>+Q": null,
        "notes": "Two-region averaging toy: even if each region is FLRW-like, the domain-averaged expansion includes a backreaction term Q from variance in expansion. This exposes the noncommutativity of averaging and evolution in GR cosmology.",
        "rho1_dust": 7.94328234724282e-05,
        "rho2_dust": 0.00022387211385683386,
        "rho_domain_avg": 0.00011726016897037564,
        "tag": "mixed",
        "volume_fraction_f(t)": 0.7381090325404184
      }
    }
  ],
  "spacetime": "Two-domain FLRW-like patchwork (Buchert-style averaging toy; k=0 per domain)",
  "theory": "General Relativity (cosmological averaging / backreaction)",
  "toy_id": "039",
  "units": {
    "G": 1,
    "c": 1
  }
}