{
  "notes": {
    "domain_of_validity": "Finite-dimensional proxy capturing the logical dependence of relational time on clock choice. Not a full Wheeler\u2013DeWitt field theory.",
    "key_steps": {
      "conditioning": "rho_sys|c = Tr_clock[(P_c rho P_c)] / p(c)",
      "factorization_A": "clock=qubit0, system=qubit1, measure clock in Z basis",
      "factorization_B": "apply global U then define clock as qubit0 in transformed split"
    },
    "pressure_point": "A 'timeless' global state can yield an effective time parameter via correlations with a chosen clock. But the clock/factorization choice is not unique, so the emergent time slicing is not unique."
  },
  "observables": {
    "summary": {
      "note": "Nonzero distances show that relational 'time slices' depend on factorization/clock choice.",
      "trace_distance_between_time_slices_within_factorization": {
        "A": 1.0,
        "B": 0.0
      },
      "trace_distance_same_label_between_factorizations": {
        "label_0": 0.0,
        "label_1": 1.0
      },
      "uniqueness_status": false
    }
  },
  "parameters": {
    "U_cnot_matrix": [
      [
        {
          "im": 0.0,
          "re": 1.0
        },
        {
          "im": 0.0,
          "re": 0.0
        },
        {
          "im": 0.0,
          "re": 0.0
        },
        {
          "im": 0.0,
          "re": 0.0
        }
      ],
      [
        {
          "im": 0.0,
          "re": 0.0
        },
        {
          "im": 0.0,
          "re": 1.0
        },
        {
          "im": 0.0,
          "re": 0.0
        },
        {
          "im": 0.0,
          "re": 0.0
        }
      ],
      [
        {
          "im": 0.0,
          "re": 0.0
        },
        {
          "im": 0.0,
          "re": 0.0
        },
        {
          "im": 0.0,
          "re": 0.0
        },
        {
          "im": 0.0,
          "re": 1.0
        }
      ],
      [
        {
          "im": 0.0,
          "re": 0.0
        },
        {
          "im": 0.0,
          "re": 0.0
        },
        {
          "im": 0.0,
          "re": 1.0
        },
        {
          "im": 0.0,
          "re": 0.0
        }
      ]
    ],
    "global_state_basis": "|q0 q1> with q0=clock label in Factorization A",
    "global_state_psi": [
      {
        "im": 0.0,
        "re": 0.7071067811865475
      },
      {
        "im": 0.0,
        "re": 0.0
      },
      {
        "im": 0.0,
        "re": 0.0
      },
      {
        "im": 0.0,
        "re": 0.7071067811865475
      }
    ],
    "hilbert_space": "two qubits: H = H_C \u2297 H_S (dim=4)",
    "unitary_for_factorization_B": "CNOT(q0->q1)"
  },
  "sample_points": [
    {
      "causal_structure": {
        "emergent_time_labels": [
          0,
          1
        ],
        "note": "Time labels arise from clock outcomes; other clock choices exist.",
        "time_uniqueness": false
      },
      "coordinates": {
        "case": "factorization_A"
      },
      "curvature_invariants": {
        "kretschmann": null,
        "note": "No classical geometry.",
        "ricci_scalar": null
      },
      "local_observables": {
        "clock_basis": "Z on qubit0",
        "conditional_system_states": [
          {
            "clock_outcome": 0,
            "probability": 0.4999999999999999,
            "purity": 1.0,
            "rho_system": [
              [
                {
                  "im": 0.0,
                  "re": 1.0
                },
                {
                  "im": 0.0,
                  "re": 0.0
                }
              ],
              [
                {
                  "im": 0.0,
                  "re": 0.0
                },
                {
                  "im": 0.0,
                  "re": 0.0
                }
              ]
            ]
          },
          {
            "clock_outcome": 1,
            "probability": 0.4999999999999999,
            "purity": 1.0,
            "rho_system": [
              [
                {
                  "im": 0.0,
                  "re": 0.0
                },
                {
                  "im": 0.0,
                  "re": 0.0
                }
              ],
              [
                {
                  "im": 0.0,
                  "re": 0.0
                },
                {
                  "im": 0.0,
                  "re": 1.0
                }
              ]
            ]
          }
        ],
        "global_rho": [
          [
            {
              "im": 0.0,
              "re": 0.4999999999999999
            },
            {
              "im": 0.0,
              "re": 0.0
            },
            {
              "im": 0.0,
              "re": 0.0
            },
            {
              "im": 0.0,
              "re": 0.4999999999999999
            }
          ],
          [
            {
              "im": 0.0,
              "re": 0.0
            },
            {
              "im": 0.0,
              "re": 0.0
            },
            {
              "im": 0.0,
              "re": 0.0
            },
            {
              "im": 0.0,
              "re": 0.0
            }
          ],
          [
            {
              "im": 0.0,
              "re": 0.0
            },
            {
              "im": 0.0,
              "re": 0.0
            },
            {
              "im": 0.0,
              "re": 0.0
            },
            {
              "im": 0.0,
              "re": 0.0
            }
          ],
          [
            {
              "im": 0.0,
              "re": 0.4999999999999999
            },
            {
              "im": 0.0,
              "re": 0.0
            },
            {
              "im": 0.0,
              "re": 0.0
            },
            {
              "im": 0.0,
              "re": 0.4999999999999999
            }
          ]
        ]
      }
    },
    {
      "causal_structure": {
        "emergent_time_labels": [
          0,
          1
        ],
        "note": "Same abstract labels, different conditional states => different emergent 'times'.",
        "time_uniqueness": false
      },
      "coordinates": {
        "case": "factorization_B"
      },
      "curvature_invariants": {
        "kretschmann": null,
        "note": "No classical geometry.",
        "ricci_scalar": null
      },
      "local_observables": {
        "clock_basis": "Z on qubit0 after global unitary",
        "conditional_system_states": [
          {
            "clock_outcome": 0,
            "probability": 0.4999999999999999,
            "purity": 1.0,
            "rho_system": [
              [
                {
                  "im": 0.0,
                  "re": 1.0
                },
                {
                  "im": 0.0,
                  "re": 0.0
                }
              ],
              [
                {
                  "im": 0.0,
                  "re": 0.0
                },
                {
                  "im": 0.0,
                  "re": 0.0
                }
              ]
            ]
          },
          {
            "clock_outcome": 1,
            "probability": 0.4999999999999999,
            "purity": 1.0,
            "rho_system": [
              [
                {
                  "im": 0.0,
                  "re": 1.0
                },
                {
                  "im": 0.0,
                  "re": 0.0
                }
              ],
              [
                {
                  "im": 0.0,
                  "re": 0.0
                },
                {
                  "im": 0.0,
                  "re": 0.0
                }
              ]
            ]
          }
        ],
        "global_rho_transformed": [
          [
            {
              "im": 0.0,
              "re": 0.4999999999999999
            },
            {
              "im": 0.0,
              "re": 0.0
            },
            {
              "im": 0.0,
              "re": 0.4999999999999999
            },
            {
              "im": 0.0,
              "re": 0.0
            }
          ],
          [
            {
              "im": 0.0,
              "re": 0.0
            },
            {
              "im": 0.0,
              "re": 0.0
            },
            {
              "im": 0.0,
              "re": 0.0
            },
            {
              "im": 0.0,
              "re": 0.0
            }
          ],
          [
            {
              "im": 0.0,
              "re": 0.4999999999999999
            },
            {
              "im": 0.0,
              "re": 0.0
            },
            {
              "im": 0.0,
              "re": 0.4999999999999999
            },
            {
              "im": 0.0,
              "re": 0.0
            }
          ],
          [
            {
              "im": 0.0,
              "re": 0.0
            },
            {
              "im": 0.0,
              "re": 0.0
            },
            {
              "im": 0.0,
              "re": 0.0
            },
            {
              "im": 0.0,
              "re": 0.0
            }
          ]
        ]
      }
    }
  ],
  "spacetime": "N/A (timeless global quantum state; time from subsystem correlations)",
  "theory": "Relational time emergence diagnostic (Page\u2013Wootters-style; finite-dimensional proxy)",
  "toy_id": "078",
  "units": {
    "G": 1,
    "c": 1
  }
}