{
  "notes": {
    "domain_of_validity": "Semiclassical 2D conformal field theory approximation on fixed background; captures state-dependence cleanly without backreaction.",
    "key_equations": {
      "Tuu_Tvv": "<T_uu>= (f'^2)/(192\u03c0) - (f f'')/(96\u03c0) + t_u ; <T_vv>= same + t_v",
      "Tuv": "<T_uv>= (f f'')/(96\u03c0)",
      "f": "f(r) = 1 - 2M/r",
      "hawking_flux": "F = \u03ba^2/(48\u03c0), \u03ba=1/(4M)",
      "state_constants": "Boulware:(0,0) Hartle-Hawking:(F,F) Unruh:(F,0)"
    },
    "pressure_point": "Geometry alone does not determine physical stress-energy observables: on the same Schwarzschild metric, different quantum states yield different <T_ab>."
  },
  "observables": {
    "summary": {
      "geometry_fully_specified": true,
      "max_T_uu_variance_over_samples": 5.7260687731898434e-08,
      "max_rho_static_variance_over_samples": 7.575588986930144e-05,
      "note": "Nonzero variance indicates state-dependent physics on fixed geometry (ensemble spread).",
      "state_family_size": 3
    }
  },
  "parameters": {
    "M": 1.0,
    "conventions": "\u0127 = k_B = 1; 2D conformal scalar Polyakov stress tensor with state constants (t_u, t_v).",
    "r_samples": [
      50.0,
      20.0,
      10.0,
      6.0,
      4.0,
      3.0,
      2.5,
      2.2,
      2.1
    ]
  },
  "sample_points": [
    {
      "causal_structure": {
        "horizon_radius": 2.0,
        "note": "Toy reports stress tensor components on the fixed background; interior values may be non-static.",
        "region": "exterior (r>2M)"
      },
      "coordinates": {
        "phi": null,
        "r": 50.0,
        "t": null,
        "theta": null
      },
      "curvature_invariants": {
        "kretschmann": 3.072e-09,
        "note": "Geometry fixed by M. Stress tensor differences come from state parameters (t_u, t_v).",
        "ricci_scalar": 0.0
      },
      "local_observables": {
        "ensemble_spread": {
          "T_tt_variance": 1.7178206319569535e-07,
          "T_uu_variance": 5.7260687731898434e-08,
          "T_vv_variance": 5.726068773189844e-08,
          "note": "Variance computed across {Boulware, Hartle-Hawking, Unruh} for finite entries only.",
          "rho_static_variance": 1.8639546787727358e-07
        },
        "hawking_flux_constant_F_2d": 0.00041446599763514413,
        "schwarzschild_f": 0.96,
        "state_family": {
          "boulware": {
            "T_tt": 2.122065907891942e-09,
            "T_uu": 1.0292019653275898e-07,
            "T_uv": -1.0185916357881301e-07,
            "T_vv": 1.0292019653275898e-07,
            "rho_static": 2.210485320720773e-09,
            "t_u": 0.0,
            "t_v": 0.0
          },
          "hartle_hawking": {
            "T_tt": 0.0008289341173361962,
            "T_uu": 0.0004145689178316769,
            "T_uv": -1.0185916357881301e-07,
            "T_vv": 0.0004145689178316769,
            "rho_static": 0.0008634730388918711,
            "t_u": 0.00041446599763514413,
            "t_v": 0.00041446599763514413
          },
          "unruh": {
            "T_tt": 0.00041446811970105205,
            "T_uu": 0.0004145689178316769,
            "T_uv": -1.0185916357881301e-07,
            "T_vv": 1.0292019653275898e-07,
            "rho_static": 0.0004317376246885959,
            "t_u": 0.00041446599763514413,
            "t_v": 0.0
          }
        },
        "surface_gravity_kappa": 0.25
      }
    },
    {
      "causal_structure": {
        "horizon_radius": 2.0,
        "note": "Toy reports stress tensor components on the fixed background; interior values may be non-static.",
        "region": "exterior (r>2M)"
      },
      "coordinates": {
        "phi": null,
        "r": 20.0,
        "t": null,
        "theta": null
      },
      "curvature_invariants": {
        "kretschmann": 7.5e-07,
        "note": "Geometry fixed by M. Stress tensor differences come from state parameters (t_u, t_v).",
        "ricci_scalar": 0.0
      },
      "local_observables": {
        "ensemble_spread": {
          "T_tt_variance": 1.717820631956953e-07,
          "T_uu_variance": 5.7260687731898434e-08,
          "T_vv_variance": 5.726068773189843e-08,
          "note": "Variance computed across {Boulware, Hartle-Hawking, Unruh} for finite entries only.",
          "rho_static_variance": 2.1207662122925344e-07
        },
        "hawking_flux_constant_F_2d": 0.00041446599763514413,
        "schwarzschild_f": 0.9,
        "state_family": {
          "boulware": {
            "T_tt": 8.289319952702864e-08,
            "T_uu": 1.5335241912500333e-06,
            "T_uv": -1.492077591486519e-06,
            "T_vv": 1.5335241912500333e-06,
            "rho_static": 9.210355503003182e-08,
            "t_u": 0.0,
            "t_v": 0.0
          },
          "hartle_hawking": {
            "T_tt": 0.0008290148884698153,
            "T_uu": 0.0004159995218263942,
            "T_uv": -1.492077591486519e-06,
            "T_vv": 0.0004159995218263942,
            "rho_static": 0.0009211276538553503,
            "t_u": 0.00041446599763514413,
            "t_v": 0.00041446599763514413
          },
          "unruh": {
            "T_tt": 0.00041454889083467116,
            "T_uu": 0.0004159995218263942,
            "T_uv": -1.492077591486519e-06,
            "T_vv": 1.5335241912500333e-06,
            "rho_static": 0.00046060987870519016,
            "t_u": 0.00041446599763514413,
            "t_v": 0.0
          }
        },
        "surface_gravity_kappa": 0.25
      }
    },
    {
      "causal_structure": {
        "horizon_radius": 2.0,
        "note": "Toy reports stress tensor components on the fixed background; interior values may be non-static.",
        "region": "exterior (r>2M)"
      },
      "coordinates": {
        "phi": null,
        "r": 10.0,
        "t": null,
        "theta": null
      },
      "curvature_invariants": {
        "kretschmann": 4.8e-05,
        "note": "Geometry fixed by M. Stress tensor differences come from state parameters (t_u, t_v).",
        "ricci_scalar": 0.0
      },
      "local_observables": {
        "ensemble_spread": {
          "T_tt_variance": 1.7178206319569533e-07,
          "T_uu_variance": 5.7260687731898434e-08,
          "T_vv_variance": 5.726068773189843e-08,
          "note": "Variance computed across {Boulware, Hartle-Hawking, Unruh} for finite entries only.",
          "rho_static_variance": 2.6840947374327395e-07
        },
        "hawking_flux_constant_F_2d": 0.00041446599763514413,
        "schwarzschild_f": 0.8,
        "state_family": {
          "boulware": {
            "T_tt": 1.3262911924324617e-06,
            "T_uu": 1.1273475135675921e-05,
            "T_uv": -1.061032953945969e-05,
            "T_vv": 1.1273475135675921e-05,
            "rho_static": 1.6578639905405771e-06,
            "t_u": 0.0,
            "t_v": 0.0
          },
          "hartle_hawking": {
            "T_tt": 0.0008302582864627208,
            "T_uu": 0.00042573947277082006,
            "T_uv": -1.061032953945969e-05,
            "T_vv": 0.00042573947277082006,
            "rho_static": 0.001037822858078401,
            "t_u": 0.00041446599763514413,
            "t_v": 0.00041446599763514413
          },
          "unruh": {
            "T_tt": 0.0004157922888275766,
            "T_uu": 0.00042573947277082006,
            "T_uv": -1.061032953945969e-05,
            "T_vv": 1.1273475135675921e-05,
            "rho_static": 0.0005197403610344707,
            "t_u": 0.00041446599763514413,
            "t_v": 0.0
          }
        },
        "surface_gravity_kappa": 0.25
      }
    },
    {
      "causal_structure": {
        "horizon_radius": 2.0,
        "note": "Toy reports stress tensor components on the fixed background; interior values may be non-static.",
        "region": "exterior (r>2M)"
      },
      "coordinates": {
        "phi": null,
        "r": 6.0,
        "t": null,
        "theta": null
      },
      "curvature_invariants": {
        "kretschmann": 0.00102880658436214,
        "note": "Geometry fixed by M. Stress tensor differences come from state parameters (t_u, t_v).",
        "ricci_scalar": 0.0
      },
      "local_observables": {
        "ensemble_spread": {
          "T_tt_variance": 1.7178206319569528e-07,
          "T_uu_variance": 5.726068773189842e-08,
          "T_vv_variance": 5.726068773189842e-08,
          "note": "Variance computed across {Boulware, Hartle-Hawking, Unruh} for finite entries only.",
          "rho_static_variance": 3.8650964219031423e-07
        },
        "hawking_flux_constant_F_2d": 0.00041446599763514413,
        "schwarzschild_f": 0.6666666666666667,
        "state_family": {
          "boulware": {
            "T_tt": 1.0233728336670226e-05,
            "T_uu": 4.605177751501602e-05,
            "T_uv": -4.0934913346680904e-05,
            "T_vv": 4.605177751501602e-05,
            "rho_static": 1.5350592505005336e-05,
            "t_u": 0.0,
            "t_v": 0.0
          },
          "hartle_hawking": {
            "T_tt": 0.0008391657236069584,
            "T_uu": 0.0004605177751501601,
            "T_uv": -4.0934913346680904e-05,
            "T_vv": 0.0004605177751501601,
            "rho_static": 0.0012587485854104374,
            "t_u": 0.00041446599763514413,
            "t_v": 0.00041446599763514413
          },
          "unruh": {
            "T_tt": 0.0004246997259718143,
            "T_uu": 0.0004605177751501601,
            "T_uv": -4.0934913346680904e-05,
            "T_vv": 4.605177751501602e-05,
            "rho_static": 0.0006370495889577213,
            "t_u": 0.00041446599763514413,
            "t_v": 0.0
          }
        },
        "surface_gravity_kappa": 0.25
      }
    },
    {
      "causal_structure": {
        "horizon_radius": 2.0,
        "note": "Toy reports stress tensor components on the fixed background; interior values may be non-static.",
        "region": "exterior (r>2M)"
      },
      "coordinates": {
        "phi": null,
        "r": 4.0,
        "t": null,
        "theta": null
      },
      "curvature_invariants": {
        "kretschmann": 0.01171875,
        "note": "Geometry fixed by M. Stress tensor differences come from state parameters (t_u, t_v).",
        "ricci_scalar": 0.0
      },
      "local_observables": {
        "ensemble_spread": {
          "T_tt_variance": 1.7178206319569525e-07,
          "T_uu_variance": 5.726068773189842e-08,
          "T_vv_variance": 5.726068773189842e-08,
          "note": "Variance computed across {Boulware, Hartle-Hawking, Unruh} for finite entries only.",
          "rho_static_variance": 6.87128252782781e-07
        },
        "hawking_flux_constant_F_2d": 0.00041446599763514413,
        "schwarzschild_f": 0.5,
        "state_family": {
          "boulware": {
            "T_tt": 5.180824970439299e-05,
            "T_uu": 0.00012952062426098253,
            "T_uv": -0.00010361649940878603,
            "T_vv": 0.00012952062426098253,
            "rho_static": 0.00010361649940878598,
            "t_u": 0.0,
            "t_v": 0.0
          },
          "hartle_hawking": {
            "T_tt": 0.0008807402449746811,
            "T_uu": 0.0005439866218961266,
            "T_uv": -0.00010361649940878603,
            "T_vv": 0.0005439866218961266,
            "rho_static": 0.0017614804899493623,
            "t_u": 0.00041446599763514413,
            "t_v": 0.00041446599763514413
          },
          "unruh": {
            "T_tt": 0.000466274247339537,
            "T_uu": 0.0005439866218961266,
            "T_uv": -0.00010361649940878603,
            "T_vv": 0.00012952062426098253,
            "rho_static": 0.000932548494679074,
            "t_u": 0.00041446599763514413,
            "t_v": 0.0
          }
        },
        "surface_gravity_kappa": 0.25
      }
    },
    {
      "causal_structure": {
        "horizon_radius": 2.0,
        "note": "Toy reports stress tensor components on the fixed background; interior values may be non-static.",
        "region": "exterior (r>2M)"
      },
      "coordinates": {
        "phi": null,
        "r": 3.0,
        "t": null,
        "theta": null
      },
      "curvature_invariants": {
        "kretschmann": 0.06584362139917696,
        "note": "Geometry fixed by M. Stress tensor differences come from state parameters (t_u, t_v).",
        "ricci_scalar": 0.0
      },
      "local_observables": {
        "ensemble_spread": {
          "T_tt_variance": 1.717820631956953e-07,
          "T_uu_variance": 5.7260687731898434e-08,
          "T_vv_variance": 5.7260687731898434e-08,
          "note": "Variance computed across {Boulware, Hartle-Hawking, Unruh} for finite entries only.",
          "rho_static_variance": 1.5460385687612576e-06
        },
        "hawking_flux_constant_F_2d": 0.00041446599763514413,
        "schwarzschild_f": 0.33333333333333337,
        "state_family": {
          "boulware": {
            "T_tt": 0.00016373965338672362,
            "T_uu": 0.0002456094800800854,
            "T_uv": -0.00016373965338672362,
            "T_vv": 0.0002456094800800854,
            "rho_static": 0.0004912189601601707,
            "t_u": 0.0,
            "t_v": 0.0
          },
          "hartle_hawking": {
            "T_tt": 0.0009926716486570119,
            "T_uu": 0.0006600754777152296,
            "T_uv": -0.00016373965338672362,
            "T_vv": 0.0006600754777152296,
            "rho_static": 0.002978014945971035,
            "t_u": 0.00041446599763514413,
            "t_v": 0.00041446599763514413
          },
          "unruh": {
            "T_tt": 0.0005782056510218677,
            "T_uu": 0.0006600754777152296,
            "T_uv": -0.00016373965338672362,
            "T_vv": 0.0002456094800800854,
            "rho_static": 0.001734616953065603,
            "t_u": 0.00041446599763514413,
            "t_v": 0.0
          }
        },
        "surface_gravity_kappa": 0.25
      }
    },
    {
      "causal_structure": {
        "horizon_radius": 2.0,
        "note": "Toy reports stress tensor components on the fixed background; interior values may be non-static.",
        "region": "exterior (r>2M)"
      },
      "coordinates": {
        "phi": null,
        "r": 2.5,
        "t": null,
        "theta": null
      },
      "curvature_invariants": {
        "kretschmann": 0.196608,
        "note": "Geometry fixed by M. Stress tensor differences come from state parameters (t_u, t_v).",
        "ricci_scalar": 0.0
      },
      "local_observables": {
        "ensemble_spread": {
          "T_tt_variance": 1.7178206319569525e-07,
          "T_uu_variance": 5.7260687731898414e-08,
          "T_vv_variance": 5.726068773189842e-08,
          "note": "Variance computed across {Boulware, Hartle-Hawking, Unruh} for finite entries only.",
          "rho_static_variance": 4.294551579892383e-06
        },
        "hawking_flux_constant_F_2d": 0.00041446599763514413,
        "schwarzschild_f": 0.19999999999999996,
        "state_family": {
          "boulware": {
            "T_tt": 0.0003395305452627101,
            "T_uu": 0.00033953054526271003,
            "T_uv": -0.000169765272631355,
            "T_vv": 0.00033953054526271003,
            "rho_static": 0.0016976527263135508,
            "t_u": 0.0,
            "t_v": 0.0
          },
          "hartle_hawking": {
            "T_tt": 0.0011684625405329982,
            "T_uu": 0.0007539965428978541,
            "T_uv": -0.000169765272631355,
            "T_vv": 0.0007539965428978541,
            "rho_static": 0.005842312702664993,
            "t_u": 0.00041446599763514413,
            "t_v": 0.00041446599763514413
          },
          "unruh": {
            "T_tt": 0.0007539965428978541,
            "T_uu": 0.0007539965428978541,
            "T_uv": -0.000169765272631355,
            "T_vv": 0.00033953054526271003,
            "rho_static": 0.0037699827144892714,
            "t_u": 0.00041446599763514413,
            "t_v": 0.0
          }
        },
        "surface_gravity_kappa": 0.25
      }
    },
    {
      "causal_structure": {
        "horizon_radius": 2.0,
        "note": "Toy reports stress tensor components on the fixed background; interior values may be non-static.",
        "region": "exterior (r>2M)"
      },
      "coordinates": {
        "phi": null,
        "r": 2.2,
        "t": null,
        "theta": null
      },
      "curvature_invariants": {
        "kretschmann": 0.4233554475403329,
        "note": "Geometry fixed by M. Stress tensor differences come from state parameters (t_u, t_v).",
        "ricci_scalar": 0.0
      },
      "local_observables": {
        "ensemble_spread": {
          "T_tt_variance": 1.7178206319569525e-07,
          "T_uu_variance": 5.7260687731898434e-08,
          "T_vv_variance": 5.7260687731898434e-08,
          "note": "Variance computed across {Boulware, Hartle-Hawking, Unruh} for finite entries only.",
          "rho_static_variance": 2.0785629646679114e-05
        },
        "hawking_flux_constant_F_2d": 0.00041446599763514413,
        "schwarzschild_f": 0.09090909090909094,
        "state_family": {
          "boulware": {
            "T_tt": 0.0005661717063522219,
            "T_uu": 0.00039632019444655535,
            "T_uv": -0.0001132343412704444,
            "T_vv": 0.00039632019444655535,
            "rho_static": 0.0062278887698744385,
            "t_u": 0.0,
            "t_v": 0.0
          },
          "hartle_hawking": {
            "T_tt": 0.00139510370162251,
            "T_uu": 0.0008107861920816995,
            "T_uv": -0.0001132343412704444,
            "T_vv": 0.0008107861920816995,
            "rho_static": 0.015346140717847605,
            "t_u": 0.00041446599763514413,
            "t_v": 0.00041446599763514413
          },
          "unruh": {
            "T_tt": 0.000980637703987366,
            "T_uu": 0.0008107861920816995,
            "T_uv": -0.0001132343412704444,
            "T_vv": 0.00039632019444655535,
            "rho_static": 0.010787014743861022,
            "t_u": 0.00041446599763514413,
            "t_v": 0.0
          }
        },
        "surface_gravity_kappa": 0.25
      }
    },
    {
      "causal_structure": {
        "horizon_radius": 2.0,
        "note": "Toy reports stress tensor components on the fixed background; interior values may be non-static.",
        "region": "exterior (r>2M)"
      },
      "coordinates": {
        "phi": null,
        "r": 2.1,
        "t": null,
        "theta": null
      },
      "curvature_invariants": {
        "kretschmann": 0.5596615474774705,
        "note": "Geometry fixed by M. Stress tensor differences come from state parameters (t_u, t_v).",
        "ricci_scalar": 0.0
      },
      "local_observables": {
        "ensemble_spread": {
          "T_tt_variance": 1.7178206319569525e-07,
          "T_uu_variance": 5.7260687731898434e-08,
          "T_vv_variance": 5.7260687731898434e-08,
          "note": "Variance computed across {Boulware, Hartle-Hawking, Unruh} for finite entries only.",
          "rho_static_variance": 7.575588986930144e-05
        },
        "hawking_flux_constant_F_2d": 0.00041446599763514413,
        "schwarzschild_f": 0.04761904761904767,
        "state_family": {
          "boulware": {
            "T_tt": 0.0006819644039430386,
            "T_uu": 0.00040917864236582324,
            "T_uv": -6.819644039430395e-05,
            "T_vv": 0.00040917864236582324,
            "rho_static": 0.014321252482803795,
            "t_u": 0.0,
            "t_v": 0.0
          },
          "hartle_hawking": {
            "T_tt": 0.0015108963992133267,
            "T_uu": 0.0008236446400009674,
            "T_uv": -6.819644039430395e-05,
            "T_vv": 0.0008236446400009674,
            "rho_static": 0.03172882438347983,
            "t_u": 0.00041446599763514413,
            "t_v": 0.00041446599763514413
          },
          "unruh": {
            "T_tt": 0.0010964304015781828,
            "T_uu": 0.0008236446400009674,
            "T_uv": -6.819644039430395e-05,
            "T_vv": 0.00040917864236582324,
            "rho_static": 0.023025038433141815,
            "t_u": 0.00041446599763514413,
            "t_v": 0.0
          }
        },
        "surface_gravity_kappa": 0.25
      }
    }
  ],
  "spacetime": "Schwarzschild (geometry fixed by M) with state-dependent <T_ab> (Boulware/Unruh/Hartle-Hawking)",
  "theory": "General Relativity (fixed Schwarzschild) + semiclassical QFT (2D Polyakov stress tensor)",
  "toy_id": "067",
  "units": {
    "G": 1,
    "c": 1
  }
}