{
  "notes": {
    "charts_compared": [
      "Schwarzschild",
      "Eddington\u2013Finkelstein (ingoing)",
      "Painlev\u00e9\u2013Gullstrand (ingoing)"
    ],
    "pressure_point": "Any disagreement indicates a bug or a coordinate artifact, not a physical effect.",
    "purpose": "Regression test ensuring curvature invariants are identical across different coordinate representations of the same spacetime."
  },
  "observables": {
    "summary": {
      "all_points_invariant_consistent": true,
      "horizon_radius_2M": 2.0
    }
  },
  "parameters": {
    "M": 1.0,
    "tolerance": 1e-12
  },
  "sample_points": [
    {
      "causal_structure": {},
      "coordinates": {
        "r": 0.75
      },
      "curvature_invariants": {
        "consistent_within_tolerance": true,
        "kretschmann_by_chart": {
          "eddington_finkelstein": {
            "K": 269.69547325102883,
            "R": 0.0
          },
          "painleve_gullstrand": {
            "K": 269.69547325102883,
            "R": 0.0
          },
          "schwarzschild": {
            "K": 269.69547325102883,
            "R": 0.0
          }
        },
        "tolerance": 1e-12
      },
      "local_observables": {}
    },
    {
      "causal_structure": {},
      "coordinates": {
        "r": 1.0
      },
      "curvature_invariants": {
        "consistent_within_tolerance": true,
        "kretschmann_by_chart": {
          "eddington_finkelstein": {
            "K": 48.0,
            "R": 0.0
          },
          "painleve_gullstrand": {
            "K": 48.0,
            "R": 0.0
          },
          "schwarzschild": {
            "K": 48.0,
            "R": 0.0
          }
        },
        "tolerance": 1e-12
      },
      "local_observables": {}
    },
    {
      "causal_structure": {},
      "coordinates": {
        "r": 1.5
      },
      "curvature_invariants": {
        "consistent_within_tolerance": true,
        "kretschmann_by_chart": {
          "eddington_finkelstein": {
            "K": 4.2139917695473255,
            "R": 0.0
          },
          "painleve_gullstrand": {
            "K": 4.2139917695473255,
            "R": 0.0
          },
          "schwarzschild": {
            "K": 4.2139917695473255,
            "R": 0.0
          }
        },
        "tolerance": 1e-12
      },
      "local_observables": {}
    },
    {
      "causal_structure": {},
      "coordinates": {
        "r": 2.0
      },
      "curvature_invariants": {
        "consistent_within_tolerance": true,
        "kretschmann_by_chart": {
          "eddington_finkelstein": {
            "K": 0.75,
            "R": 0.0
          },
          "painleve_gullstrand": {
            "K": 0.75,
            "R": 0.0
          },
          "schwarzschild": {
            "K": 0.75,
            "R": 0.0
          }
        },
        "tolerance": 1e-12
      },
      "local_observables": {}
    },
    {
      "causal_structure": {},
      "coordinates": {
        "r": 2.5
      },
      "curvature_invariants": {
        "consistent_within_tolerance": true,
        "kretschmann_by_chart": {
          "eddington_finkelstein": {
            "K": 0.196608,
            "R": 0.0
          },
          "painleve_gullstrand": {
            "K": 0.196608,
            "R": 0.0
          },
          "schwarzschild": {
            "K": 0.196608,
            "R": 0.0
          }
        },
        "tolerance": 1e-12
      },
      "local_observables": {}
    },
    {
      "causal_structure": {},
      "coordinates": {
        "r": 5.0
      },
      "curvature_invariants": {
        "consistent_within_tolerance": true,
        "kretschmann_by_chart": {
          "eddington_finkelstein": {
            "K": 0.003072,
            "R": 0.0
          },
          "painleve_gullstrand": {
            "K": 0.003072,
            "R": 0.0
          },
          "schwarzschild": {
            "K": 0.003072,
            "R": 0.0
          }
        },
        "tolerance": 1e-12
      },
      "local_observables": {}
    },
    {
      "causal_structure": {},
      "coordinates": {
        "r": 10.0
      },
      "curvature_invariants": {
        "consistent_within_tolerance": true,
        "kretschmann_by_chart": {
          "eddington_finkelstein": {
            "K": 4.8e-05,
            "R": 0.0
          },
          "painleve_gullstrand": {
            "K": 4.8e-05,
            "R": 0.0
          },
          "schwarzschild": {
            "K": 4.8e-05,
            "R": 0.0
          }
        },
        "tolerance": 1e-12
      },
      "local_observables": {}
    }
  ],
  "spacetime": "Schwarzschild (coordinate invariance test)",
  "theory": "General Relativity",
  "toy_id": "041",
  "units": {
    "G": 1,
    "c": 1
  }
}