{
  "notes": {
    "assumptions": [
      "Vacuum spacetime",
      "Flat intrinsic 3-metric",
      "Different time foliations of the same spacetime"
    ],
    "key_fact": "Same spacetime, same curvature invariants, different K_ij \u2192 initial data alone does not uniquely encode physics.",
    "pressure_point": "Identical intrinsic geometry does not uniquely fix extrinsic curvature. The ADM initial value problem is underdetermined without gauge/slicing choice."
  },
  "observables": {
    "comparison": {
      "curvature_invariants_identical": true,
      "extrinsic_curvature_identical": false,
      "spacetime_identical": true
    }
  },
  "parameters": {
    "acceleration_parameter_a": 0.1
  },
  "sample_points": [
    {
      "causal_structure": {
        "horizon_present": false,
        "notes": "No horizon for inertial observers"
      },
      "coordinates": {
        "t": null,
        "x": 0.0,
        "y": 0.0,
        "z": 0.0
      },
      "curvature_invariants": {
        "kretschmann": 0.0,
        "ricci_scalar": 0.0
      },
      "local_observables": {
        "extrinsic_curvature": {
          "K_xx": 0.0,
          "K_yy": 0.0,
          "K_zz": 0.0,
          "trace_K": 0.0
        },
        "intrinsic_3_metric": "flat (delta_ij)",
        "slicing": "inertial"
      }
    },
    {
      "causal_structure": {
        "horizon_present": true,
        "notes": "Rindler horizon present for accelerated observers"
      },
      "coordinates": {
        "t": null,
        "x": 0.0,
        "y": 0.0,
        "z": 0.0
      },
      "curvature_invariants": {
        "kretschmann": 0.0,
        "ricci_scalar": 0.0
      },
      "local_observables": {
        "extrinsic_curvature": {
          "K_xx": 0.1,
          "K_yy": 0.0,
          "K_zz": 0.0,
          "trace_K": 0.1
        },
        "intrinsic_3_metric": "flat (delta_ij)",
        "slicing": "accelerated"
      }
    }
  ],
  "spacetime": "Minkowski (different slicings)",
  "theory": "General Relativity (ADM formulation)",
  "toy_id": "051",
  "units": {
    "G": 1,
    "c": 1
  }
}