{
  "notes": {
    "disclaimer": "Temperature/entropy here are treated as diagnostic proxies; full Hawking/BH thermodynamics requires \u0127 and quantum field theory in curved spacetime.",
    "key_formulas": {
      "A": "16\u03c0 M^2",
      "S_proxy": "A/4 = 4\u03c0 M^2",
      "T_proxy": "1/(8\u03c0 M)",
      "kappa": "1/(4M)",
      "r_h": "2M"
    },
    "pressure_point": "Horizon area and surface gravity encode global properties with thermodynamic-like scaling. These quantities are not associated with any unique local gravitational energy density."
  },
  "observables": {
    "area_scaling_expectation": "A \u221d M^2",
    "entropy_scaling_expectation": "S \u221d M^2",
    "temperature_scaling_expectation": "T \u221d 1/M"
  },
  "parameters": {
    "M_values": [
      0.5,
      1.0,
      2.0,
      5.0,
      10.0
    ]
  },
  "sample_points": [
    {
      "causal_structure": {
        "has_event_horizon": true,
        "horizon_radius": 1.0
      },
      "coordinates": {
        "M": 0.5
      },
      "curvature_invariants": {
        "kretschmann_at_horizon": 12.0,
        "ricci_scalar": 0.0
      },
      "local_observables": {
        "entropy_proxy": 3.141592653589793,
        "hawking_temperature_proxy": 0.07957747154594767,
        "horizon_area": 12.566370614359172,
        "horizon_radius": 1.0,
        "scalings": {
          "A_over_M2": 50.26548245743669,
          "S_over_M2": 12.566370614359172,
          "T_times_M": 0.039788735772973836
        },
        "surface_gravity_kappa": 0.5
      }
    },
    {
      "causal_structure": {
        "has_event_horizon": true,
        "horizon_radius": 2.0
      },
      "coordinates": {
        "M": 1.0
      },
      "curvature_invariants": {
        "kretschmann_at_horizon": 0.75,
        "ricci_scalar": 0.0
      },
      "local_observables": {
        "entropy_proxy": 12.566370614359172,
        "hawking_temperature_proxy": 0.039788735772973836,
        "horizon_area": 50.26548245743669,
        "horizon_radius": 2.0,
        "scalings": {
          "A_over_M2": 50.26548245743669,
          "S_over_M2": 12.566370614359172,
          "T_times_M": 0.039788735772973836
        },
        "surface_gravity_kappa": 0.25
      }
    },
    {
      "causal_structure": {
        "has_event_horizon": true,
        "horizon_radius": 4.0
      },
      "coordinates": {
        "M": 2.0
      },
      "curvature_invariants": {
        "kretschmann_at_horizon": 0.046875,
        "ricci_scalar": 0.0
      },
      "local_observables": {
        "entropy_proxy": 50.26548245743669,
        "hawking_temperature_proxy": 0.019894367886486918,
        "horizon_area": 201.06192982974676,
        "horizon_radius": 4.0,
        "scalings": {
          "A_over_M2": 50.26548245743669,
          "S_over_M2": 12.566370614359172,
          "T_times_M": 0.039788735772973836
        },
        "surface_gravity_kappa": 0.125
      }
    },
    {
      "causal_structure": {
        "has_event_horizon": true,
        "horizon_radius": 10.0
      },
      "coordinates": {
        "M": 5.0
      },
      "curvature_invariants": {
        "kretschmann_at_horizon": 0.0012,
        "ricci_scalar": 0.0
      },
      "local_observables": {
        "entropy_proxy": 314.1592653589793,
        "hawking_temperature_proxy": 0.007957747154594767,
        "horizon_area": 1256.6370614359173,
        "horizon_radius": 10.0,
        "scalings": {
          "A_over_M2": 50.26548245743669,
          "S_over_M2": 12.566370614359172,
          "T_times_M": 0.039788735772973836
        },
        "surface_gravity_kappa": 0.05
      }
    },
    {
      "causal_structure": {
        "has_event_horizon": true,
        "horizon_radius": 20.0
      },
      "coordinates": {
        "M": 10.0
      },
      "curvature_invariants": {
        "kretschmann_at_horizon": 7.5e-05,
        "ricci_scalar": 0.0
      },
      "local_observables": {
        "entropy_proxy": 1256.6370614359173,
        "hawking_temperature_proxy": 0.0039788735772973835,
        "horizon_area": 5026.548245743669,
        "horizon_radius": 20.0,
        "scalings": {
          "A_over_M2": 50.26548245743669,
          "S_over_M2": 12.566370614359172,
          "T_times_M": 0.039788735772973836
        },
        "surface_gravity_kappa": 0.025
      }
    }
  ],
  "spacetime": "Schwarzschild (horizon area / surface gravity scaling)",
  "theory": "General Relativity (with semiclassical horizon proxies)",
  "toy_id": "030",
  "units": {
    "G": 1,
    "c": 1
  }
}