{
  "notes": {
    "domain_of_validity": "Classical GR with perfect-fluid FLRW symmetry; toy uses power-law solutions capturing early-time behavior.",
    "key_formulas": {
      "H": "H = a_dot/a",
      "Kretschmann": "K = 12((a_ddot/a)^2 + (H^2)^2) for k=0",
      "Ricci": "R = 6(a_ddot/a + H^2) for k=0",
      "rho_m": "rho_m = rho_m0 / a^3",
      "rho_r": "rho_r = rho_r0 / a^4"
    },
    "pressure_point": "Standard expanding FLRW solutions have an invariant singular boundary at t=0 where curvature and energy-density scalings diverge. This is a sharp failure of classical predictability and initial-data definition."
  },
  "observables": {
    "summary": {
      "note": "Both models exhibit R~1/t^2 and K~1/t^4 divergence as t->0+.",
      "singularity_confirmed_by_invariant_blowup": true,
      "t_min_positive_sample": 0.001
    }
  },
  "parameters": {
    "density_normalizations": {
      "rho_m0": 1.0,
      "rho_r0": 1.0
    },
    "k": 0,
    "models": {
      "matter": {
        "a(t)": "t^(2/3)",
        "p": 0.6666666666666666
      },
      "radiation": {
        "a(t)": "t^(1/2)",
        "p": 0.5
      }
    },
    "normalization": "a(1)=1 for both power-law solutions",
    "t_samples": [
      1.0,
      0.5,
      0.2,
      0.1,
      0.05,
      0.02,
      0.01,
      0.005,
      0.001
    ]
  },
  "sample_points": [
    {
      "causal_structure": {
        "initial_singularity_t0": 0.0,
        "time_domain": "t>0 (classical FLRW); toy samples approach t->0+"
      },
      "coordinates": {
        "model": "radiation",
        "t": 1.0
      },
      "curvature_invariants": {
        "kretschmann": 1.5,
        "note": "For k=0 power-law FLRW, R~1/t^2 and K~1/t^4 as t->0+ (divergent).",
        "ricci_scalar": 0.0
      },
      "local_observables": {
        "Hubble_H": 0.5,
        "a_ddot_over_a": -0.25,
        "energy_density_proxy": 1.0,
        "power_law_p": 0.5,
        "scale_factor_a": 1.0
      }
    },
    {
      "causal_structure": {
        "initial_singularity_t0": 0.0,
        "time_domain": "t>0 (classical FLRW); toy samples approach t->0+"
      },
      "coordinates": {
        "model": "matter",
        "t": 1.0
      },
      "curvature_invariants": {
        "kretschmann": 2.962962962962963,
        "note": "For k=0 power-law FLRW, R~1/t^2 and K~1/t^4 as t->0+ (divergent).",
        "ricci_scalar": 1.333333333333333
      },
      "local_observables": {
        "Hubble_H": 0.6666666666666666,
        "a_ddot_over_a": -0.22222222222222224,
        "energy_density_proxy": 1.0,
        "power_law_p": 0.6666666666666666,
        "scale_factor_a": 1.0
      }
    },
    {
      "causal_structure": {
        "initial_singularity_t0": 0.0,
        "time_domain": "t>0 (classical FLRW); toy samples approach t->0+"
      },
      "coordinates": {
        "model": "radiation",
        "t": 0.5
      },
      "curvature_invariants": {
        "kretschmann": 24.0,
        "note": "For k=0 power-law FLRW, R~1/t^2 and K~1/t^4 as t->0+ (divergent).",
        "ricci_scalar": 0.0
      },
      "local_observables": {
        "Hubble_H": 1.0,
        "a_ddot_over_a": -1.0,
        "energy_density_proxy": 3.999999999999999,
        "power_law_p": 0.5,
        "scale_factor_a": 0.7071067811865476
      }
    },
    {
      "causal_structure": {
        "initial_singularity_t0": 0.0,
        "time_domain": "t>0 (classical FLRW); toy samples approach t->0+"
      },
      "coordinates": {
        "model": "matter",
        "t": 0.5
      },
      "curvature_invariants": {
        "kretschmann": 47.407407407407405,
        "note": "For k=0 power-law FLRW, R~1/t^2 and K~1/t^4 as t->0+ (divergent).",
        "ricci_scalar": 5.333333333333332
      },
      "local_observables": {
        "Hubble_H": 1.3333333333333333,
        "a_ddot_over_a": -0.888888888888889,
        "energy_density_proxy": 4.0,
        "power_law_p": 0.6666666666666666,
        "scale_factor_a": 0.6299605249474366
      }
    },
    {
      "causal_structure": {
        "initial_singularity_t0": 0.0,
        "time_domain": "t>0 (classical FLRW); toy samples approach t->0+"
      },
      "coordinates": {
        "model": "radiation",
        "t": 0.2
      },
      "curvature_invariants": {
        "kretschmann": 937.4999999999998,
        "note": "For k=0 power-law FLRW, R~1/t^2 and K~1/t^4 as t->0+ (divergent).",
        "ricci_scalar": 5.329070518200751e-15
      },
      "local_observables": {
        "Hubble_H": 2.5,
        "a_ddot_over_a": -6.249999999999999,
        "energy_density_proxy": 25.000000000000004,
        "power_law_p": 0.5,
        "scale_factor_a": 0.4472135954999579
      }
    },
    {
      "causal_structure": {
        "initial_singularity_t0": 0.0,
        "time_domain": "t>0 (classical FLRW); toy samples approach t->0+"
      },
      "coordinates": {
        "model": "matter",
        "t": 0.2
      },
      "curvature_invariants": {
        "kretschmann": 1851.8518518518513,
        "note": "For k=0 power-law FLRW, R~1/t^2 and K~1/t^4 as t->0+ (divergent).",
        "ricci_scalar": 33.33333333333333
      },
      "local_observables": {
        "Hubble_H": 3.333333333333333,
        "a_ddot_over_a": -5.5555555555555545,
        "energy_density_proxy": 24.999999999999986,
        "power_law_p": 0.6666666666666666,
        "scale_factor_a": 0.34199518933533946
      }
    },
    {
      "causal_structure": {
        "initial_singularity_t0": 0.0,
        "time_domain": "t>0 (classical FLRW); toy samples approach t->0+"
      },
      "coordinates": {
        "model": "radiation",
        "t": 0.1
      },
      "curvature_invariants": {
        "kretschmann": 14999.999999999996,
        "note": "For k=0 power-law FLRW, R~1/t^2 and K~1/t^4 as t->0+ (divergent).",
        "ricci_scalar": 2.1316282072803006e-14
      },
      "local_observables": {
        "Hubble_H": 5.0,
        "a_ddot_over_a": -24.999999999999996,
        "energy_density_proxy": 100.0,
        "power_law_p": 0.5,
        "scale_factor_a": 0.31622776601683794
      }
    },
    {
      "causal_structure": {
        "initial_singularity_t0": 0.0,
        "time_domain": "t>0 (classical FLRW); toy samples approach t->0+"
      },
      "coordinates": {
        "model": "matter",
        "t": 0.1
      },
      "curvature_invariants": {
        "kretschmann": 29629.62962962962,
        "note": "For k=0 power-law FLRW, R~1/t^2 and K~1/t^4 as t->0+ (divergent).",
        "ricci_scalar": 133.33333333333331
      },
      "local_observables": {
        "Hubble_H": 6.666666666666666,
        "a_ddot_over_a": -22.222222222222218,
        "energy_density_proxy": 99.99999999999996,
        "power_law_p": 0.6666666666666666,
        "scale_factor_a": 0.2154434690031884
      }
    },
    {
      "causal_structure": {
        "initial_singularity_t0": 0.0,
        "time_domain": "t>0 (classical FLRW); toy samples approach t->0+"
      },
      "coordinates": {
        "model": "radiation",
        "t": 0.05
      },
      "curvature_invariants": {
        "kretschmann": 239999.99999999994,
        "note": "For k=0 power-law FLRW, R~1/t^2 and K~1/t^4 as t->0+ (divergent).",
        "ricci_scalar": 8.526512829121202e-14
      },
      "local_observables": {
        "Hubble_H": 10.0,
        "a_ddot_over_a": -99.99999999999999,
        "energy_density_proxy": 400.00000000000006,
        "power_law_p": 0.5,
        "scale_factor_a": 0.22360679774997896
      }
    },
    {
      "causal_structure": {
        "initial_singularity_t0": 0.0,
        "time_domain": "t>0 (classical FLRW); toy samples approach t->0+"
      },
      "coordinates": {
        "model": "matter",
        "t": 0.05
      },
      "curvature_invariants": {
        "kretschmann": 474074.0740740739,
        "note": "For k=0 power-law FLRW, R~1/t^2 and K~1/t^4 as t->0+ (divergent).",
        "ricci_scalar": 533.3333333333333
      },
      "local_observables": {
        "Hubble_H": 13.333333333333332,
        "a_ddot_over_a": -88.88888888888887,
        "energy_density_proxy": 399.99999999999983,
        "power_law_p": 0.6666666666666666,
        "scale_factor_a": 0.13572088082974534
      }
    },
    {
      "causal_structure": {
        "initial_singularity_t0": 0.0,
        "time_domain": "t>0 (classical FLRW); toy samples approach t->0+"
      },
      "coordinates": {
        "model": "radiation",
        "t": 0.02
      },
      "curvature_invariants": {
        "kretschmann": 9375000.0,
        "note": "For k=0 power-law FLRW, R~1/t^2 and K~1/t^4 as t->0+ (divergent).",
        "ricci_scalar": 0.0
      },
      "local_observables": {
        "Hubble_H": 25.0,
        "a_ddot_over_a": -625.0,
        "energy_density_proxy": 2500.0,
        "power_law_p": 0.5,
        "scale_factor_a": 0.1414213562373095
      }
    },
    {
      "causal_structure": {
        "initial_singularity_t0": 0.0,
        "time_domain": "t>0 (classical FLRW); toy samples approach t->0+"
      },
      "coordinates": {
        "model": "matter",
        "t": 0.02
      },
      "curvature_invariants": {
        "kretschmann": 18518518.518518515,
        "note": "For k=0 power-law FLRW, R~1/t^2 and K~1/t^4 as t->0+ (divergent).",
        "ricci_scalar": 3333.333333333332
      },
      "local_observables": {
        "Hubble_H": 33.33333333333333,
        "a_ddot_over_a": -555.5555555555555,
        "energy_density_proxy": 2499.999999999998,
        "power_law_p": 0.6666666666666666,
        "scale_factor_a": 0.07368062997280775
      }
    },
    {
      "causal_structure": {
        "initial_singularity_t0": 0.0,
        "time_domain": "t>0 (classical FLRW); toy samples approach t->0+"
      },
      "coordinates": {
        "model": "radiation",
        "t": 0.01
      },
      "curvature_invariants": {
        "kretschmann": 150000000.0,
        "note": "For k=0 power-law FLRW, R~1/t^2 and K~1/t^4 as t->0+ (divergent).",
        "ricci_scalar": 0.0
      },
      "local_observables": {
        "Hubble_H": 50.0,
        "a_ddot_over_a": -2500.0,
        "energy_density_proxy": 9999.999999999998,
        "power_law_p": 0.5,
        "scale_factor_a": 0.1
      }
    },
    {
      "causal_structure": {
        "initial_singularity_t0": 0.0,
        "time_domain": "t>0 (classical FLRW); toy samples approach t->0+"
      },
      "coordinates": {
        "model": "matter",
        "t": 0.01
      },
      "curvature_invariants": {
        "kretschmann": 296296296.29629624,
        "note": "For k=0 power-law FLRW, R~1/t^2 and K~1/t^4 as t->0+ (divergent).",
        "ricci_scalar": 13333.333333333328
      },
      "local_observables": {
        "Hubble_H": 66.66666666666666,
        "a_ddot_over_a": -2222.222222222222,
        "energy_density_proxy": 9999.999999999996,
        "power_law_p": 0.6666666666666666,
        "scale_factor_a": 0.046415888336127795
      }
    },
    {
      "causal_structure": {
        "initial_singularity_t0": 0.0,
        "time_domain": "t>0 (classical FLRW); toy samples approach t->0+"
      },
      "coordinates": {
        "model": "radiation",
        "t": 0.005
      },
      "curvature_invariants": {
        "kretschmann": 2400000000.0,
        "note": "For k=0 power-law FLRW, R~1/t^2 and K~1/t^4 as t->0+ (divergent).",
        "ricci_scalar": 0.0
      },
      "local_observables": {
        "Hubble_H": 100.0,
        "a_ddot_over_a": -10000.0,
        "energy_density_proxy": 40000.0,
        "power_law_p": 0.5,
        "scale_factor_a": 0.07071067811865475
      }
    },
    {
      "causal_structure": {
        "initial_singularity_t0": 0.0,
        "time_domain": "t>0 (classical FLRW); toy samples approach t->0+"
      },
      "coordinates": {
        "model": "matter",
        "t": 0.005
      },
      "curvature_invariants": {
        "kretschmann": 4740740740.74074,
        "note": "For k=0 power-law FLRW, R~1/t^2 and K~1/t^4 as t->0+ (divergent).",
        "ricci_scalar": 53333.333333333314
      },
      "local_observables": {
        "Hubble_H": 133.33333333333331,
        "a_ddot_over_a": -8888.888888888889,
        "energy_density_proxy": 39999.99999999997,
        "power_law_p": 0.6666666666666666,
        "scale_factor_a": 0.029240177382128668
      }
    },
    {
      "causal_structure": {
        "initial_singularity_t0": 0.0,
        "time_domain": "t>0 (classical FLRW); toy samples approach t->0+"
      },
      "coordinates": {
        "model": "radiation",
        "t": 0.001
      },
      "curvature_invariants": {
        "kretschmann": 1500000000000.0,
        "note": "For k=0 power-law FLRW, R~1/t^2 and K~1/t^4 as t->0+ (divergent).",
        "ricci_scalar": 0.0
      },
      "local_observables": {
        "Hubble_H": 500.0,
        "a_ddot_over_a": -250000.0,
        "energy_density_proxy": 1000000.0000000002,
        "power_law_p": 0.5,
        "scale_factor_a": 0.03162277660168379
      }
    },
    {
      "causal_structure": {
        "initial_singularity_t0": 0.0,
        "time_domain": "t>0 (classical FLRW); toy samples approach t->0+"
      },
      "coordinates": {
        "model": "matter",
        "t": 0.001
      },
      "curvature_invariants": {
        "kretschmann": 2962962962962.962,
        "note": "For k=0 power-law FLRW, R~1/t^2 and K~1/t^4 as t->0+ (divergent).",
        "ricci_scalar": 1333333.3333333328
      },
      "local_observables": {
        "Hubble_H": 666.6666666666666,
        "a_ddot_over_a": -222222.22222222225,
        "energy_density_proxy": 999999.9999999994,
        "power_law_p": 0.6666666666666666,
        "scale_factor_a": 0.010000000000000002
      }
    }
  ],
  "spacetime": "Flat FLRW power-law cosmology (radiation vs matter) approaching t->0+",
  "theory": "General Relativity (FLRW perfect-fluid symmetry; k=0)",
  "toy_id": "073",
  "units": {
    "G": 1,
    "c": 1
  }
}