{
  "notes": {
    "assumptions": [
      "Homogeneous, isotropic (FLRW)",
      "Spatial curvature k=0 (flat)",
      "Analytic scale factor chosen by model",
      "Geometric units G=c=1"
    ],
    "invariants_formulas_k0": {
      "K": "K = 12[ (a\u0308/a)^2 + (a\u0307/a)^4 ]",
      "R": "R = 6( Hdot + 2 H^2 )"
    },
    "model_definitions": {
      "desitter": "a(t)=exp(H0*(t-t0)) with a(t0)=1",
      "matter": "a(t)=(t/t0)^(2/3)",
      "radiation": "a(t)=(t/t0)^(1/2)"
    },
    "singularity_notes": "radiation/matter models have a(t)->0 as t->0 (Big Bang). This toy avoids t=0 by using t_min_horizon > 0 for horizon integrals."
  },
  "observables": {
    "redshift_and_distances": [
      {
        "comoving_distance_chi": 4.08220348076618,
        "luminosity_distance_dL": 30.077932414004056,
        "t_emit": 0.5,
        "t_obs": 10.0,
        "valid": true,
        "z": 6.368062997280772
      },
      {
        "comoving_distance_chi": 3.4633043454238406,
        "luminosity_distance_dL": 16.07523477712191,
        "t_emit": 1.0,
        "t_obs": 10.0,
        "valid": true,
        "z": 3.6415888336127784
      },
      {
        "comoving_distance_chi": 2.683540985651615,
        "luminosity_distance_dL": 7.84672144326656,
        "t_emit": 2.0,
        "t_obs": 10.0,
        "valid": true,
        "z": 1.924017738212866
      },
      {
        "comoving_distance_chi": 2.136555382784441,
        "luminosity_distance_dL": 4.767601909704424,
        "t_emit": 3.0,
        "t_obs": 10.0,
        "valid": true,
        "z": 1.231443166940565
      },
      {
        "comoving_distance_chi": 1.3333762341348387,
        "luminosity_distance_dL": 2.116602836735039,
        "t_emit": 5.0,
        "t_obs": 10.0,
        "valid": true,
        "z": 0.5874010519681994
      }
    ]
  },
  "parameters": {
    "H0": null,
    "model": "matter",
    "t0": 1.0,
    "t_max_event": null,
    "t_min_horizon": 0.01,
    "t_obs": 10.0
  },
  "sample_points": [
    {
      "causal_structure": {
        "event_horizon_comoving_chi_approx": null,
        "horizon_notes": {
          "event_horizon_integral": "diverges for matter/radiation in this toy (no event horizon) => null",
          "particle_horizon_integral": "chi_p(t)=\u222b_{t_min}^t dt'/a(t'), with t_min=0.01",
          "t_max_used_for_event_horizon": null
        },
        "horizon_radius": null,
        "particle_horizon_comoving_chi": 1.7347729652833568,
        "radial_null_cone_dr_dt": {
          "ingoing": -1.0,
          "outgoing": 1.0
        },
        "region": "flat FLRW (k=0)"
      },
      "coordinates": {
        "t": 0.5,
        "x": null,
        "y": null,
        "z": null
      },
      "curvature_invariants": {
        "kretschmann": 47.4074074074074,
        "ricci_scalar": 5.333333333333333
      },
      "local_observables": {
        "deceleration_q": 0.5,
        "hubble_H": 1.3333333333333333,
        "hubble_Hdot": -2.6666666666666665,
        "hubble_radius": 0.75,
        "scale_factor_a": 0.6299605249474366
      }
    },
    {
      "causal_structure": {
        "event_horizon_comoving_chi_approx": null,
        "horizon_notes": {
          "event_horizon_integral": "diverges for matter/radiation in this toy (no event horizon) => null",
          "particle_horizon_integral": "chi_p(t)=\u222b_{t_min}^t dt'/a(t'), with t_min=0.01",
          "t_max_used_for_event_horizon": null
        },
        "horizon_radius": null,
        "particle_horizon_comoving_chi": 2.353676924730506,
        "radial_null_cone_dr_dt": {
          "ingoing": -1.0,
          "outgoing": 1.0
        },
        "region": "flat FLRW (k=0)"
      },
      "coordinates": {
        "t": 1.0,
        "x": null,
        "y": null,
        "z": null
      },
      "curvature_invariants": {
        "kretschmann": 2.9629629629629624,
        "ricci_scalar": 1.3333333333333333
      },
      "local_observables": {
        "deceleration_q": 0.5,
        "hubble_H": 0.6666666666666666,
        "hubble_Hdot": -0.6666666666666666,
        "hubble_radius": 1.5,
        "scale_factor_a": 1.0
      }
    },
    {
      "causal_structure": {
        "event_horizon_comoving_chi_approx": null,
        "horizon_notes": {
          "event_horizon_integral": "diverges for matter/radiation in this toy (no event horizon) => null",
          "particle_horizon_integral": "chi_p(t)=\u222b_{t_min}^t dt'/a(t'), with t_min=0.01",
          "t_max_used_for_event_horizon": null
        },
        "horizon_radius": null,
        "particle_horizon_comoving_chi": 3.133462371953312,
        "radial_null_cone_dr_dt": {
          "ingoing": -1.0,
          "outgoing": 1.0
        },
        "region": "flat FLRW (k=0)"
      },
      "coordinates": {
        "t": 2.0,
        "x": null,
        "y": null,
        "z": null
      },
      "curvature_invariants": {
        "kretschmann": 0.18518518518518526,
        "ricci_scalar": 0.3333333333333335
      },
      "local_observables": {
        "deceleration_q": 0.4999999999999999,
        "hubble_H": 0.33333333333333337,
        "hubble_Hdot": -0.16666666666666669,
        "hubble_radius": 2.9999999999999996,
        "scale_factor_a": 1.5874010519681994
      }
    },
    {
      "causal_structure": {
        "event_horizon_comoving_chi_approx": null,
        "horizon_notes": {
          "event_horizon_integral": "diverges for matter/radiation in this toy (no event horizon) => null",
          "particle_horizon_integral": "chi_p(t)=\u222b_{t_min}^t dt'/a(t'), with t_min=0.01",
          "t_max_used_for_event_horizon": null
        },
        "horizon_radius": null,
        "particle_horizon_comoving_chi": 3.680485182733517,
        "radial_null_cone_dr_dt": {
          "ingoing": -1.0,
          "outgoing": 1.0
        },
        "region": "flat FLRW (k=0)"
      },
      "coordinates": {
        "t": 3.0,
        "x": null,
        "y": null,
        "z": null
      },
      "curvature_invariants": {
        "kretschmann": 0.03657978966620943,
        "ricci_scalar": 0.14814814814814814
      },
      "local_observables": {
        "deceleration_q": 0.5,
        "hubble_H": 0.22222222222222224,
        "hubble_Hdot": -0.07407407407407408,
        "hubble_radius": 4.5,
        "scale_factor_a": 2.080083823051904
      }
    },
    {
      "causal_structure": {
        "event_horizon_comoving_chi_approx": null,
        "horizon_notes": {
          "event_horizon_integral": "diverges for matter/radiation in this toy (no event horizon) => null",
          "particle_horizon_integral": "chi_p(t)=\u222b_{t_min}^t dt'/a(t'), with t_min=0.01",
          "t_max_used_for_event_horizon": null
        },
        "horizon_radius": null,
        "particle_horizon_comoving_chi": 4.483783576255031,
        "radial_null_cone_dr_dt": {
          "ingoing": -1.0,
          "outgoing": 1.0
        },
        "region": "flat FLRW (k=0)"
      },
      "coordinates": {
        "t": 5.0,
        "x": null,
        "y": null,
        "z": null
      },
      "curvature_invariants": {
        "kretschmann": 0.0047407407407407415,
        "ricci_scalar": 0.05333333333333332
      },
      "local_observables": {
        "deceleration_q": 0.5,
        "hubble_H": 0.13333333333333333,
        "hubble_Hdot": -0.02666666666666667,
        "hubble_radius": 7.5,
        "scale_factor_a": 2.924017738212866
      }
    },
    {
      "causal_structure": {
        "event_horizon_comoving_chi_approx": null,
        "horizon_notes": {
          "event_horizon_integral": "diverges for matter/radiation in this toy (no event horizon) => null",
          "particle_horizon_integral": "chi_p(t)=\u222b_{t_min}^t dt'/a(t'), with t_min=0.01",
          "t_max_used_for_event_horizon": null
        },
        "horizon_radius": null,
        "particle_horizon_comoving_chi": 5.817717231445468,
        "radial_null_cone_dr_dt": {
          "ingoing": -1.0,
          "outgoing": 1.0
        },
        "region": "flat FLRW (k=0)"
      },
      "coordinates": {
        "t": 10.0,
        "x": null,
        "y": null,
        "z": null
      },
      "curvature_invariants": {
        "kretschmann": 0.00029629629629629646,
        "ricci_scalar": 0.013333333333333341
      },
      "local_observables": {
        "deceleration_q": 0.49999999999999994,
        "hubble_H": 0.06666666666666668,
        "hubble_Hdot": -0.006666666666666669,
        "hubble_radius": 14.999999999999996,
        "scale_factor_a": 4.641588833612778
      }
    }
  ],
  "spacetime": "Flat FLRW (k=0) with analytic a(t)",
  "theory": "General Relativity (exact symmetry-reduced cosmology)",
  "toy_id": "004",
  "units": {
    "G": 1,
    "c": 1
  }
}