{
  "notes": {
    "assumptions": [
      "Linearized gravity on Minkowski background",
      "TT gauge plus polarization, wave in +x direction",
      "Memory waveform modeled as smooth tanh step",
      "Detector is two freely-falling test masses with separation along y",
      "Uses first-order TT relation L\u2248L0(1+1/2 h)"
    ],
    "key_formulas": {
      "R_ty_ty": "R_{tyty} = -1/2 d^2h/du^2",
      "detector_response": "L(u)\u2248L0(1+1/2 h(u))",
      "h_u": "h(u)=(h_mem/2)(1+tanh((u-u_c)/tau))",
      "memory_fractional": "\u0394L/L0\u2248(1/2)(h_final-h_initial)\u2248h_mem/2"
    },
    "pressure_point": "Extended detector observables can retain permanent offsets (memory) even when local curvature diagnostics return to ~0. Pointwise scalars are insufficient to capture integrated physical effects."
  },
  "observables": {
    "memory": {
      "L_early": 1.0000000000010305,
      "L_late": 1.0004999999989694,
      "expected_fractional_memory_from_samples": 0.0004999999979388464,
      "max_abs_R_ty_ty_over_samples": 0.00015992500211230615,
      "measured_fractional_memory_deltaL_over_L0": 0.0004999999979389269,
      "note": "Choose time samples that bracket the step (u<<u_c and u>>u_c) to see \u0394L/L0\u2248h_mem/2 while R_{tyty}\u21920 at early/late times."
    }
  },
  "parameters": {
    "detector_initial_separation_L0": 1.0,
    "evaluation_x0": 0.0,
    "h_mem": 0.001,
    "t_samples": [
      -10.0,
      -5.0,
      -2.0,
      -1.0,
      0.0,
      1.0,
      2.0,
      5.0,
      10.0
    ],
    "tau_transition": 1.0,
    "u_c_center": 0.0
  },
  "sample_points": [
    {
      "causal_structure": {
        "note": "Curvature (tidal component) is localized near the transition, but the detector separation retains a permanent offset (memory).",
        "wave_propagation_direction": "+x"
      },
      "coordinates": {
        "t": -10.0,
        "u_retarded": -10.0,
        "x": 0.0
      },
      "curvature_invariants": {
        "linearized_kretschmann_proxy": 1.3594733392766418e-22,
        "linearized_tidal_component_R_ty_ty": -4.122307210890283e-12
      },
      "local_observables": {
        "d2h_du2": 8.244614421780565e-12,
        "detector_separation_L_y": 1.0000000000010305,
        "dh_du": 4.1223072278836995e-12,
        "fractional_change_L_over_L0_minus_1": 1.0305090114570703e-12,
        "h_yy_TT": 2.0611536366565985e-12
      }
    },
    {
      "causal_structure": {
        "note": "Curvature (tidal component) is localized near the transition, but the detector separation retains a permanent offset (memory).",
        "wave_propagation_direction": "+x"
      },
      "coordinates": {
        "t": -5.0,
        "u_retarded": -5.0,
        "x": 0.0
      },
      "curvature_invariants": {
        "linearized_kretschmann_proxy": 6.593296502480122e-14,
        "linearized_tidal_component_R_ty_ty": -9.078337198022639e-08
      },
      "local_observables": {
        "d2h_du2": 1.8156674396045277e-07,
        "detector_separation_L_y": 1.0000000226989343,
        "dh_du": 9.079161547190334e-08,
        "fractional_change_L_over_L0_minus_1": 2.2698934287745942e-08,
        "h_yy_TT": 4.539786870244589e-08
      }
    },
    {
      "causal_structure": {
        "note": "Curvature (tidal component) is localized near the transition, but the detector separation retains a permanent offset (memory).",
        "wave_propagation_direction": "+x"
      },
      "coordinates": {
        "t": -2.0,
        "u_retarded": -2.0,
        "x": 0.0
      },
      "curvature_invariants": {
        "linearized_kretschmann_proxy": 9.277765402182768e-09,
        "linearized_tidal_component_R_ty_ty": -3.405467185677827e-05
      },
      "local_observables": {
        "d2h_du2": 6.810934371355654e-05,
        "detector_separation_L_y": 1.0000089931049811,
        "dh_du": 3.5325412426582243e-05,
        "fractional_change_L_over_L0_minus_1": 8.993104981147582e-06,
        "h_yy_TT": 1.798620996209155e-05
      }
    },
    {
      "causal_structure": {
        "note": "Curvature (tidal component) is localized near the transition, but the detector separation retains a permanent offset (memory).",
        "wave_propagation_direction": "+x"
      },
      "coordinates": {
        "t": -1.0,
        "u_retarded": -1.0,
        "x": 0.0
      },
      "curvature_invariants": {
        "linearized_kretschmann_proxy": 2.0460805040496902e-07,
        "linearized_tidal_component_R_ty_ty": -0.00015992500211230615
      },
      "local_observables": {
        "d2h_du2": 0.0003198500042246123,
        "detector_separation_L_y": 1.000059601461011,
        "dh_du": 0.00020998717080701309,
        "fractional_change_L_over_L0_minus_1": 5.960146101102737e-05,
        "h_yy_TT": 0.00011920292202211758
      }
    },
    {
      "causal_structure": {
        "note": "Curvature (tidal component) is localized near the transition, but the detector separation retains a permanent offset (memory).",
        "wave_propagation_direction": "+x"
      },
      "coordinates": {
        "t": 0.0,
        "u_retarded": 0.0,
        "x": 0.0
      },
      "curvature_invariants": {
        "linearized_kretschmann_proxy": 0.0,
        "linearized_tidal_component_R_ty_ty": 0.0
      },
      "local_observables": {
        "d2h_du2": -0.0,
        "detector_separation_L_y": 1.00025,
        "dh_du": 0.0005,
        "fractional_change_L_over_L0_minus_1": 0.0002500000000000835,
        "h_yy_TT": 0.0005
      }
    },
    {
      "causal_structure": {
        "note": "Curvature (tidal component) is localized near the transition, but the detector separation retains a permanent offset (memory).",
        "wave_propagation_direction": "+x"
      },
      "coordinates": {
        "t": 1.0,
        "u_retarded": 1.0,
        "x": 0.0
      },
      "curvature_invariants": {
        "linearized_kretschmann_proxy": 2.0460805040496902e-07,
        "linearized_tidal_component_R_ty_ty": 0.00015992500211230615
      },
      "local_observables": {
        "d2h_du2": -0.0003198500042246123,
        "detector_separation_L_y": 1.000440398538989,
        "dh_du": 0.00020998717080701309,
        "fractional_change_L_over_L0_minus_1": 0.00044039853898891757,
        "h_yy_TT": 0.0008807970779778824
      }
    },
    {
      "causal_structure": {
        "note": "Curvature (tidal component) is localized near the transition, but the detector separation retains a permanent offset (memory).",
        "wave_propagation_direction": "+x"
      },
      "coordinates": {
        "t": 2.0,
        "u_retarded": 2.0,
        "x": 0.0
      },
      "curvature_invariants": {
        "linearized_kretschmann_proxy": 9.277765402182768e-09,
        "linearized_tidal_component_R_ty_ty": 3.405467185677827e-05
      },
      "local_observables": {
        "d2h_du2": -6.810934371355654e-05,
        "detector_separation_L_y": 1.000491006895019,
        "dh_du": 3.5325412426582243e-05,
        "fractional_change_L_over_L0_minus_1": 0.0004910068950190194,
        "h_yy_TT": 0.0009820137900379085
      }
    },
    {
      "causal_structure": {
        "note": "Curvature (tidal component) is localized near the transition, but the detector separation retains a permanent offset (memory).",
        "wave_propagation_direction": "+x"
      },
      "coordinates": {
        "t": 5.0,
        "u_retarded": 5.0,
        "x": 0.0
      },
      "curvature_invariants": {
        "linearized_kretschmann_proxy": 6.593296502480122e-14,
        "linearized_tidal_component_R_ty_ty": 9.078337198022639e-08
      },
      "local_observables": {
        "d2h_du2": -1.8156674396045277e-07,
        "detector_separation_L_y": 1.0004999773010657,
        "dh_du": 9.079161547190334e-08,
        "fractional_change_L_over_L0_minus_1": 0.0004999773010656572,
        "h_yy_TT": 0.0009999546021312975
      }
    },
    {
      "causal_structure": {
        "note": "Curvature (tidal component) is localized near the transition, but the detector separation retains a permanent offset (memory).",
        "wave_propagation_direction": "+x"
      },
      "coordinates": {
        "t": 10.0,
        "u_retarded": 10.0,
        "x": 0.0
      },
      "curvature_invariants": {
        "linearized_kretschmann_proxy": 1.3594733392766418e-22,
        "linearized_tidal_component_R_ty_ty": 4.122307210890283e-12
      },
      "local_observables": {
        "d2h_du2": -8.244614421780565e-12,
        "detector_separation_L_y": 1.0004999999989694,
        "dh_du": 4.1223072278836995e-12,
        "fractional_change_L_over_L0_minus_1": 0.0004999999989694359,
        "h_yy_TT": 0.0009999999979388463
      }
    }
  ],
  "spacetime": "Minkowski + TT plane wave with step-like memory (h_final != h_initial)",
  "theory": "General Relativity (linearized; TT gauge) \u2014 gravitational-wave memory",
  "toy_id": "057",
  "units": {
    "G": 1,
    "c": 1
  }
}