{
  "notes": {
    "domain_of_validity": "Exact Kerr vacuum. Energetics correspond to ideal reversible processes; real astrophysical extraction is model-dependent.",
    "key_formulas": {
      "Erot": "E_rot = M - M_irr; fraction = 1 - M_irr/M",
      "Mirr": "M_irr = sqrt(A/(16\u03c0)) = sqrt(M r_+ / 2)",
      "Omega_H": "\u03a9_H = a/(r_+^2+a^2) = a/(2 M r_+)",
      "area": "A = 4\u03c0(r_+^2 + a^2) = 8\u03c0 M r_+",
      "kappa": "\u03ba = (r_+ - r_-)/(2(r_+^2+a^2))",
      "max_extractable_fraction": "1 - 1/\u221a2 \u2248 0.2929 at |a|=M",
      "r_pm": "r_\u00b1 = M \u00b1 sqrt(M^2 - a^2)"
    },
    "pressure_point": "Backreaction-free vacuum rotation still carries an energy reservoir. GR localizes it only globally (via horizon area / irreducible mass), highlighting the nonlocal nature of gravitational energy bookkeeping."
  },
  "observables": {
    "reference": {
      "max_extractable_fraction_extremal": 0.29289321881345254
    }
  },
  "parameters": {
    "M": 1.0,
    "a_values_sampled": [
      -1.2,
      -1.0,
      -0.9,
      -0.7,
      -0.5,
      0.0,
      0.5,
      0.7,
      0.9,
      1.0,
      1.2
    ],
    "theta_fixed": "pi/2 (equator) for horizon-curvature diagnostic"
  },
  "sample_points": [
    {
      "causal_structure": {
        "extremality": {
          "condition": "|a| <= M (BH), |a|=M extremal",
          "discriminant_M2_minus_a2": -0.43999999999999995
        },
        "horizon_exists": false,
        "inner_horizon_r_minus": null,
        "outer_horizon_r_plus": null,
        "radial_null_cone_dr_dt": null
      },
      "coordinates": {
        "a": -1.2,
        "a_over_M": -1.2,
        "r": null,
        "theta_deg": 90.0
      },
      "curvature_invariants": {
        "kretschmann_at_outer_horizon_equator": null,
        "note": "K at r=r_+, \u03b8=\u03c0/2 if horizon exists; otherwise null.",
        "ricci_scalar": 0.0
      },
      "local_observables": {
        "energetics": {
          "extractable_fraction_Erot_over_M": null,
          "extractable_rotational_energy_Erot": null,
          "extremal_max_fraction_reference": 0.29289321881345254,
          "note": "E_rot is the reversible-extraction upper bound from horizon area (Penrose-like idealization)."
        },
        "horizon_geometry": {
          "area_A": null,
          "irreducible_mass_Mirr": null,
          "r_minus": null,
          "r_plus": null
        },
        "horizon_kinematics": {
          "Omega_H": null,
          "notes": {
            "Omega_H": "Horizon angular velocity; sets superradiance condition \u03c9 < m \u03a9_H (not modeled here).",
            "kappa": "Surface gravity; tends to 0 at extremality."
          },
          "surface_gravity_kappa": null
        },
        "spin": {
          "M": 1.0,
          "a": -1.2,
          "a_over_M": -1.2,
          "kind": "naked_singularity (|a|>M)"
        }
      }
    },
    {
      "causal_structure": {
        "extremality": {
          "condition": "|a| <= M (BH), |a|=M extremal",
          "discriminant_M2_minus_a2": 0.0
        },
        "horizon_exists": true,
        "inner_horizon_r_minus": 1.0,
        "outer_horizon_r_plus": 1.0,
        "radial_null_cone_dr_dt": null
      },
      "coordinates": {
        "a": -1.0,
        "a_over_M": -1.0,
        "r": 1.0,
        "theta_deg": 90.0
      },
      "curvature_invariants": {
        "kretschmann_at_outer_horizon_equator": 48.0,
        "note": "K at r=r_+, \u03b8=\u03c0/2 if horizon exists; otherwise null.",
        "ricci_scalar": 0.0
      },
      "local_observables": {
        "energetics": {
          "extractable_fraction_Erot_over_M": 0.2928932188134524,
          "extractable_rotational_energy_Erot": 0.2928932188134524,
          "extremal_max_fraction_reference": 0.29289321881345254,
          "note": "E_rot is the reversible-extraction upper bound from horizon area (Penrose-like idealization)."
        },
        "horizon_geometry": {
          "area_A": 25.132741228718345,
          "irreducible_mass_Mirr": 0.7071067811865476,
          "r_minus": 1.0,
          "r_plus": 1.0
        },
        "horizon_kinematics": {
          "Omega_H": -0.5,
          "notes": {
            "Omega_H": "Horizon angular velocity; sets superradiance condition \u03c9 < m \u03a9_H (not modeled here).",
            "kappa": "Surface gravity; tends to 0 at extremality."
          },
          "surface_gravity_kappa": 0.0
        },
        "spin": {
          "M": 1.0,
          "a": -1.0,
          "a_over_M": -1.0,
          "kind": "extremal (|a|=M)"
        }
      }
    },
    {
      "causal_structure": {
        "extremality": {
          "condition": "|a| <= M (BH), |a|=M extremal",
          "discriminant_M2_minus_a2": 0.18999999999999995
        },
        "horizon_exists": true,
        "inner_horizon_r_minus": 0.5641101056459328,
        "outer_horizon_r_plus": 1.4358898943540672,
        "radial_null_cone_dr_dt": null
      },
      "coordinates": {
        "a": -0.9,
        "a_over_M": -0.9,
        "r": 1.4358898943540672,
        "theta_deg": 90.0
      },
      "curvature_invariants": {
        "kretschmann_at_outer_horizon_equator": 5.476642639784263,
        "note": "K at r=r_+, \u03b8=\u03c0/2 if horizon exists; otherwise null.",
        "ricci_scalar": 0.0
      },
      "local_observables": {
        "energetics": {
          "extractable_fraction_Erot_over_M": 0.15268367938706995,
          "extractable_rotational_energy_Erot": 0.15268367938706995,
          "extremal_max_fraction_reference": 0.29289321881345254,
          "note": "E_rot is the reversible-extraction upper bound from horizon area (Penrose-like idealization)."
        },
        "horizon_geometry": {
          "area_A": 36.08784914773249,
          "irreducible_mass_Mirr": 0.84731632061293,
          "r_minus": 0.5641101056459328,
          "r_plus": 1.4358898943540672
        },
        "horizon_kinematics": {
          "Omega_H": -0.3133945031366293,
          "notes": {
            "Omega_H": "Horizon angular velocity; sets superradiance condition \u03c9 < m \u03a9_H (not modeled here).",
            "kappa": "Surface gravity; tends to 0 at extremality."
          },
          "surface_gravity_kappa": 0.15178388540374524
        },
        "spin": {
          "M": 1.0,
          "a": -0.9,
          "a_over_M": -0.9,
          "kind": "subextremal (|a|<M)"
        }
      }
    },
    {
      "causal_structure": {
        "extremality": {
          "condition": "|a| <= M (BH), |a|=M extremal",
          "discriminant_M2_minus_a2": 0.51
        },
        "horizon_exists": true,
        "inner_horizon_r_minus": 0.285857157145715,
        "outer_horizon_r_plus": 1.7141428428542849,
        "radial_null_cone_dr_dt": null
      },
      "coordinates": {
        "a": -0.7,
        "a_over_M": -0.7,
        "r": 1.7141428428542849,
        "theta_deg": 90.0
      },
      "curvature_invariants": {
        "kretschmann_at_outer_horizon_equator": 1.8921657591952725,
        "note": "K at r=r_+, \u03b8=\u03c0/2 if horizon exists; otherwise null.",
        "ricci_scalar": 0.0
      },
      "local_observables": {
        "energetics": {
          "extractable_fraction_Erot_over_M": 0.0742184807271522,
          "extractable_rotational_energy_Erot": 0.0742184807271522,
          "extremal_max_fraction_reference": 0.29289321881345254,
          "note": "E_rot is the reversible-extraction upper bound from horizon area (Penrose-like idealization)."
        },
        "horizon_geometry": {
          "area_A": 43.08110849851635,
          "irreducible_mass_Mirr": 0.9257815192728478,
          "r_minus": 0.285857157145715,
          "r_plus": 1.7141428428542849
        },
        "horizon_kinematics": {
          "Omega_H": -0.20418368367551074,
          "notes": {
            "Omega_H": "Horizon angular velocity; sets superradiance condition \u03c9 < m \u03a9_H (not modeled here).",
            "kappa": "Surface gravity; tends to 0 at extremality."
          },
          "surface_gravity_kappa": 0.20830902332069898
        },
        "spin": {
          "M": 1.0,
          "a": -0.7,
          "a_over_M": -0.7,
          "kind": "subextremal (|a|<M)"
        }
      }
    },
    {
      "causal_structure": {
        "extremality": {
          "condition": "|a| <= M (BH), |a|=M extremal",
          "discriminant_M2_minus_a2": 0.75
        },
        "horizon_exists": true,
        "inner_horizon_r_minus": 0.1339745962155614,
        "outer_horizon_r_plus": 1.8660254037844386,
        "radial_null_cone_dr_dt": null
      },
      "coordinates": {
        "a": -0.5,
        "a_over_M": -0.5,
        "r": 1.8660254037844386,
        "theta_deg": 90.0
      },
      "curvature_invariants": {
        "kretschmann_at_outer_horizon_equator": 1.1369357589843414,
        "note": "K at r=r_+, \u03b8=\u03c0/2 if horizon exists; otherwise null.",
        "ricci_scalar": 0.0
      },
      "local_observables": {
        "energetics": {
          "extractable_fraction_Erot_over_M": 0.0340741737109318,
          "extractable_rotational_energy_Erot": 0.0340741737109318,
          "extremal_max_fraction_reference": 0.29289321881345254,
          "note": "E_rot is the reversible-extraction upper bound from horizon area (Penrose-like idealization)."
        },
        "horizon_geometry": {
          "area_A": 46.898333599528954,
          "irreducible_mass_Mirr": 0.9659258262890682,
          "r_minus": 0.1339745962155614,
          "r_plus": 1.8660254037844386
        },
        "horizon_kinematics": {
          "Omega_H": -0.13397459621556135,
          "notes": {
            "Omega_H": "Horizon angular velocity; sets superradiance condition \u03c9 < m \u03a9_H (not modeled here).",
            "kappa": "Surface gravity; tends to 0 at extremality."
          },
          "surface_gravity_kappa": 0.23205080756887728
        },
        "spin": {
          "M": 1.0,
          "a": -0.5,
          "a_over_M": -0.5,
          "kind": "subextremal (|a|<M)"
        }
      }
    },
    {
      "causal_structure": {
        "extremality": {
          "condition": "|a| <= M (BH), |a|=M extremal",
          "discriminant_M2_minus_a2": 1.0
        },
        "horizon_exists": true,
        "inner_horizon_r_minus": 0.0,
        "outer_horizon_r_plus": 2.0,
        "radial_null_cone_dr_dt": null
      },
      "coordinates": {
        "a": 0.0,
        "a_over_M": 0.0,
        "r": 2.0,
        "theta_deg": 90.0
      },
      "curvature_invariants": {
        "kretschmann_at_outer_horizon_equator": 0.75,
        "note": "K at r=r_+, \u03b8=\u03c0/2 if horizon exists; otherwise null.",
        "ricci_scalar": 0.0
      },
      "local_observables": {
        "energetics": {
          "extractable_fraction_Erot_over_M": 0.0,
          "extractable_rotational_energy_Erot": 0.0,
          "extremal_max_fraction_reference": 0.29289321881345254,
          "note": "E_rot is the reversible-extraction upper bound from horizon area (Penrose-like idealization)."
        },
        "horizon_geometry": {
          "area_A": 50.26548245743669,
          "irreducible_mass_Mirr": 1.0,
          "r_minus": 0.0,
          "r_plus": 2.0
        },
        "horizon_kinematics": {
          "Omega_H": 0.0,
          "notes": {
            "Omega_H": "Horizon angular velocity; sets superradiance condition \u03c9 < m \u03a9_H (not modeled here).",
            "kappa": "Surface gravity; tends to 0 at extremality."
          },
          "surface_gravity_kappa": 0.25
        },
        "spin": {
          "M": 1.0,
          "a": 0.0,
          "a_over_M": 0.0,
          "kind": "subextremal (|a|<M)"
        }
      }
    },
    {
      "causal_structure": {
        "extremality": {
          "condition": "|a| <= M (BH), |a|=M extremal",
          "discriminant_M2_minus_a2": 0.75
        },
        "horizon_exists": true,
        "inner_horizon_r_minus": 0.1339745962155614,
        "outer_horizon_r_plus": 1.8660254037844386,
        "radial_null_cone_dr_dt": null
      },
      "coordinates": {
        "a": 0.5,
        "a_over_M": 0.5,
        "r": 1.8660254037844386,
        "theta_deg": 90.0
      },
      "curvature_invariants": {
        "kretschmann_at_outer_horizon_equator": 1.1369357589843414,
        "note": "K at r=r_+, \u03b8=\u03c0/2 if horizon exists; otherwise null.",
        "ricci_scalar": 0.0
      },
      "local_observables": {
        "energetics": {
          "extractable_fraction_Erot_over_M": 0.0340741737109318,
          "extractable_rotational_energy_Erot": 0.0340741737109318,
          "extremal_max_fraction_reference": 0.29289321881345254,
          "note": "E_rot is the reversible-extraction upper bound from horizon area (Penrose-like idealization)."
        },
        "horizon_geometry": {
          "area_A": 46.898333599528954,
          "irreducible_mass_Mirr": 0.9659258262890682,
          "r_minus": 0.1339745962155614,
          "r_plus": 1.8660254037844386
        },
        "horizon_kinematics": {
          "Omega_H": 0.13397459621556135,
          "notes": {
            "Omega_H": "Horizon angular velocity; sets superradiance condition \u03c9 < m \u03a9_H (not modeled here).",
            "kappa": "Surface gravity; tends to 0 at extremality."
          },
          "surface_gravity_kappa": 0.23205080756887728
        },
        "spin": {
          "M": 1.0,
          "a": 0.5,
          "a_over_M": 0.5,
          "kind": "subextremal (|a|<M)"
        }
      }
    },
    {
      "causal_structure": {
        "extremality": {
          "condition": "|a| <= M (BH), |a|=M extremal",
          "discriminant_M2_minus_a2": 0.51
        },
        "horizon_exists": true,
        "inner_horizon_r_minus": 0.285857157145715,
        "outer_horizon_r_plus": 1.7141428428542849,
        "radial_null_cone_dr_dt": null
      },
      "coordinates": {
        "a": 0.7,
        "a_over_M": 0.7,
        "r": 1.7141428428542849,
        "theta_deg": 90.0
      },
      "curvature_invariants": {
        "kretschmann_at_outer_horizon_equator": 1.8921657591952725,
        "note": "K at r=r_+, \u03b8=\u03c0/2 if horizon exists; otherwise null.",
        "ricci_scalar": 0.0
      },
      "local_observables": {
        "energetics": {
          "extractable_fraction_Erot_over_M": 0.0742184807271522,
          "extractable_rotational_energy_Erot": 0.0742184807271522,
          "extremal_max_fraction_reference": 0.29289321881345254,
          "note": "E_rot is the reversible-extraction upper bound from horizon area (Penrose-like idealization)."
        },
        "horizon_geometry": {
          "area_A": 43.08110849851635,
          "irreducible_mass_Mirr": 0.9257815192728478,
          "r_minus": 0.285857157145715,
          "r_plus": 1.7141428428542849
        },
        "horizon_kinematics": {
          "Omega_H": 0.20418368367551074,
          "notes": {
            "Omega_H": "Horizon angular velocity; sets superradiance condition \u03c9 < m \u03a9_H (not modeled here).",
            "kappa": "Surface gravity; tends to 0 at extremality."
          },
          "surface_gravity_kappa": 0.20830902332069898
        },
        "spin": {
          "M": 1.0,
          "a": 0.7,
          "a_over_M": 0.7,
          "kind": "subextremal (|a|<M)"
        }
      }
    },
    {
      "causal_structure": {
        "extremality": {
          "condition": "|a| <= M (BH), |a|=M extremal",
          "discriminant_M2_minus_a2": 0.18999999999999995
        },
        "horizon_exists": true,
        "inner_horizon_r_minus": 0.5641101056459328,
        "outer_horizon_r_plus": 1.4358898943540672,
        "radial_null_cone_dr_dt": null
      },
      "coordinates": {
        "a": 0.9,
        "a_over_M": 0.9,
        "r": 1.4358898943540672,
        "theta_deg": 90.0
      },
      "curvature_invariants": {
        "kretschmann_at_outer_horizon_equator": 5.476642639784263,
        "note": "K at r=r_+, \u03b8=\u03c0/2 if horizon exists; otherwise null.",
        "ricci_scalar": 0.0
      },
      "local_observables": {
        "energetics": {
          "extractable_fraction_Erot_over_M": 0.15268367938706995,
          "extractable_rotational_energy_Erot": 0.15268367938706995,
          "extremal_max_fraction_reference": 0.29289321881345254,
          "note": "E_rot is the reversible-extraction upper bound from horizon area (Penrose-like idealization)."
        },
        "horizon_geometry": {
          "area_A": 36.08784914773249,
          "irreducible_mass_Mirr": 0.84731632061293,
          "r_minus": 0.5641101056459328,
          "r_plus": 1.4358898943540672
        },
        "horizon_kinematics": {
          "Omega_H": 0.3133945031366293,
          "notes": {
            "Omega_H": "Horizon angular velocity; sets superradiance condition \u03c9 < m \u03a9_H (not modeled here).",
            "kappa": "Surface gravity; tends to 0 at extremality."
          },
          "surface_gravity_kappa": 0.15178388540374524
        },
        "spin": {
          "M": 1.0,
          "a": 0.9,
          "a_over_M": 0.9,
          "kind": "subextremal (|a|<M)"
        }
      }
    },
    {
      "causal_structure": {
        "extremality": {
          "condition": "|a| <= M (BH), |a|=M extremal",
          "discriminant_M2_minus_a2": 0.0
        },
        "horizon_exists": true,
        "inner_horizon_r_minus": 1.0,
        "outer_horizon_r_plus": 1.0,
        "radial_null_cone_dr_dt": null
      },
      "coordinates": {
        "a": 1.0,
        "a_over_M": 1.0,
        "r": 1.0,
        "theta_deg": 90.0
      },
      "curvature_invariants": {
        "kretschmann_at_outer_horizon_equator": 48.0,
        "note": "K at r=r_+, \u03b8=\u03c0/2 if horizon exists; otherwise null.",
        "ricci_scalar": 0.0
      },
      "local_observables": {
        "energetics": {
          "extractable_fraction_Erot_over_M": 0.2928932188134524,
          "extractable_rotational_energy_Erot": 0.2928932188134524,
          "extremal_max_fraction_reference": 0.29289321881345254,
          "note": "E_rot is the reversible-extraction upper bound from horizon area (Penrose-like idealization)."
        },
        "horizon_geometry": {
          "area_A": 25.132741228718345,
          "irreducible_mass_Mirr": 0.7071067811865476,
          "r_minus": 1.0,
          "r_plus": 1.0
        },
        "horizon_kinematics": {
          "Omega_H": 0.5,
          "notes": {
            "Omega_H": "Horizon angular velocity; sets superradiance condition \u03c9 < m \u03a9_H (not modeled here).",
            "kappa": "Surface gravity; tends to 0 at extremality."
          },
          "surface_gravity_kappa": 0.0
        },
        "spin": {
          "M": 1.0,
          "a": 1.0,
          "a_over_M": 1.0,
          "kind": "extremal (|a|=M)"
        }
      }
    },
    {
      "causal_structure": {
        "extremality": {
          "condition": "|a| <= M (BH), |a|=M extremal",
          "discriminant_M2_minus_a2": -0.43999999999999995
        },
        "horizon_exists": false,
        "inner_horizon_r_minus": null,
        "outer_horizon_r_plus": null,
        "radial_null_cone_dr_dt": null
      },
      "coordinates": {
        "a": 1.2,
        "a_over_M": 1.2,
        "r": null,
        "theta_deg": 90.0
      },
      "curvature_invariants": {
        "kretschmann_at_outer_horizon_equator": null,
        "note": "K at r=r_+, \u03b8=\u03c0/2 if horizon exists; otherwise null.",
        "ricci_scalar": 0.0
      },
      "local_observables": {
        "energetics": {
          "extractable_fraction_Erot_over_M": null,
          "extractable_rotational_energy_Erot": null,
          "extremal_max_fraction_reference": 0.29289321881345254,
          "note": "E_rot is the reversible-extraction upper bound from horizon area (Penrose-like idealization)."
        },
        "horizon_geometry": {
          "area_A": null,
          "irreducible_mass_Mirr": null,
          "r_minus": null,
          "r_plus": null
        },
        "horizon_kinematics": {
          "Omega_H": null,
          "notes": {
            "Omega_H": "Horizon angular velocity; sets superradiance condition \u03c9 < m \u03a9_H (not modeled here).",
            "kappa": "Surface gravity; tends to 0 at extremality."
          },
          "surface_gravity_kappa": null
        },
        "spin": {
          "M": 1.0,
          "a": 1.2,
          "a_over_M": 1.2,
          "kind": "naked_singularity (|a|>M)"
        }
      }
    }
  ],
  "spacetime": "Kerr: horizon area, irreducible mass, and extractable rotational energy",
  "theory": "General Relativity (Kerr horizon mechanics)",
  "toy_id": "014",
  "units": {
    "G": 1,
    "c": 1
  }
}