{
  "notes": {
    "definitions_used": {
      "constraint_monitor": "C = (p_x centered) - (p_x forward) (continuum limit would be zero)",
      "evolution": "h_t=p, p_t=h_xx (plus optional damping term -kappa C_x)",
      "norms": "L2 and Linf norms of C over the periodic domain"
    },
    "limitations": "This is not Einstein's equations; it is a minimal analog demonstrating constraint behavior under evolution.",
    "pressure_point": "GR evolution is constrained: initial data must satisfy constraints and the formulation must preserve them. In practice, small numerical violations can persist or grow, motivating constraint-damping formulations. This toy demonstrates constraint monitoring and damping in a simplified system."
  },
  "observables": {
    "summary": {
      "constraint_L2_final": 0.0006880683288046835,
      "constraint_L2_initial": 7.794631833439024e-06,
      "constraint_Linf_final": 0.0009636039272938324,
      "constraint_Linf_initial": 1.1023274052554717e-05,
      "key_result": "Without damping, constraint violations propagate according to the discretization; with damping, norms are typically reduced (depending on kappa, dt, dx).",
      "n_samples": 81
    }
  },
  "parameters": {
    "L": 1.0,
    "amp": 0.001,
    "dt": 0.0005,
    "dx": 0.00390625,
    "inject_constraint": 1e-06,
    "k_mode": 4,
    "kappa": 0.0,
    "mode": "plain",
    "nsteps": 4000,
    "nx": 256,
    "sample_every": 50
  },
  "sample_points": [
    {
      "causal_structure": {
        "energy_warning": "Einstein evolution requires constraints remain satisfied; numerical formulations often require constraint damping or careful gauges to prevent growth.",
        "horizon_radius": null,
        "radial_null_cone_dx_dt": {
          "ingoing": -1.0,
          "outgoing": 1.0
        },
        "region": "toy linearized evolution with constraints (numerical-relativity analog)"
      },
      "coordinates": {
        "step": 0,
        "t": 0.0
      },
      "curvature_invariants": {
        "kretschmann": null,
        "ricci_scalar": null
      },
      "local_observables": {
        "constraint_L2": 7.794631833439024e-06,
        "constraint_Linf": 1.1023274052554717e-05,
        "kappa": 0.0,
        "mode": "plain",
        "notes": "Constraint monitor defined from inconsistent discrete derivative operators. It is identically zero in the continuum, but captures numerical constraint violation behavior."
      }
    },
    {
      "causal_structure": {
        "energy_warning": "Einstein evolution requires constraints remain satisfied; numerical formulations often require constraint damping or careful gauges to prevent growth.",
        "horizon_radius": null,
        "radial_null_cone_dx_dt": {
          "ingoing": -1.0,
          "outgoing": 1.0
        },
        "region": "toy linearized evolution with constraints (numerical-relativity analog)"
      },
      "coordinates": {
        "step": 50,
        "t": 0.02500000000000002
      },
      "curvature_invariants": {
        "kretschmann": null,
        "ricci_scalar": null
      },
      "local_observables": {
        "constraint_L2": 0.012643758944992981,
        "constraint_Linf": 0.01787803247435593,
        "kappa": 0.0,
        "mode": "plain",
        "notes": "Constraint monitor defined from inconsistent discrete derivative operators. It is identically zero in the continuum, but captures numerical constraint violation behavior."
      }
    },
    {
      "causal_structure": {
        "energy_warning": "Einstein evolution requires constraints remain satisfied; numerical formulations often require constraint damping or careful gauges to prevent growth.",
        "horizon_radius": null,
        "radial_null_cone_dx_dt": {
          "ingoing": -1.0,
          "outgoing": 1.0
        },
        "region": "toy linearized evolution with constraints (numerical-relativity analog)"
      },
      "coordinates": {
        "step": 100,
        "t": 0.05000000000000004
      },
      "curvature_invariants": {
        "kretschmann": null,
        "ricci_scalar": null
      },
      "local_observables": {
        "constraint_L2": 0.020736612018428326,
        "constraint_Linf": 0.029316763764970055,
        "kappa": 0.0,
        "mode": "plain",
        "notes": "Constraint monitor defined from inconsistent discrete derivative operators. It is identically zero in the continuum, but captures numerical constraint violation behavior."
      }
    },
    {
      "causal_structure": {
        "energy_warning": "Einstein evolution requires constraints remain satisfied; numerical formulations often require constraint damping or careful gauges to prevent growth.",
        "horizon_radius": null,
        "radial_null_cone_dx_dt": {
          "ingoing": -1.0,
          "outgoing": 1.0
        },
        "region": "toy linearized evolution with constraints (numerical-relativity analog)"
      },
      "coordinates": {
        "step": 150,
        "t": 0.07500000000000005
      },
      "curvature_invariants": {
        "kretschmann": null,
        "ricci_scalar": null
      },
      "local_observables": {
        "constraint_L2": 0.020914531618769036,
        "constraint_Linf": 0.02958615010621468,
        "kappa": 0.0,
        "mode": "plain",
        "notes": "Constraint monitor defined from inconsistent discrete derivative operators. It is identically zero in the continuum, but captures numerical constraint violation behavior."
      }
    },
    {
      "causal_structure": {
        "energy_warning": "Einstein evolution requires constraints remain satisfied; numerical formulations often require constraint damping or careful gauges to prevent growth.",
        "horizon_radius": null,
        "radial_null_cone_dx_dt": {
          "ingoing": -1.0,
          "outgoing": 1.0
        },
        "region": "toy linearized evolution with constraints (numerical-relativity analog)"
      },
      "coordinates": {
        "step": 200,
        "t": 0.10000000000000007
      },
      "curvature_invariants": {
        "kretschmann": null,
        "ricci_scalar": null
      },
      "local_observables": {
        "constraint_L2": 0.013109605892864355,
        "constraint_Linf": 0.01854384215540783,
        "kappa": 0.0,
        "mode": "plain",
        "notes": "Constraint monitor defined from inconsistent discrete derivative operators. It is identically zero in the continuum, but captures numerical constraint violation behavior."
      }
    },
    {
      "causal_structure": {
        "energy_warning": "Einstein evolution requires constraints remain satisfied; numerical formulations often require constraint damping or careful gauges to prevent growth.",
        "horizon_radius": null,
        "radial_null_cone_dx_dt": {
          "ingoing": -1.0,
          "outgoing": 1.0
        },
        "region": "toy linearized evolution with constraints (numerical-relativity analog)"
      },
      "coordinates": {
        "step": 250,
        "t": 0.12500000000000008
      },
      "curvature_invariants": {
        "kretschmann": null,
        "ricci_scalar": null
      },
      "local_observables": {
        "constraint_L2": 0.00030098705240792653,
        "constraint_Linf": 0.00041452045601662185,
        "kappa": 0.0,
        "mode": "plain",
        "notes": "Constraint monitor defined from inconsistent discrete derivative operators. It is identically zero in the continuum, but captures numerical constraint violation behavior."
      }
    },
    {
      "causal_structure": {
        "energy_warning": "Einstein evolution requires constraints remain satisfied; numerical formulations often require constraint damping or careful gauges to prevent growth.",
        "horizon_radius": null,
        "radial_null_cone_dx_dt": {
          "ingoing": -1.0,
          "outgoing": 1.0
        },
        "region": "toy linearized evolution with constraints (numerical-relativity analog)"
      },
      "coordinates": {
        "step": 300,
        "t": 0.1500000000000001
      },
      "curvature_invariants": {
        "kretschmann": null,
        "ricci_scalar": null
      },
      "local_observables": {
        "constraint_L2": 0.012622681617394084,
        "constraint_Linf": 0.017848563992688415,
        "kappa": 0.0,
        "mode": "plain",
        "notes": "Constraint monitor defined from inconsistent discrete derivative operators. It is identically zero in the continuum, but captures numerical constraint violation behavior."
      }
    },
    {
      "causal_structure": {
        "energy_warning": "Einstein evolution requires constraints remain satisfied; numerical formulations often require constraint damping or careful gauges to prevent growth.",
        "horizon_radius": null,
        "radial_null_cone_dx_dt": {
          "ingoing": -1.0,
          "outgoing": 1.0
        },
        "region": "toy linearized evolution with constraints (numerical-relativity analog)"
      },
      "coordinates": {
        "step": 350,
        "t": 0.17500000000000013
      },
      "curvature_invariants": {
        "kretschmann": null,
        "ricci_scalar": null
      },
      "local_observables": {
        "constraint_L2": 0.020728316777803017,
        "constraint_Linf": 0.02930484493375829,
        "kappa": 0.0,
        "mode": "plain",
        "notes": "Constraint monitor defined from inconsistent discrete derivative operators. It is identically zero in the continuum, but captures numerical constraint violation behavior."
      }
    },
    {
      "causal_structure": {
        "energy_warning": "Einstein evolution requires constraints remain satisfied; numerical formulations often require constraint damping or careful gauges to prevent growth.",
        "horizon_radius": null,
        "radial_null_cone_dx_dt": {
          "ingoing": -1.0,
          "outgoing": 1.0
        },
        "region": "toy linearized evolution with constraints (numerical-relativity analog)"
      },
      "coordinates": {
        "step": 400,
        "t": 0.20000000000000015
      },
      "curvature_invariants": {
        "kretschmann": null,
        "ricci_scalar": null
      },
      "local_observables": {
        "constraint_L2": 0.02092218451898163,
        "constraint_Linf": 0.02959674731765638,
        "kappa": 0.0,
        "mode": "plain",
        "notes": "Constraint monitor defined from inconsistent discrete derivative operators. It is identically zero in the continuum, but captures numerical constraint violation behavior."
      }
    },
    {
      "causal_structure": {
        "energy_warning": "Einstein evolution requires constraints remain satisfied; numerical formulations often require constraint damping or careful gauges to prevent growth.",
        "horizon_radius": null,
        "radial_null_cone_dx_dt": {
          "ingoing": -1.0,
          "outgoing": 1.0
        },
        "region": "toy linearized evolution with constraints (numerical-relativity analog)"
      },
      "coordinates": {
        "step": 450,
        "t": 0.22500000000000017
      },
      "curvature_invariants": {
        "kretschmann": null,
        "ricci_scalar": null
      },
      "local_observables": {
        "constraint_L2": 0.01313028607983116,
        "constraint_Linf": 0.018573412567210346,
        "kappa": 0.0,
        "mode": "plain",
        "notes": "Constraint monitor defined from inconsistent discrete derivative operators. It is identically zero in the continuum, but captures numerical constraint violation behavior."
      }
    },
    {
      "causal_structure": {
        "energy_warning": "Einstein evolution requires constraints remain satisfied; numerical formulations often require constraint damping or careful gauges to prevent growth.",
        "horizon_radius": null,
        "radial_null_cone_dx_dt": {
          "ingoing": -1.0,
          "outgoing": 1.0
        },
        "region": "toy linearized evolution with constraints (numerical-relativity analog)"
      },
      "coordinates": {
        "step": 500,
        "t": 0.25000000000000017
      },
      "curvature_invariants": {
        "kretschmann": null,
        "ricci_scalar": null
      },
      "local_observables": {
        "constraint_L2": 0.0003267925751837283,
        "constraint_Linf": 0.0004510560968145408,
        "kappa": 0.0,
        "mode": "plain",
        "notes": "Constraint monitor defined from inconsistent discrete derivative operators. It is identically zero in the continuum, but captures numerical constraint violation behavior."
      }
    },
    {
      "causal_structure": {
        "energy_warning": "Einstein evolution requires constraints remain satisfied; numerical formulations often require constraint damping or careful gauges to prevent growth.",
        "horizon_radius": null,
        "radial_null_cone_dx_dt": {
          "ingoing": -1.0,
          "outgoing": 1.0
        },
        "region": "toy linearized evolution with constraints (numerical-relativity analog)"
      },
      "coordinates": {
        "step": 550,
        "t": 0.2750000000000002
      },
      "curvature_invariants": {
        "kretschmann": null,
        "ricci_scalar": null
      },
      "local_observables": {
        "constraint_L2": 0.012601586717617155,
        "constraint_Linf": 0.01781907333233379,
        "kappa": 0.0,
        "mode": "plain",
        "notes": "Constraint monitor defined from inconsistent discrete derivative operators. It is identically zero in the continuum, but captures numerical constraint violation behavior."
      }
    },
    {
      "causal_structure": {
        "energy_warning": "Einstein evolution requires constraints remain satisfied; numerical formulations often require constraint damping or careful gauges to prevent growth.",
        "horizon_radius": null,
        "radial_null_cone_dx_dt": {
          "ingoing": -1.0,
          "outgoing": 1.0
        },
        "region": "toy linearized evolution with constraints (numerical-relativity analog)"
      },
      "coordinates": {
        "step": 600,
        "t": 0.3000000000000002
      },
      "curvature_invariants": {
        "kretschmann": null,
        "ricci_scalar": null
      },
      "local_observables": {
        "constraint_L2": 0.020719992713780114,
        "constraint_Linf": 0.029292894856666862,
        "kappa": 0.0,
        "mode": "plain",
        "notes": "Constraint monitor defined from inconsistent discrete derivative operators. It is identically zero in the continuum, but captures numerical constraint violation behavior."
      }
    },
    {
      "causal_structure": {
        "energy_warning": "Einstein evolution requires constraints remain satisfied; numerical formulations often require constraint damping or careful gauges to prevent growth.",
        "horizon_radius": null,
        "radial_null_cone_dx_dt": {
          "ingoing": -1.0,
          "outgoing": 1.0
        },
        "region": "toy linearized evolution with constraints (numerical-relativity analog)"
      },
      "coordinates": {
        "step": 650,
        "t": 0.32500000000000023
      },
      "curvature_invariants": {
        "kretschmann": null,
        "ricci_scalar": null
      },
      "local_observables": {
        "constraint_L2": 0.020929808352107976,
        "constraint_Linf": 0.029607294979099308,
        "kappa": 0.0,
        "mode": "plain",
        "notes": "Constraint monitor defined from inconsistent discrete derivative operators. It is identically zero in the continuum, but captures numerical constraint violation behavior."
      }
    },
    {
      "causal_structure": {
        "energy_warning": "Einstein evolution requires constraints remain satisfied; numerical formulations often require constraint damping or careful gauges to prevent growth.",
        "horizon_radius": null,
        "radial_null_cone_dx_dt": {
          "ingoing": -1.0,
          "outgoing": 1.0
        },
        "region": "toy linearized evolution with constraints (numerical-relativity analog)"
      },
      "coordinates": {
        "step": 700,
        "t": 0.35000000000000026
      },
      "curvature_invariants": {
        "kretschmann": null,
        "ricci_scalar": null
      },
      "local_observables": {
        "constraint_L2": 0.013150948052949724,
        "constraint_Linf": 0.018602952817446505,
        "kappa": 0.0,
        "mode": "plain",
        "notes": "Constraint monitor defined from inconsistent discrete derivative operators. It is identically zero in the continuum, but captures numerical constraint violation behavior."
      }
    },
    {
      "causal_structure": {
        "energy_warning": "Einstein evolution requires constraints remain satisfied; numerical formulations often require constraint damping or careful gauges to prevent growth.",
        "horizon_radius": null,
        "radial_null_cone_dx_dt": {
          "ingoing": -1.0,
          "outgoing": 1.0
        },
        "region": "toy linearized evolution with constraints (numerical-relativity analog)"
      },
      "coordinates": {
        "step": 750,
        "t": 0.3750000000000003
      },
      "curvature_invariants": {
        "kretschmann": null,
        "ricci_scalar": null
      },
      "local_observables": {
        "constraint_L2": 0.0003525987468433472,
        "constraint_Linf": 0.00048760226123414907,
        "kappa": 0.0,
        "mode": "plain",
        "notes": "Constraint monitor defined from inconsistent discrete derivative operators. It is identically zero in the continuum, but captures numerical constraint violation behavior."
      }
    },
    {
      "causal_structure": {
        "energy_warning": "Einstein evolution requires constraints remain satisfied; numerical formulations often require constraint damping or careful gauges to prevent growth.",
        "horizon_radius": null,
        "radial_null_cone_dx_dt": {
          "ingoing": -1.0,
          "outgoing": 1.0
        },
        "region": "toy linearized evolution with constraints (numerical-relativity analog)"
      },
      "coordinates": {
        "step": 800,
        "t": 0.4000000000000003
      },
      "curvature_invariants": {
        "kretschmann": null,
        "ricci_scalar": null
      },
      "local_observables": {
        "constraint_L2": 0.012580474275110031,
        "constraint_Linf": 0.017789560188823605,
        "kappa": 0.0,
        "mode": "plain",
        "notes": "Constraint monitor defined from inconsistent discrete derivative operators. It is identically zero in the continuum, but captures numerical constraint violation behavior."
      }
    },
    {
      "causal_structure": {
        "energy_warning": "Einstein evolution requires constraints remain satisfied; numerical formulations often require constraint damping or careful gauges to prevent growth.",
        "horizon_radius": null,
        "radial_null_cone_dx_dt": {
          "ingoing": -1.0,
          "outgoing": 1.0
        },
        "region": "toy linearized evolution with constraints (numerical-relativity analog)"
      },
      "coordinates": {
        "step": 850,
        "t": 0.4250000000000003
      },
      "curvature_invariants": {
        "kretschmann": null,
        "ricci_scalar": null
      },
      "local_observables": {
        "constraint_L2": 0.02071163983771714,
        "constraint_Linf": 0.029280913731542846,
        "kappa": 0.0,
        "mode": "plain",
        "notes": "Constraint monitor defined from inconsistent discrete derivative operators. It is identically zero in the continuum, but captures numerical constraint violation behavior."
      }
    },
    {
      "causal_structure": {
        "energy_warning": "Einstein evolution requires constraints remain satisfied; numerical formulations often require constraint damping or careful gauges to prevent growth.",
        "horizon_radius": null,
        "radial_null_cone_dx_dt": {
          "ingoing": -1.0,
          "outgoing": 1.0
        },
        "region": "toy linearized evolution with constraints (numerical-relativity analog)"
      },
      "coordinates": {
        "step": 900,
        "t": 0.45000000000000034
      },
      "curvature_invariants": {
        "kretschmann": null,
        "ricci_scalar": null
      },
      "local_observables": {
        "constraint_L2": 0.020937403107692844,
        "constraint_Linf": 0.029617793311836227,
        "kappa": 0.0,
        "mode": "plain",
        "notes": "Constraint monitor defined from inconsistent discrete derivative operators. It is identically zero in the continuum, but captures numerical constraint violation behavior."
      }
    },
    {
      "causal_structure": {
        "energy_warning": "Einstein evolution requires constraints remain satisfied; numerical formulations often require constraint damping or careful gauges to prevent growth.",
        "horizon_radius": null,
        "radial_null_cone_dx_dt": {
          "ingoing": -1.0,
          "outgoing": 1.0
        },
        "region": "toy linearized evolution with constraints (numerical-relativity analog)"
      },
      "coordinates": {
        "step": 950,
        "t": 0.47500000000000037
      },
      "curvature_invariants": {
        "kretschmann": null,
        "ricci_scalar": null
      },
      "local_observables": {
        "constraint_L2": 0.013171591783238625,
        "constraint_Linf": 0.018632462541202655,
        "kappa": 0.0,
        "mode": "plain",
        "notes": "Constraint monitor defined from inconsistent discrete derivative operators. It is identically zero in the continuum, but captures numerical constraint violation behavior."
      }
    },
    {
      "causal_structure": {
        "energy_warning": "Einstein evolution requires constraints remain satisfied; numerical formulations often require constraint damping or careful gauges to prevent growth.",
        "horizon_radius": null,
        "radial_null_cone_dx_dt": {
          "ingoing": -1.0,
          "outgoing": 1.0
        },
        "region": "toy linearized evolution with constraints (numerical-relativity analog)"
      },
      "coordinates": {
        "step": 1000,
        "t": 0.5000000000000003
      },
      "curvature_invariants": {
        "kretschmann": null,
        "ricci_scalar": null
      },
      "local_observables": {
        "constraint_L2": 0.00037840531639882967,
        "constraint_Linf": 0.0005241588592194354,
        "kappa": 0.0,
        "mode": "plain",
        "notes": "Constraint monitor defined from inconsistent discrete derivative operators. It is identically zero in the continuum, but captures numerical constraint violation behavior."
      }
    },
    {
      "causal_structure": {
        "energy_warning": "Einstein evolution requires constraints remain satisfied; numerical formulations often require constraint damping or careful gauges to prevent growth.",
        "horizon_radius": null,
        "radial_null_cone_dx_dt": {
          "ingoing": -1.0,
          "outgoing": 1.0
        },
        "region": "toy linearized evolution with constraints (numerical-relativity analog)"
      },
      "coordinates": {
        "step": 1050,
        "t": 0.5249999999999976
      },
      "curvature_invariants": {
        "kretschmann": null,
        "ricci_scalar": null
      },
      "local_observables": {
        "constraint_L2": 0.012559344319327976,
        "constraint_Linf": 0.017760024255411233,
        "kappa": 0.0,
        "mode": "plain",
        "notes": "Constraint monitor defined from inconsistent discrete derivative operators. It is identically zero in the continuum, but captures numerical constraint violation behavior."
      }
    },
    {
      "causal_structure": {
        "energy_warning": "Einstein evolution requires constraints remain satisfied; numerical formulations often require constraint damping or careful gauges to prevent growth.",
        "horizon_radius": null,
        "radial_null_cone_dx_dt": {
          "ingoing": -1.0,
          "outgoing": 1.0
        },
        "region": "toy linearized evolution with constraints (numerical-relativity analog)"
      },
      "coordinates": {
        "step": 1100,
        "t": 0.5499999999999948
      },
      "curvature_invariants": {
        "kretschmann": null,
        "ricci_scalar": null
      },
      "local_observables": {
        "constraint_L2": 0.020703258161017504,
        "constraint_Linf": 0.029268901746325238,
        "kappa": 0.0,
        "mode": "plain",
        "notes": "Constraint monitor defined from inconsistent discrete derivative operators. It is identically zero in the continuum, but captures numerical constraint violation behavior."
      }
    },
    {
      "causal_structure": {
        "energy_warning": "Einstein evolution requires constraints remain satisfied; numerical formulations often require constraint damping or careful gauges to prevent growth.",
        "horizon_radius": null,
        "radial_null_cone_dx_dt": {
          "ingoing": -1.0,
          "outgoing": 1.0
        },
        "region": "toy linearized evolution with constraints (numerical-relativity analog)"
      },
      "coordinates": {
        "step": 1150,
        "t": 0.5749999999999921
      },
      "curvature_invariants": {
        "kretschmann": null,
        "ricci_scalar": null
      },
      "local_observables": {
        "constraint_L2": 0.020944968775322075,
        "constraint_Linf": 0.0296282425448795,
        "kappa": 0.0,
        "mode": "plain",
        "notes": "Constraint monitor defined from inconsistent discrete derivative operators. It is identically zero in the continuum, but captures numerical constraint violation behavior."
      }
    },
    {
      "causal_structure": {
        "energy_warning": "Einstein evolution requires constraints remain satisfied; numerical formulations often require constraint damping or careful gauges to prevent growth.",
        "horizon_radius": null,
        "radial_null_cone_dx_dt": {
          "ingoing": -1.0,
          "outgoing": 1.0
        },
        "region": "toy linearized evolution with constraints (numerical-relativity analog)"
      },
      "coordinates": {
        "step": 1200,
        "t": 0.5999999999999893
      },
      "curvature_invariants": {
        "kretschmann": null,
        "ricci_scalar": null
      },
      "local_observables": {
        "constraint_L2": 0.01319221724173114,
        "constraint_Linf": 0.018661941378185,
        "kappa": 0.0,
        "mode": "plain",
        "notes": "Constraint monitor defined from inconsistent discrete derivative operators. It is identically zero in the continuum, but captures numerical constraint violation behavior."
      }
    },
    {
      "causal_structure": {
        "energy_warning": "Einstein evolution requires constraints remain satisfied; numerical formulations often require constraint damping or careful gauges to prevent growth.",
        "horizon_radius": null,
        "radial_null_cone_dx_dt": {
          "ingoing": -1.0,
          "outgoing": 1.0
        },
        "region": "toy linearized evolution with constraints (numerical-relativity analog)"
      },
      "coordinates": {
        "step": 1250,
        "t": 0.6249999999999866
      },
      "curvature_invariants": {
        "kretschmann": null,
        "ricci_scalar": null
      },
      "local_observables": {
        "constraint_L2": 0.00040421208839001334,
        "constraint_Linf": 0.0005607257894224282,
        "kappa": 0.0,
        "mode": "plain",
        "notes": "Constraint monitor defined from inconsistent discrete derivative operators. It is identically zero in the continuum, but captures numerical constraint violation behavior."
      }
    },
    {
      "causal_structure": {
        "energy_warning": "Einstein evolution requires constraints remain satisfied; numerical formulations often require constraint damping or careful gauges to prevent growth.",
        "horizon_radius": null,
        "radial_null_cone_dx_dt": {
          "ingoing": -1.0,
          "outgoing": 1.0
        },
        "region": "toy linearized evolution with constraints (numerical-relativity analog)"
      },
      "coordinates": {
        "step": 1300,
        "t": 0.6499999999999838
      },
      "curvature_invariants": {
        "kretschmann": null,
        "ricci_scalar": null
      },
      "local_observables": {
        "constraint_L2": 0.012538196879733008,
        "constraint_Linf": 0.01773046522306765,
        "kappa": 0.0,
        "mode": "plain",
        "notes": "Constraint monitor defined from inconsistent discrete derivative operators. It is identically zero in the continuum, but captures numerical constraint violation behavior."
      }
    },
    {
      "causal_structure": {
        "energy_warning": "Einstein evolution requires constraints remain satisfied; numerical formulations often require constraint damping or careful gauges to prevent growth.",
        "horizon_radius": null,
        "radial_null_cone_dx_dt": {
          "ingoing": -1.0,
          "outgoing": 1.0
        },
        "region": "toy linearized evolution with constraints (numerical-relativity analog)"
      },
      "coordinates": {
        "step": 1350,
        "t": 0.6749999999999811
      },
      "curvature_invariants": {
        "kretschmann": null,
        "ricci_scalar": null
      },
      "local_observables": {
        "constraint_L2": 0.02069484769513117,
        "constraint_Linf": 0.02925685907894593,
        "kappa": 0.0,
        "mode": "plain",
        "notes": "Constraint monitor defined from inconsistent discrete derivative operators. It is identically zero in the continuum, but captures numerical constraint violation behavior."
      }
    },
    {
      "causal_structure": {
        "energy_warning": "Einstein evolution requires constraints remain satisfied; numerical formulations often require constraint damping or careful gauges to prevent growth.",
        "horizon_radius": null,
        "radial_null_cone_dx_dt": {
          "ingoing": -1.0,
          "outgoing": 1.0
        },
        "region": "toy linearized evolution with constraints (numerical-relativity analog)"
      },
      "coordinates": {
        "step": 1400,
        "t": 0.6999999999999783
      },
      "curvature_invariants": {
        "kretschmann": null,
        "ricci_scalar": null
      },
      "local_observables": {
        "constraint_L2": 0.020952505344621876,
        "constraint_Linf": 0.029638642915688074,
        "kappa": 0.0,
        "mode": "plain",
        "notes": "Constraint monitor defined from inconsistent discrete derivative operators. It is identically zero in the continuum, but captures numerical constraint violation behavior."
      }
    },
    {
      "causal_structure": {
        "energy_warning": "Einstein evolution requires constraints remain satisfied; numerical formulations often require constraint damping or careful gauges to prevent growth.",
        "horizon_radius": null,
        "radial_null_cone_dx_dt": {
          "ingoing": -1.0,
          "outgoing": 1.0
        },
        "region": "toy linearized evolution with constraints (numerical-relativity analog)"
      },
      "coordinates": {
        "step": 1450,
        "t": 0.7249999999999756
      },
      "curvature_invariants": {
        "kretschmann": null,
        "ricci_scalar": null
      },
      "local_observables": {
        "constraint_L2": 0.0132128243994763,
        "constraint_Linf": 0.018691388972969847,
        "kappa": 0.0,
        "mode": "plain",
        "notes": "Constraint monitor defined from inconsistent discrete derivative operators. It is identically zero in the continuum, but captures numerical constraint violation behavior."
      }
    },
    {
      "causal_structure": {
        "energy_warning": "Einstein evolution requires constraints remain satisfied; numerical formulations often require constraint damping or careful gauges to prevent growth.",
        "horizon_radius": null,
        "radial_null_cone_dx_dt": {
          "ingoing": -1.0,
          "outgoing": 1.0
        },
        "region": "toy linearized evolution with constraints (numerical-relativity analog)"
      },
      "coordinates": {
        "step": 1500,
        "t": 0.7499999999999728
      },
      "curvature_invariants": {
        "kretschmann": null,
        "ricci_scalar": null
      },
      "local_observables": {
        "constraint_L2": 0.00043001890621431366,
        "constraint_Linf": 0.0005973029390437395,
        "kappa": 0.0,
        "mode": "plain",
        "notes": "Constraint monitor defined from inconsistent discrete derivative operators. It is identically zero in the continuum, but captures numerical constraint violation behavior."
      }
    },
    {
      "causal_structure": {
        "energy_warning": "Einstein evolution requires constraints remain satisfied; numerical formulations often require constraint damping or careful gauges to prevent growth.",
        "horizon_radius": null,
        "radial_null_cone_dx_dt": {
          "ingoing": -1.0,
          "outgoing": 1.0
        },
        "region": "toy linearized evolution with constraints (numerical-relativity analog)"
      },
      "coordinates": {
        "step": 1550,
        "t": 0.77499999999997
      },
      "curvature_invariants": {
        "kretschmann": null,
        "ricci_scalar": null
      },
      "local_observables": {
        "constraint_L2": 0.012517031985793318,
        "constraint_Linf": 0.01770088278105786,
        "kappa": 0.0,
        "mode": "plain",
        "notes": "Constraint monitor defined from inconsistent discrete derivative operators. It is identically zero in the continuum, but captures numerical constraint violation behavior."
      }
    },
    {
      "causal_structure": {
        "energy_warning": "Einstein evolution requires constraints remain satisfied; numerical formulations often require constraint damping or careful gauges to prevent growth.",
        "horizon_radius": null,
        "radial_null_cone_dx_dt": {
          "ingoing": -1.0,
          "outgoing": 1.0
        },
        "region": "toy linearized evolution with constraints (numerical-relativity analog)"
      },
      "coordinates": {
        "step": 1600,
        "t": 0.7999999999999673
      },
      "curvature_invariants": {
        "kretschmann": null,
        "ricci_scalar": null
      },
      "local_observables": {
        "constraint_L2": 0.020686408451555265,
        "constraint_Linf": 0.029244785897235115,
        "kappa": 0.0,
        "mode": "plain",
        "notes": "Constraint monitor defined from inconsistent discrete derivative operators. It is identically zero in the continuum, but captures numerical constraint violation behavior."
      }
    },
    {
      "causal_structure": {
        "energy_warning": "Einstein evolution requires constraints remain satisfied; numerical formulations often require constraint damping or careful gauges to prevent growth.",
        "horizon_radius": null,
        "radial_null_cone_dx_dt": {
          "ingoing": -1.0,
          "outgoing": 1.0
        },
        "region": "toy linearized evolution with constraints (numerical-relativity analog)"
      },
      "coordinates": {
        "step": 1650,
        "t": 0.8249999999999645
      },
      "curvature_invariants": {
        "kretschmann": null,
        "ricci_scalar": null
      },
      "local_observables": {
        "constraint_L2": 0.020960012805258055,
        "constraint_Linf": 0.029648994669434714,
        "kappa": 0.0,
        "mode": "plain",
        "notes": "Constraint monitor defined from inconsistent discrete derivative operators. It is identically zero in the continuum, but captures numerical constraint violation behavior."
      }
    },
    {
      "causal_structure": {
        "energy_warning": "Einstein evolution requires constraints remain satisfied; numerical formulations often require constraint damping or careful gauges to prevent growth.",
        "horizon_radius": null,
        "radial_null_cone_dx_dt": {
          "ingoing": -1.0,
          "outgoing": 1.0
        },
        "region": "toy linearized evolution with constraints (numerical-relativity analog)"
      },
      "coordinates": {
        "step": 1700,
        "t": 0.8499999999999618
      },
      "curvature_invariants": {
        "kretschmann": null,
        "ricci_scalar": null
      },
      "local_observables": {
        "constraint_L2": 0.013233413227540005,
        "constraint_Linf": 0.018720804975560945,
        "kappa": 0.0,
        "mode": "plain",
        "notes": "Constraint monitor defined from inconsistent discrete derivative operators. It is identically zero in the continuum, but captures numerical constraint violation behavior."
      }
    },
    {
      "causal_structure": {
        "energy_warning": "Einstein evolution requires constraints remain satisfied; numerical formulations often require constraint damping or careful gauges to prevent growth.",
        "horizon_radius": null,
        "radial_null_cone_dx_dt": {
          "ingoing": -1.0,
          "outgoing": 1.0
        },
        "region": "toy linearized evolution with constraints (numerical-relativity analog)"
      },
      "coordinates": {
        "step": 1750,
        "t": 0.874999999999959
      },
      "curvature_invariants": {
        "kretschmann": null,
        "ricci_scalar": null
      },
      "local_observables": {
        "constraint_L2": 0.00045582564111615456,
        "constraint_Linf": 0.0006338901843453426,
        "kappa": 0.0,
        "mode": "plain",
        "notes": "Constraint monitor defined from inconsistent discrete derivative operators. It is identically zero in the continuum, but captures numerical constraint violation behavior."
      }
    },
    {
      "causal_structure": {
        "energy_warning": "Einstein evolution requires constraints remain satisfied; numerical formulations often require constraint damping or careful gauges to prevent growth.",
        "horizon_radius": null,
        "radial_null_cone_dx_dt": {
          "ingoing": -1.0,
          "outgoing": 1.0
        },
        "region": "toy linearized evolution with constraints (numerical-relativity analog)"
      },
      "coordinates": {
        "step": 1800,
        "t": 0.8999999999999563
      },
      "curvature_invariants": {
        "kretschmann": null,
        "ricci_scalar": null
      },
      "local_observables": {
        "constraint_L2": 0.012495849666982728,
        "constraint_Linf": 0.017671276618152376,
        "kappa": 0.0,
        "mode": "plain",
        "notes": "Constraint monitor defined from inconsistent discrete derivative operators. It is identically zero in the continuum, but captures numerical constraint violation behavior."
      }
    },
    {
      "causal_structure": {
        "energy_warning": "Einstein evolution requires constraints remain satisfied; numerical formulations often require constraint damping or careful gauges to prevent growth.",
        "horizon_radius": null,
        "radial_null_cone_dx_dt": {
          "ingoing": -1.0,
          "outgoing": 1.0
        },
        "region": "toy linearized evolution with constraints (numerical-relativity analog)"
      },
      "coordinates": {
        "step": 1850,
        "t": 0.9249999999999535
      },
      "curvature_invariants": {
        "kretschmann": null,
        "ricci_scalar": null
      },
      "local_observables": {
        "constraint_L2": 0.020677940441834654,
        "constraint_Linf": 0.029232682359915163,
        "kappa": 0.0,
        "mode": "plain",
        "notes": "Constraint monitor defined from inconsistent discrete derivative operators. It is identically zero in the continuum, but captures numerical constraint violation behavior."
      }
    },
    {
      "causal_structure": {
        "energy_warning": "Einstein evolution requires constraints remain satisfied; numerical formulations often require constraint damping or careful gauges to prevent growth.",
        "horizon_radius": null,
        "radial_null_cone_dx_dt": {
          "ingoing": -1.0,
          "outgoing": 1.0
        },
        "region": "toy linearized evolution with constraints (numerical-relativity analog)"
      },
      "coordinates": {
        "step": 1900,
        "t": 0.9499999999999508
      },
      "curvature_invariants": {
        "kretschmann": null,
        "ricci_scalar": null
      },
      "local_observables": {
        "constraint_L2": 0.020967491146935312,
        "constraint_Linf": 0.029659298060254358,
        "kappa": 0.0,
        "mode": "plain",
        "notes": "Constraint monitor defined from inconsistent discrete derivative operators. It is identically zero in the continuum, but captures numerical constraint violation behavior."
      }
    },
    {
      "causal_structure": {
        "energy_warning": "Einstein evolution requires constraints remain satisfied; numerical formulations often require constraint damping or careful gauges to prevent growth.",
        "horizon_radius": null,
        "radial_null_cone_dx_dt": {
          "ingoing": -1.0,
          "outgoing": 1.0
        },
        "region": "toy linearized evolution with constraints (numerical-relativity analog)"
      },
      "coordinates": {
        "step": 1950,
        "t": 0.974999999999948
      },
      "curvature_invariants": {
        "kretschmann": null,
        "ricci_scalar": null
      },
      "local_observables": {
        "constraint_L2": 0.013253983697006127,
        "constraint_Linf": 0.01875018904277992,
        "kappa": 0.0,
        "mode": "plain",
        "notes": "Constraint monitor defined from inconsistent discrete derivative operators. It is identically zero in the continuum, but captures numerical constraint violation behavior."
      }
    },
    {
      "causal_structure": {
        "energy_warning": "Einstein evolution requires constraints remain satisfied; numerical formulations often require constraint damping or careful gauges to prevent growth.",
        "horizon_radius": null,
        "radial_null_cone_dx_dt": {
          "ingoing": -1.0,
          "outgoing": 1.0
        },
        "region": "toy linearized evolution with constraints (numerical-relativity analog)"
      },
      "coordinates": {
        "step": 2000,
        "t": 0.9999999999999453
      },
      "curvature_invariants": {
        "kretschmann": null,
        "ricci_scalar": null
      },
      "local_observables": {
        "constraint_L2": 0.00048163218471381793,
        "constraint_Linf": 0.0006704873914037401,
        "kappa": 0.0,
        "mode": "plain",
        "notes": "Constraint monitor defined from inconsistent discrete derivative operators. It is identically zero in the continuum, but captures numerical constraint violation behavior."
      }
    },
    {
      "causal_structure": {
        "energy_warning": "Einstein evolution requires constraints remain satisfied; numerical formulations often require constraint damping or careful gauges to prevent growth.",
        "horizon_radius": null,
        "radial_null_cone_dx_dt": {
          "ingoing": -1.0,
          "outgoing": 1.0
        },
        "region": "toy linearized evolution with constraints (numerical-relativity analog)"
      },
      "coordinates": {
        "step": 2050,
        "t": 1.0249999999999426
      },
      "curvature_invariants": {
        "kretschmann": null,
        "ricci_scalar": null
      },
      "local_observables": {
        "constraint_L2": 0.012474649952780258,
        "constraint_Linf": 0.017641646420848867,
        "kappa": 0.0,
        "mode": "plain",
        "notes": "Constraint monitor defined from inconsistent discrete derivative operators. It is identically zero in the continuum, but captures numerical constraint violation behavior."
      }
    },
    {
      "causal_structure": {
        "energy_warning": "Einstein evolution requires constraints remain satisfied; numerical formulations often require constraint damping or careful gauges to prevent growth.",
        "horizon_radius": null,
        "radial_null_cone_dx_dt": {
          "ingoing": -1.0,
          "outgoing": 1.0
        },
        "region": "toy linearized evolution with constraints (numerical-relativity analog)"
      },
      "coordinates": {
        "step": 2100,
        "t": 1.0499999999999399
      },
      "curvature_invariants": {
        "kretschmann": null,
        "ricci_scalar": null
      },
      "local_observables": {
        "constraint_L2": 0.020669443677562512,
        "constraint_Linf": 0.029220548613168695,
        "kappa": 0.0,
        "mode": "plain",
        "notes": "Constraint monitor defined from inconsistent discrete derivative operators. It is identically zero in the continuum, but captures numerical constraint violation behavior."
      }
    },
    {
      "causal_structure": {
        "energy_warning": "Einstein evolution requires constraints remain satisfied; numerical formulations often require constraint damping or careful gauges to prevent growth.",
        "horizon_radius": null,
        "radial_null_cone_dx_dt": {
          "ingoing": -1.0,
          "outgoing": 1.0
        },
        "region": "toy linearized evolution with constraints (numerical-relativity analog)"
      },
      "coordinates": {
        "step": 2150,
        "t": 1.0749999999999371
      },
      "curvature_invariants": {
        "kretschmann": null,
        "ricci_scalar": null
      },
      "local_observables": {
        "constraint_L2": 0.020974940359396482,
        "constraint_Linf": 0.029669553347611455,
        "kappa": 0.0,
        "mode": "plain",
        "notes": "Constraint monitor defined from inconsistent discrete derivative operators. It is identically zero in the continuum, but captures numerical constraint violation behavior."
      }
    },
    {
      "causal_structure": {
        "energy_warning": "Einstein evolution requires constraints remain satisfied; numerical formulations often require constraint damping or careful gauges to prevent growth.",
        "horizon_radius": null,
        "radial_null_cone_dx_dt": {
          "ingoing": -1.0,
          "outgoing": 1.0
        },
        "region": "toy linearized evolution with constraints (numerical-relativity analog)"
      },
      "coordinates": {
        "step": 2200,
        "t": 1.0999999999999344
      },
      "curvature_invariants": {
        "kretschmann": null,
        "ricci_scalar": null
      },
      "local_observables": {
        "constraint_L2": 0.013274535778977687,
        "constraint_Linf": 0.018779540836113995,
        "kappa": 0.0,
        "mode": "plain",
        "notes": "Constraint monitor defined from inconsistent discrete derivative operators. It is identically zero in the continuum, but captures numerical constraint violation behavior."
      }
    },
    {
      "causal_structure": {
        "energy_warning": "Einstein evolution requires constraints remain satisfied; numerical formulations often require constraint damping or careful gauges to prevent growth.",
        "horizon_radius": null,
        "radial_null_cone_dx_dt": {
          "ingoing": -1.0,
          "outgoing": 1.0
        },
        "region": "toy linearized evolution with constraints (numerical-relativity analog)"
      },
      "coordinates": {
        "step": 2250,
        "t": 1.1249999999999316
      },
      "curvature_invariants": {
        "kretschmann": null,
        "ricci_scalar": null
      },
      "local_observables": {
        "constraint_L2": 0.0005074384438046482,
        "constraint_Linf": 0.000707094414292217,
        "kappa": 0.0,
        "mode": "plain",
        "notes": "Constraint monitor defined from inconsistent discrete derivative operators. It is identically zero in the continuum, but captures numerical constraint violation behavior."
      }
    },
    {
      "causal_structure": {
        "energy_warning": "Einstein evolution requires constraints remain satisfied; numerical formulations often require constraint damping or careful gauges to prevent growth.",
        "horizon_radius": null,
        "radial_null_cone_dx_dt": {
          "ingoing": -1.0,
          "outgoing": 1.0
        },
        "region": "toy linearized evolution with constraints (numerical-relativity analog)"
      },
      "coordinates": {
        "step": 2300,
        "t": 1.1499999999999289
      },
      "curvature_invariants": {
        "kretschmann": null,
        "ricci_scalar": null
      },
      "local_observables": {
        "constraint_L2": 0.012453432872669737,
        "constraint_Linf": 0.017611991876147703,
        "kappa": 0.0,
        "mode": "plain",
        "notes": "Constraint monitor defined from inconsistent discrete derivative operators. It is identically zero in the continuum, but captures numerical constraint violation behavior."
      }
    },
    {
      "causal_structure": {
        "energy_warning": "Einstein evolution requires constraints remain satisfied; numerical formulations often require constraint damping or careful gauges to prevent growth.",
        "horizon_radius": null,
        "radial_null_cone_dx_dt": {
          "ingoing": -1.0,
          "outgoing": 1.0
        },
        "region": "toy linearized evolution with constraints (numerical-relativity analog)"
      },
      "coordinates": {
        "step": 2350,
        "t": 1.174999999999926
      },
      "curvature_invariants": {
        "kretschmann": null,
        "ricci_scalar": null
      },
      "local_observables": {
        "constraint_L2": 0.020660918170380835,
        "constraint_Linf": 0.029208384794631392,
        "kappa": 0.0,
        "mode": "plain",
        "notes": "Constraint monitor defined from inconsistent discrete derivative operators. It is identically zero in the continuum, but captures numerical constraint violation behavior."
      }
    },
    {
      "causal_structure": {
        "energy_warning": "Einstein evolution requires constraints remain satisfied; numerical formulations often require constraint damping or careful gauges to prevent growth.",
        "horizon_radius": null,
        "radial_null_cone_dx_dt": {
          "ingoing": -1.0,
          "outgoing": 1.0
        },
        "region": "toy linearized evolution with constraints (numerical-relativity analog)"
      },
      "coordinates": {
        "step": 2400,
        "t": 1.1999999999999234
      },
      "curvature_invariants": {
        "kretschmann": null,
        "ricci_scalar": null
      },
      "local_observables": {
        "constraint_L2": 0.020982360432421836,
        "constraint_Linf": 0.029679760799161237,
        "kappa": 0.0,
        "mode": "plain",
        "notes": "Constraint monitor defined from inconsistent discrete derivative operators. It is identically zero in the continuum, but captures numerical constraint violation behavior."
      }
    },
    {
      "causal_structure": {
        "energy_warning": "Einstein evolution requires constraints remain satisfied; numerical formulations often require constraint damping or careful gauges to prevent growth.",
        "horizon_radius": null,
        "radial_null_cone_dx_dt": {
          "ingoing": -1.0,
          "outgoing": 1.0
        },
        "region": "toy linearized evolution with constraints (numerical-relativity analog)"
      },
      "coordinates": {
        "step": 2450,
        "t": 1.2249999999999206
      },
      "curvature_invariants": {
        "kretschmann": null,
        "ricci_scalar": null
      },
      "local_observables": {
        "constraint_L2": 0.013295069444578022,
        "constraint_Linf": 0.018808860023563856,
        "kappa": 0.0,
        "mode": "plain",
        "notes": "Constraint monitor defined from inconsistent discrete derivative operators. It is identically zero in the continuum, but captures numerical constraint violation behavior."
      }
    },
    {
      "causal_structure": {
        "energy_warning": "Einstein evolution requires constraints remain satisfied; numerical formulations often require constraint damping or careful gauges to prevent growth.",
        "horizon_radius": null,
        "radial_null_cone_dx_dt": {
          "ingoing": -1.0,
          "outgoing": 1.0
        },
        "region": "toy linearized evolution with constraints (numerical-relativity analog)"
      },
      "coordinates": {
        "step": 2500,
        "t": 1.2499999999999178
      },
      "curvature_invariants": {
        "kretschmann": null,
        "ricci_scalar": null
      },
      "local_observables": {
        "constraint_L2": 0.0005332443366769682,
        "constraint_Linf": 0.0007437110955777759,
        "kappa": 0.0,
        "mode": "plain",
        "notes": "Constraint monitor defined from inconsistent discrete derivative operators. It is identically zero in the continuum, but captures numerical constraint violation behavior."
      }
    },
    {
      "causal_structure": {
        "energy_warning": "Einstein evolution requires constraints remain satisfied; numerical formulations often require constraint damping or careful gauges to prevent growth.",
        "horizon_radius": null,
        "radial_null_cone_dx_dt": {
          "ingoing": -1.0,
          "outgoing": 1.0
        },
        "region": "toy linearized evolution with constraints (numerical-relativity analog)"
      },
      "coordinates": {
        "step": 2550,
        "t": 1.274999999999915
      },
      "curvature_invariants": {
        "kretschmann": null,
        "ricci_scalar": null
      },
      "local_observables": {
        "constraint_L2": 0.01243219845613951,
        "constraint_Linf": 0.017582312669883082,
        "kappa": 0.0,
        "mode": "plain",
        "notes": "Constraint monitor defined from inconsistent discrete derivative operators. It is identically zero in the continuum, but captures numerical constraint violation behavior."
      }
    },
    {
      "causal_structure": {
        "energy_warning": "Einstein evolution requires constraints remain satisfied; numerical formulations often require constraint damping or careful gauges to prevent growth.",
        "horizon_radius": null,
        "radial_null_cone_dx_dt": {
          "ingoing": -1.0,
          "outgoing": 1.0
        },
        "region": "toy linearized evolution with constraints (numerical-relativity analog)"
      },
      "coordinates": {
        "step": 2600,
        "t": 1.2999999999999123
      },
      "curvature_invariants": {
        "kretschmann": null,
        "ricci_scalar": null
      },
      "local_observables": {
        "constraint_L2": 0.02065236393198094,
        "constraint_Linf": 0.0291961910298153,
        "kappa": 0.0,
        "mode": "plain",
        "notes": "Constraint monitor defined from inconsistent discrete derivative operators. It is identically zero in the continuum, but captures numerical constraint violation behavior."
      }
    },
    {
      "causal_structure": {
        "energy_warning": "Einstein evolution requires constraints remain satisfied; numerical formulations often require constraint damping or careful gauges to prevent growth.",
        "horizon_radius": null,
        "radial_null_cone_dx_dt": {
          "ingoing": -1.0,
          "outgoing": 1.0
        },
        "region": "toy linearized evolution with constraints (numerical-relativity analog)"
      },
      "coordinates": {
        "step": 2650,
        "t": 1.3249999999999096
      },
      "curvature_invariants": {
        "kretschmann": null,
        "ricci_scalar": null
      },
      "local_observables": {
        "constraint_L2": 0.020989751355828375,
        "constraint_Linf": 0.02968992068882903,
        "kappa": 0.0,
        "mode": "plain",
        "notes": "Constraint monitor defined from inconsistent discrete derivative operators. It is identically zero in the continuum, but captures numerical constraint violation behavior."
      }
    },
    {
      "causal_structure": {
        "energy_warning": "Einstein evolution requires constraints remain satisfied; numerical formulations often require constraint damping or careful gauges to prevent growth.",
        "horizon_radius": null,
        "radial_null_cone_dx_dt": {
          "ingoing": -1.0,
          "outgoing": 1.0
        },
        "region": "toy linearized evolution with constraints (numerical-relativity analog)"
      },
      "coordinates": {
        "step": 2700,
        "t": 1.3499999999999068
      },
      "curvature_invariants": {
        "kretschmann": null,
        "ricci_scalar": null
      },
      "local_observables": {
        "constraint_L2": 0.013315584664951984,
        "constraint_Linf": 0.018838146280330648,
        "kappa": 0.0,
        "mode": "plain",
        "notes": "Constraint monitor defined from inconsistent discrete derivative operators. It is identically zero in the continuum, but captures numerical constraint violation behavior."
      }
    },
    {
      "causal_structure": {
        "energy_warning": "Einstein evolution requires constraints remain satisfied; numerical formulations often require constraint damping or careful gauges to prevent growth.",
        "horizon_radius": null,
        "radial_null_cone_dx_dt": {
          "ingoing": -1.0,
          "outgoing": 1.0
        },
        "region": "toy linearized evolution with constraints (numerical-relativity analog)"
      },
      "coordinates": {
        "step": 2750,
        "t": 1.374999999999904
      },
      "curvature_invariants": {
        "kretschmann": null,
        "ricci_scalar": null
      },
      "local_observables": {
        "constraint_L2": 0.0005590497904419213,
        "constraint_Linf": 0.0007803372690306787,
        "kappa": 0.0,
        "mode": "plain",
        "notes": "Constraint monitor defined from inconsistent discrete derivative operators. It is identically zero in the continuum, but captures numerical constraint violation behavior."
      }
    },
    {
      "causal_structure": {
        "energy_warning": "Einstein evolution requires constraints remain satisfied; numerical formulations often require constraint damping or careful gauges to prevent growth.",
        "horizon_radius": null,
        "radial_null_cone_dx_dt": {
          "ingoing": -1.0,
          "outgoing": 1.0
        },
        "region": "toy linearized evolution with constraints (numerical-relativity analog)"
      },
      "coordinates": {
        "step": 2800,
        "t": 1.3999999999999013
      },
      "curvature_invariants": {
        "kretschmann": null,
        "ricci_scalar": null
      },
      "local_observables": {
        "constraint_L2": 0.012410946732682218,
        "constraint_Linf": 0.01755260848898854,
        "kappa": 0.0,
        "mode": "plain",
        "notes": "Constraint monitor defined from inconsistent discrete derivative operators. It is identically zero in the continuum, but captures numerical constraint violation behavior."
      }
    },
    {
      "causal_structure": {
        "energy_warning": "Einstein evolution requires constraints remain satisfied; numerical formulations often require constraint damping or careful gauges to prevent growth.",
        "horizon_radius": null,
        "radial_null_cone_dx_dt": {
          "ingoing": -1.0,
          "outgoing": 1.0
        },
        "region": "toy linearized evolution with constraints (numerical-relativity analog)"
      },
      "coordinates": {
        "step": 2850,
        "t": 1.4249999999998986
      },
      "curvature_invariants": {
        "kretschmann": null,
        "ricci_scalar": null
      },
      "local_observables": {
        "constraint_L2": 0.020643780974103902,
        "constraint_Linf": 0.029183967434585067,
        "kappa": 0.0,
        "mode": "plain",
        "notes": "Constraint monitor defined from inconsistent discrete derivative operators. It is identically zero in the continuum, but captures numerical constraint violation behavior."
      }
    },
    {
      "causal_structure": {
        "energy_warning": "Einstein evolution requires constraints remain satisfied; numerical formulations often require constraint damping or careful gauges to prevent growth.",
        "horizon_radius": null,
        "radial_null_cone_dx_dt": {
          "ingoing": -1.0,
          "outgoing": 1.0
        },
        "region": "toy linearized evolution with constraints (numerical-relativity analog)"
      },
      "coordinates": {
        "step": 2900,
        "t": 1.4499999999998958
      },
      "curvature_invariants": {
        "kretschmann": null,
        "ricci_scalar": null
      },
      "local_observables": {
        "constraint_L2": 0.02099711311946912,
        "constraint_Linf": 0.02970003329765758,
        "kappa": 0.0,
        "mode": "plain",
        "notes": "Constraint monitor defined from inconsistent discrete derivative operators. It is identically zero in the continuum, but captures numerical constraint violation behavior."
      }
    },
    {
      "causal_structure": {
        "energy_warning": "Einstein evolution requires constraints remain satisfied; numerical formulations often require constraint damping or careful gauges to prevent growth.",
        "horizon_radius": null,
        "radial_null_cone_dx_dt": {
          "ingoing": -1.0,
          "outgoing": 1.0
        },
        "region": "toy linearized evolution with constraints (numerical-relativity analog)"
      },
      "coordinates": {
        "step": 2950,
        "t": 1.474999999999893
      },
      "curvature_invariants": {
        "kretschmann": null,
        "ricci_scalar": null
      },
      "local_observables": {
        "constraint_L2": 0.01333608141126715,
        "constraint_Linf": 0.018867399288246878,
        "kappa": 0.0,
        "mode": "plain",
        "notes": "Constraint monitor defined from inconsistent discrete derivative operators. It is identically zero in the continuum, but captures numerical constraint violation behavior."
      }
    },
    {
      "causal_structure": {
        "energy_warning": "Einstein evolution requires constraints remain satisfied; numerical formulations often require constraint damping or careful gauges to prevent growth.",
        "horizon_radius": null,
        "radial_null_cone_dx_dt": {
          "ingoing": -1.0,
          "outgoing": 1.0
        },
        "region": "toy linearized evolution with constraints (numerical-relativity analog)"
      },
      "coordinates": {
        "step": 3000,
        "t": 1.4999999999998903
      },
      "curvature_invariants": {
        "kretschmann": null,
        "ricci_scalar": null
      },
      "local_observables": {
        "constraint_L2": 0.0005848547390703285,
        "constraint_Linf": 0.000816972756844711,
        "kappa": 0.0,
        "mode": "plain",
        "notes": "Constraint monitor defined from inconsistent discrete derivative operators. It is identically zero in the continuum, but captures numerical constraint violation behavior."
      }
    },
    {
      "causal_structure": {
        "energy_warning": "Einstein evolution requires constraints remain satisfied; numerical formulations often require constraint damping or careful gauges to prevent growth.",
        "horizon_radius": null,
        "radial_null_cone_dx_dt": {
          "ingoing": -1.0,
          "outgoing": 1.0
        },
        "region": "toy linearized evolution with constraints (numerical-relativity analog)"
      },
      "coordinates": {
        "step": 3050,
        "t": 1.5249999999998876
      },
      "curvature_invariants": {
        "kretschmann": null,
        "ricci_scalar": null
      },
      "local_observables": {
        "constraint_L2": 0.012389677731794653,
        "constraint_Linf": 0.017522879020982707,
        "kappa": 0.0,
        "mode": "plain",
        "notes": "Constraint monitor defined from inconsistent discrete derivative operators. It is identically zero in the continuum, but captures numerical constraint violation behavior."
      }
    },
    {
      "causal_structure": {
        "energy_warning": "Einstein evolution requires constraints remain satisfied; numerical formulations often require constraint damping or careful gauges to prevent growth.",
        "horizon_radius": null,
        "radial_null_cone_dx_dt": {
          "ingoing": -1.0,
          "outgoing": 1.0
        },
        "region": "toy linearized evolution with constraints (numerical-relativity analog)"
      },
      "coordinates": {
        "step": 3100,
        "t": 1.5499999999998848
      },
      "curvature_invariants": {
        "kretschmann": null,
        "ricci_scalar": null
      },
      "local_observables": {
        "constraint_L2": 0.020635169308540976,
        "constraint_Linf": 0.029171714114559766,
        "kappa": 0.0,
        "mode": "plain",
        "notes": "Constraint monitor defined from inconsistent discrete derivative operators. It is identically zero in the continuum, but captures numerical constraint violation behavior."
      }
    },
    {
      "causal_structure": {
        "energy_warning": "Einstein evolution requires constraints remain satisfied; numerical formulations often require constraint damping or careful gauges to prevent growth.",
        "horizon_radius": null,
        "radial_null_cone_dx_dt": {
          "ingoing": -1.0,
          "outgoing": 1.0
        },
        "region": "toy linearized evolution with constraints (numerical-relativity analog)"
      },
      "coordinates": {
        "step": 3150,
        "t": 1.574999999999882
      },
      "curvature_invariants": {
        "kretschmann": null,
        "ricci_scalar": null
      },
      "local_observables": {
        "constraint_L2": 0.02100444571323246,
        "constraint_Linf": 0.029710098913403815,
        "kappa": 0.0,
        "mode": "plain",
        "notes": "Constraint monitor defined from inconsistent discrete derivative operators. It is identically zero in the continuum, but captures numerical constraint violation behavior."
      }
    },
    {
      "causal_structure": {
        "energy_warning": "Einstein evolution requires constraints remain satisfied; numerical formulations often require constraint damping or careful gauges to prevent growth.",
        "horizon_radius": null,
        "radial_null_cone_dx_dt": {
          "ingoing": -1.0,
          "outgoing": 1.0
        },
        "region": "toy linearized evolution with constraints (numerical-relativity analog)"
      },
      "coordinates": {
        "step": 3200,
        "t": 1.5999999999998793
      },
      "curvature_invariants": {
        "kretschmann": null,
        "ricci_scalar": null
      },
      "local_observables": {
        "constraint_L2": 0.01335655965471503,
        "constraint_Linf": 0.018896618736840676,
        "kappa": 0.0,
        "mode": "plain",
        "notes": "Constraint monitor defined from inconsistent discrete derivative operators. It is identically zero in the continuum, but captures numerical constraint violation behavior."
      }
    },
    {
      "causal_structure": {
        "energy_warning": "Einstein evolution requires constraints remain satisfied; numerical formulations often require constraint damping or careful gauges to prevent growth.",
        "horizon_radius": null,
        "radial_null_cone_dx_dt": {
          "ingoing": -1.0,
          "outgoing": 1.0
        },
        "region": "toy linearized evolution with constraints (numerical-relativity analog)"
      },
      "coordinates": {
        "step": 3250,
        "t": 1.6249999999998765
      },
      "curvature_invariants": {
        "kretschmann": null,
        "ricci_scalar": null
      },
      "local_observables": {
        "constraint_L2": 0.000610659121926054,
        "constraint_Linf": 0.000853617370082313,
        "kappa": 0.0,
        "mode": "plain",
        "notes": "Constraint monitor defined from inconsistent discrete derivative operators. It is identically zero in the continuum, but captures numerical constraint violation behavior."
      }
    },
    {
      "causal_structure": {
        "energy_warning": "Einstein evolution requires constraints remain satisfied; numerical formulations often require constraint damping or careful gauges to prevent growth.",
        "horizon_radius": null,
        "radial_null_cone_dx_dt": {
          "ingoing": -1.0,
          "outgoing": 1.0
        },
        "region": "toy linearized evolution with constraints (numerical-relativity analog)"
      },
      "coordinates": {
        "step": 3300,
        "t": 1.6499999999998738
      },
      "curvature_invariants": {
        "kretschmann": null,
        "ricci_scalar": null
      },
      "local_observables": {
        "constraint_L2": 0.012368391482977702,
        "constraint_Linf": 0.0174931239534315,
        "kappa": 0.0,
        "mode": "plain",
        "notes": "Constraint monitor defined from inconsistent discrete derivative operators. It is identically zero in the continuum, but captures numerical constraint violation behavior."
      }
    },
    {
      "causal_structure": {
        "energy_warning": "Einstein evolution requires constraints remain satisfied; numerical formulations often require constraint damping or careful gauges to prevent growth.",
        "horizon_radius": null,
        "radial_null_cone_dx_dt": {
          "ingoing": -1.0,
          "outgoing": 1.0
        },
        "region": "toy linearized evolution with constraints (numerical-relativity analog)"
      },
      "coordinates": {
        "step": 3350,
        "t": 1.674999999999871
      },
      "curvature_invariants": {
        "kretschmann": null,
        "ricci_scalar": null
      },
      "local_observables": {
        "constraint_L2": 0.02062652894713397,
        "constraint_Linf": 0.029159431162567362,
        "kappa": 0.0,
        "mode": "plain",
        "notes": "Constraint monitor defined from inconsistent discrete derivative operators. It is identically zero in the continuum, but captures numerical constraint violation behavior."
      }
    },
    {
      "causal_structure": {
        "energy_warning": "Einstein evolution requires constraints remain satisfied; numerical formulations often require constraint damping or careful gauges to prevent growth.",
        "horizon_radius": null,
        "radial_null_cone_dx_dt": {
          "ingoing": -1.0,
          "outgoing": 1.0
        },
        "region": "toy linearized evolution with constraints (numerical-relativity analog)"
      },
      "coordinates": {
        "step": 3400,
        "t": 1.6999999999998683
      },
      "curvature_invariants": {
        "kretschmann": null,
        "ricci_scalar": null
      },
      "local_observables": {
        "constraint_L2": 0.02101174912704149,
        "constraint_Linf": 0.02972011782909023,
        "kappa": 0.0,
        "mode": "plain",
        "notes": "Constraint monitor defined from inconsistent discrete derivative operators. It is identically zero in the continuum, but captures numerical constraint violation behavior."
      }
    },
    {
      "causal_structure": {
        "energy_warning": "Einstein evolution requires constraints remain satisfied; numerical formulations often require constraint damping or careful gauges to prevent growth.",
        "horizon_radius": null,
        "radial_null_cone_dx_dt": {
          "ingoing": -1.0,
          "outgoing": 1.0
        },
        "region": "toy linearized evolution with constraints (numerical-relativity analog)"
      },
      "coordinates": {
        "step": 3450,
        "t": 1.7249999999998655
      },
      "curvature_invariants": {
        "kretschmann": null,
        "ricci_scalar": null
      },
      "local_observables": {
        "constraint_L2": 0.013377019366512298,
        "constraint_Linf": 0.018925804323293605,
        "kappa": 0.0,
        "mode": "plain",
        "notes": "Constraint monitor defined from inconsistent discrete derivative operators. It is identically zero in the continuum, but captures numerical constraint violation behavior."
      }
    },
    {
      "causal_structure": {
        "energy_warning": "Einstein evolution requires constraints remain satisfied; numerical formulations often require constraint damping or careful gauges to prevent growth.",
        "horizon_radius": null,
        "radial_null_cone_dx_dt": {
          "ingoing": -1.0,
          "outgoing": 1.0
        },
        "region": "toy linearized evolution with constraints (numerical-relativity analog)"
      },
      "coordinates": {
        "step": 3500,
        "t": 1.7499999999998628
      },
      "curvature_invariants": {
        "kretschmann": null,
        "ricci_scalar": null
      },
      "local_observables": {
        "constraint_L2": 0.0006364628826550608,
        "constraint_Linf": 0.000890270911022284,
        "kappa": 0.0,
        "mode": "plain",
        "notes": "Constraint monitor defined from inconsistent discrete derivative operators. It is identically zero in the continuum, but captures numerical constraint violation behavior."
      }
    },
    {
      "causal_structure": {
        "energy_warning": "Einstein evolution requires constraints remain satisfied; numerical formulations often require constraint damping or careful gauges to prevent growth.",
        "horizon_radius": null,
        "radial_null_cone_dx_dt": {
          "ingoing": -1.0,
          "outgoing": 1.0
        },
        "region": "toy linearized evolution with constraints (numerical-relativity analog)"
      },
      "coordinates": {
        "step": 3550,
        "t": 1.77499999999986
      },
      "curvature_invariants": {
        "kretschmann": null,
        "ricci_scalar": null
      },
      "local_observables": {
        "constraint_L2": 0.012347088015736356,
        "constraint_Linf": 0.017463342974031182,
        "kappa": 0.0,
        "mode": "plain",
        "notes": "Constraint monitor defined from inconsistent discrete derivative operators. It is identically zero in the continuum, but captures numerical constraint violation behavior."
      }
    },
    {
      "causal_structure": {
        "energy_warning": "Einstein evolution requires constraints remain satisfied; numerical formulations often require constraint damping or careful gauges to prevent growth.",
        "horizon_radius": null,
        "radial_null_cone_dx_dt": {
          "ingoing": -1.0,
          "outgoing": 1.0
        },
        "region": "toy linearized evolution with constraints (numerical-relativity analog)"
      },
      "coordinates": {
        "step": 3600,
        "t": 1.7999999999998573
      },
      "curvature_invariants": {
        "kretschmann": null,
        "ricci_scalar": null
      },
      "local_observables": {
        "constraint_L2": 0.020617859901775563,
        "constraint_Linf": 0.029147118660316274,
        "kappa": 0.0,
        "mode": "plain",
        "notes": "Constraint monitor defined from inconsistent discrete derivative operators. It is identically zero in the continuum, but captures numerical constraint violation behavior."
      }
    },
    {
      "causal_structure": {
        "energy_warning": "Einstein evolution requires constraints remain satisfied; numerical formulations often require constraint damping or careful gauges to prevent growth.",
        "horizon_radius": null,
        "radial_null_cone_dx_dt": {
          "ingoing": -1.0,
          "outgoing": 1.0
        },
        "region": "toy linearized evolution with constraints (numerical-relativity analog)"
      },
      "coordinates": {
        "step": 3650,
        "t": 1.8249999999998545
      },
      "curvature_invariants": {
        "kretschmann": null,
        "ricci_scalar": null
      },
      "local_observables": {
        "constraint_L2": 0.021019023350853393,
        "constraint_Linf": 0.029730090341240967,
        "kappa": 0.0,
        "mode": "plain",
        "notes": "Constraint monitor defined from inconsistent discrete derivative operators. It is identically zero in the continuum, but captures numerical constraint violation behavior."
      }
    },
    {
      "causal_structure": {
        "energy_warning": "Einstein evolution requires constraints remain satisfied; numerical formulations often require constraint damping or careful gauges to prevent growth.",
        "horizon_radius": null,
        "radial_null_cone_dx_dt": {
          "ingoing": -1.0,
          "outgoing": 1.0
        },
        "region": "toy linearized evolution with constraints (numerical-relativity analog)"
      },
      "coordinates": {
        "step": 3700,
        "t": 1.8499999999998518
      },
      "curvature_invariants": {
        "kretschmann": null,
        "ricci_scalar": null
      },
      "local_observables": {
        "constraint_L2": 0.013397460517902006,
        "constraint_Linf": 0.018954955750883462,
        "kappa": 0.0,
        "mode": "plain",
        "notes": "Constraint monitor defined from inconsistent discrete derivative operators. It is identically zero in the continuum, but captures numerical constraint violation behavior."
      }
    },
    {
      "causal_structure": {
        "energy_warning": "Einstein evolution requires constraints remain satisfied; numerical formulations often require constraint damping or careful gauges to prevent growth.",
        "horizon_radius": null,
        "radial_null_cone_dx_dt": {
          "ingoing": -1.0,
          "outgoing": 1.0
        },
        "region": "toy linearized evolution with constraints (numerical-relativity analog)"
      },
      "coordinates": {
        "step": 3750,
        "t": 1.874999999999849
      },
      "curvature_invariants": {
        "kretschmann": null,
        "ricci_scalar": null
      },
      "local_observables": {
        "constraint_L2": 0.0006622659683331634,
        "constraint_Linf": 0.0009269331706779071,
        "kappa": 0.0,
        "mode": "plain",
        "notes": "Constraint monitor defined from inconsistent discrete derivative operators. It is identically zero in the continuum, but captures numerical constraint violation behavior."
      }
    },
    {
      "causal_structure": {
        "energy_warning": "Einstein evolution requires constraints remain satisfied; numerical formulations often require constraint damping or careful gauges to prevent growth.",
        "horizon_radius": null,
        "radial_null_cone_dx_dt": {
          "ingoing": -1.0,
          "outgoing": 1.0
        },
        "region": "toy linearized evolution with constraints (numerical-relativity analog)"
      },
      "coordinates": {
        "step": 3800,
        "t": 1.8999999999998463
      },
      "curvature_invariants": {
        "kretschmann": null,
        "ricci_scalar": null
      },
      "local_observables": {
        "constraint_L2": 0.012325767359579822,
        "constraint_Linf": 0.017433535773795805,
        "kappa": 0.0,
        "mode": "plain",
        "notes": "Constraint monitor defined from inconsistent discrete derivative operators. It is identically zero in the continuum, but captures numerical constraint violation behavior."
      }
    },
    {
      "causal_structure": {
        "energy_warning": "Einstein evolution requires constraints remain satisfied; numerical formulations often require constraint damping or careful gauges to prevent growth.",
        "horizon_radius": null,
        "radial_null_cone_dx_dt": {
          "ingoing": -1.0,
          "outgoing": 1.0
        },
        "region": "toy linearized evolution with constraints (numerical-relativity analog)"
      },
      "coordinates": {
        "step": 3850,
        "t": 1.9249999999998435
      },
      "curvature_invariants": {
        "kretschmann": null,
        "ricci_scalar": null
      },
      "local_observables": {
        "constraint_L2": 0.020609162184409592,
        "constraint_Linf": 0.029134776679609065,
        "kappa": 0.0,
        "mode": "plain",
        "notes": "Constraint monitor defined from inconsistent discrete derivative operators. It is identically zero in the continuum, but captures numerical constraint violation behavior."
      }
    },
    {
      "causal_structure": {
        "energy_warning": "Einstein evolution requires constraints remain satisfied; numerical formulations often require constraint damping or careful gauges to prevent growth.",
        "horizon_radius": null,
        "radial_null_cone_dx_dt": {
          "ingoing": -1.0,
          "outgoing": 1.0
        },
        "region": "toy linearized evolution with constraints (numerical-relativity analog)"
      },
      "coordinates": {
        "step": 3900,
        "t": 1.9499999999998407
      },
      "curvature_invariants": {
        "kretschmann": null,
        "ricci_scalar": null
      },
      "local_observables": {
        "constraint_L2": 0.021026268374658822,
        "constraint_Linf": 0.029740016753721843,
        "kappa": 0.0,
        "mode": "plain",
        "notes": "Constraint monitor defined from inconsistent discrete derivative operators. It is identically zero in the continuum, but captures numerical constraint violation behavior."
      }
    },
    {
      "causal_structure": {
        "energy_warning": "Einstein evolution requires constraints remain satisfied; numerical formulations often require constraint damping or careful gauges to prevent growth.",
        "horizon_radius": null,
        "radial_null_cone_dx_dt": {
          "ingoing": -1.0,
          "outgoing": 1.0
        },
        "region": "toy linearized evolution with constraints (numerical-relativity analog)"
      },
      "coordinates": {
        "step": 3950,
        "t": 1.974999999999838
      },
      "curvature_invariants": {
        "kretschmann": null,
        "ricci_scalar": null
      },
      "local_observables": {
        "constraint_L2": 0.01341788308015479,
        "constraint_Linf": 0.01898407273020064,
        "kappa": 0.0,
        "mode": "plain",
        "notes": "Constraint monitor defined from inconsistent discrete derivative operators. It is identically zero in the continuum, but captures numerical constraint violation behavior."
      }
    },
    {
      "causal_structure": {
        "energy_warning": "Einstein evolution requires constraints remain satisfied; numerical formulations often require constraint damping or careful gauges to prevent growth.",
        "horizon_radius": null,
        "radial_null_cone_dx_dt": {
          "ingoing": -1.0,
          "outgoing": 1.0
        },
        "region": "toy linearized evolution with constraints (numerical-relativity analog)"
      },
      "coordinates": {
        "step": 4000,
        "t": 1.9999999999998352
      },
      "curvature_invariants": {
        "kretschmann": null,
        "ricci_scalar": null
      },
      "local_observables": {
        "constraint_L2": 0.0006880683288046835,
        "constraint_Linf": 0.0009636039272938324,
        "kappa": 0.0,
        "mode": "plain",
        "notes": "Constraint monitor defined from inconsistent discrete derivative operators. It is identically zero in the continuum, but captures numerical constraint violation behavior."
      }
    }
  ],
  "spacetime": "ADM-like constrained evolution toy (1D linear wave with constraint monitor)",
  "theory": "General Relativity (numerical formulation / constraint propagation analog)",
  "toy_id": "040",
  "units": {
    "G": 1,
    "c": 1
  }
}